reviewStatus,compilerDecision,compilerNotes,draftDocumentNumber,compilerNumber,chapter,date,headingDraft,title,participants,releaseStatus,accessRestriction,pageCount,naid,catalogDerivedSourceNote,currentSourceNote,sourceNoteGaps,scheduleEvidence,catalogUrl,pdfUrl
,,,1,1.001,Greece,1989-05-30,Memorandum of Conversation,"Meeting with Andreas Papandreaou, Prime Minister of Greece, May 30, 1989",George H. W. Bush; Andreas Papandreou,Full,Unrestricted,3,428082497,"Source: George H.W. Bush Library, Bush Presidential Records, National Security Council, Presidential Telcon Files, Meeting with Andreas Papandreaou, Prime Minister of Greece, May 30, 1989. Catalog access: Unrestricted. Release status: Full. NAID 428082497.","Source: George H.W. Bush Library, Bush Presidential Records, National Security Council, Presidential Telcon Files, Meeting with Andreas Papandreaou, Prime Minister of Greece, May 30, 1989. Release status: Full. NAID 428082497.",Confirm classification marking from PDF | Confirm place/time and drafting/clearance details from text | Replace Catalog-only release/access wording with final FRUS editorial wording where needed | Verify document type against source series: memcon-type title is cataloged in Presidential Telcon Files | Resolve data-quality issue(s): Name/title spelling variant (Doc 1.001); Schedule title caveat (Doc 1.001 / Schedule NAID 415889858),[Presidential Daily Diary] 5/30/1989 [EMPTY] - NAID 415889858 || [Presidential Daily Backup] 5/30/1989 - NAID 415889859,https://catalog.archives.gov/id/428082497,https://s3.us-east-1.amazonaws.com/NARAprodstorage/lz/presidential-libraries/bush/gb-nsc/321498039/1989-05-30--Papandreou.pdf
,,,2,1.002,Greece,1989-10-24,Memorandum of Conversation,"Presentation of Credentials by Christos Zacharakis, Ambassador of Greece",George H. W. Bush; Christos Zacharakis,Full,Unrestricted,3,428080281,"Source: George H.W. Bush Library, Bush Presidential Records, National Security Council, Presidential Memcon Files, Presentation of Credentials by Christos Zacharakis, Ambassador of Greece. Catalog access: Unrestricted. Release status: Full. NAID 428080281.","Source: George H.W. Bush Library, Bush Presidential Records, National Security Council, Presidential Memcon Files, Presentation of Credentials by Christos Zacharakis, Ambassador of Greece. Release status: Full. NAID 428080281.",Confirm classification marking from PDF | Confirm place/time and drafting/clearance details from text | Replace Catalog-only release/access wording with final FRUS editorial wording where needed,[Presidential Daily Diary] 10/24/1989 - NAID 415890152 || [Presidential Daily Backup] 10/24/1989 - NAID 415890153,https://catalog.archives.gov/id/428080281,https://s3.us-east-1.amazonaws.com/NARAprodstorage/lz/presidential-libraries/bush/gb-nsc/321498039/1989-10-24--Zacharakis.pdf
,,,3,1.003,Greece,1989-11-27,Memorandum of Telephone Conversation,"Telephone Call to Prime Minister Xenofon Zolotas of Greece, November 27, 1989",George H. W. Bush; Xenofon Zolotas,Full,Unrestricted,2,428080371,"Source: George H.W. Bush Library, Bush Presidential Records, National Security Council, Presidential Telcon Files, Telephone Call to Prime Minister Xenofon Zolotas of Greece, November 27, 1989. Catalog access: Unrestricted. Release status: Full. NAID 428080371.","Source: George H.W. Bush Library, Bush Presidential Records, National Security Council, Presidential Telcon Files, Telephone Call to Prime Minister Xenofon Zolotas of Greece, November 27, 1989. Release status: Full. NAID 428080371.",Confirm classification marking from PDF | Confirm place/time and drafting/clearance details from text | Replace Catalog-only release/access wording with final FRUS editorial wording where needed | Resolve data-quality issue(s): Schedule title caveat (Doc 1.003 / Schedule NAID 415890220),[Presidential Daily Diary] 11/27/1989 [EMPTY] - NAID 415890220 || [Presidential Daily Backup] 11/27/1989 - NAID 415890221,https://catalog.archives.gov/id/428080371,https://s3.us-east-1.amazonaws.com/NARAprodstorage/lz/presidential-libraries/bush/gb-nsc/321498139/1989-11-27--Zolotas.pdf
,,,4,1.004,Greece,1990-06-06,Memorandum of Conversation,"Meeting and Lunch with Prime Minister Mitsotakis, June 6, 1990",George H. W. Bush; Constantine Mitsotakis,Full,Unrestricted,11,428080735,"Source: George H.W. Bush Library, Bush Presidential Records, National Security Council, Presidential Memcon Files, Meeting and Lunch with Prime Minister Mitsotakis, June 6, 1990. Catalog access: Unrestricted. Release status: Full. NAID 428080735.","Source: George H.W. Bush Library, Bush Presidential Records, National Security Council, Presidential Memcon Files, Meeting and Lunch with Prime Minister Mitsotakis, June 6, 1990. Release status: Full. NAID 428080735.",Confirm classification marking from PDF | Confirm place/time and drafting/clearance details from text | Replace Catalog-only release/access wording with final FRUS editorial wording where needed,[Presidential Daily Diary] 6/6/1990 - NAID 415890602 || [Presidential Daily Backup] 6/6/1990 - NAID 415890603,https://catalog.archives.gov/id/428080735,https://s3.us-east-1.amazonaws.com/NARAprodstorage/lz/presidential-libraries/bush/gb-nsc/321498039/1990-06-06--Mitsotakis.pdf
,,,5,1.005,Greece,1990-08-22,Memorandum of Telephone Conversation,"Telephone Conversation with Prime Minister Constantine Mitsotakis of Greece, August 22, 1990",George H. W. Bush; Constantine Mitsotakis,Full,Unrestricted,3,428080965,"Source: George H.W. Bush Library, Bush Presidential Records, National Security Council, Presidential Telcon Files, Telephone Conversation with Prime Minister Constantine Mitsotakis of Greece, August 22, 1990. Catalog access: Unrestricted. Release status: Full. NAID 428080965.","Source: George H.W. Bush Library, Bush Presidential Records, National Security Council, Presidential Telcon Files, Telephone Conversation with Prime Minister Constantine Mitsotakis of Greece, August 22, 1990. Release status: Full. NAID 428080965.",Confirm classification marking from PDF | Confirm place/time and drafting/clearance details from text | Replace Catalog-only release/access wording with final FRUS editorial wording where needed | Resolve data-quality issue(s): Schedule title caveat (Doc 1.005 / Schedule NAID 415890756),[Presidential Daily Diary] 8/22/1990 [EMPTY] - NAID 415890756 || [Presidential Daily Backup] 8/22/1990 - NAID 415890757,https://catalog.archives.gov/id/428080965,https://s3.us-east-1.amazonaws.com/NARAprodstorage/lz/presidential-libraries/bush/gb-nsc/321498139/1990-08-22--Mitsotakis.pdf
,,,6,1.006,Greece,1990-11-21,Memorandum of Conversation,"Meeting with Prime Minister Mitsotakis of Greece, November 21, 1990",George H. W. Bush; Constantine Mitsotakis,Full,Unrestricted,4,428081201,"Source: George H.W. Bush Library, Bush Presidential Records, National Security Council, Presidential Memcon Files, Meeting with Prime Minister Mitsotakis of Greece, November 21, 1990. Catalog access: Unrestricted. Release status: Full. NAID 428081201.","Source: George H.W. Bush Library, Bush Presidential Records, National Security Council, Presidential Memcon Files, Meeting with Prime Minister Mitsotakis of Greece, November 21, 1990. Release status: Full. NAID 428081201.",Confirm classification marking from PDF | Confirm place/time and drafting/clearance details from text | Replace Catalog-only release/access wording with final FRUS editorial wording where needed | Resolve data-quality issue(s): Schedule title caveat (Doc 1.006 / Schedule NAID 415890940),[Presidential Daily Diary] 11/21/1990 [EMPTY] - NAID 415890940 || [Presidential Daily Backup] 11/21/1990 - NAID 415890941,https://catalog.archives.gov/id/428081201,https://s3.us-east-1.amazonaws.com/NARAprodstorage/lz/presidential-libraries/bush/gb-nsc/321498039/1990-11-21--Mitsotakis.pdf
,,,7,1.007,Greece,1991-01-14,Memorandum of Telephone Conversation,"Telephone Conversation with Prime Minister Constantine Mitsotakis of Greece, January 14, 1991",George H. W. Bush; Constantine Mitsotakis,Full,Unrestricted,2,428081343,"Source: George H.W. Bush Library, Bush Presidential Records, National Security Council, Presidential Telcon Files, Telephone Conversation with Prime Minister Constantine Mitsotakis of Greece, January 14, 1991. Catalog access: Unrestricted. Release status: Full. NAID 428081343.","Source: George H.W. Bush Library, Bush Presidential Records, National Security Council, Presidential Telcon Files, Telephone Conversation with Prime Minister Constantine Mitsotakis of Greece, January 14, 1991. Release status: Full. NAID 428081343.",Confirm classification marking from PDF | Confirm place/time and drafting/clearance details from text | Replace Catalog-only release/access wording with final FRUS editorial wording where needed,[Presidential Daily Diary] 1/14/1991 - NAID 415891048 || [Presidential Daily Backup] 1/14/1991 - NAID 415891049,https://catalog.archives.gov/id/428081343,https://s3.us-east-1.amazonaws.com/NARAprodstorage/lz/presidential-libraries/bush/gb-nsc/321498139/1991-01-14--Mitsotakis.pdf
,,,8,1.008,Greece,1991-07-18,Memorandum of Conversation,"President's Expanded Meeting with Prime Minister Mitsotakis of Greece, Ju 1 y 18, 1991",George H. W. Bush; Constantine Mitsotakis,Full,Unrestricted,6,428081777,"Source: George H.W. Bush Library, Bush Presidential Records, National Security Council, Presidential Memcon Files, President's Expanded Meeting with Prime Minister Mitsotakis of Greece, Ju 1 y 18, 1991. Catalog access: Unrestricted. Release status: Full. NAID 428081777.","Source: George H.W. Bush Library, Bush Presidential Records, National Security Council, Presidential Memcon Files, President's Expanded Meeting with Prime Minister Mitsotakis of Greece, Ju 1 y 18, 1991. Release status: Full. NAID 428081777.",Confirm classification marking from PDF | Confirm place/time and drafting/clearance details from text | Replace Catalog-only release/access wording with final FRUS editorial wording where needed,[Presidential Daily Diary] 7/18/1991 - NAID 415891419 || [Presidential Daily Backup] 7/18/1991 - NAID 415891420,https://catalog.archives.gov/id/428081777,https://s3.us-east-1.amazonaws.com/NARAprodstorage/lz/presidential-libraries/bush/gb-nsc/321498039/1991-07-18--Mitsotakis.pdf
,,,9,1.009,Greece,1991-12-12,Memorandum of Conversation,"Meeting with Prime Minister Constantine Mitsotakis of Greece, December 12, 1991 (1 of 3)",George H. W. Bush; Constantine Mitsotakis,Full,Unrestricted,3,428082071,"Source: George H.W. Bush Library, Bush Presidential Records, National Security Council, Presidential Memcon Files, Meeting with Prime Minister Constantine Mitsotakis of Greece, December 12, 1991 (1 of 3). Catalog access: Unrestricted. Release status: Full. NAID 428082071.","Source: George H.W. Bush Library, Bush Presidential Records, National Security Council, Presidential Memcon Files, Meeting with Prime Minister Constantine Mitsotakis of Greece, December 12, 1991 (1 of 3). Release status: Full. NAID 428082071.",Confirm classification marking from PDF | Confirm place/time and drafting/clearance details from text | Replace Catalog-only release/access wording with final FRUS editorial wording where needed,[Presidential Daily Diary] 12/12/1991 - NAID 415891716 || [Presidential Daily Backup] 12/12/1991 - NAID 415891717,https://catalog.archives.gov/id/428082071,https://s3.us-east-1.amazonaws.com/NARAprodstorage/lz/presidential-libraries/bush/gb-nsc/321498039/1991-12-12--Mitsotakis-1.pdf
,,,10,1.010,Greece,1991-12-12,Memorandum of Conversation,"Meeting with Prime Minister Constantine Mitsotakis of Greece, December 12, 1991 (2 of 3)",George H. W. Bush; Constantine Mitsotakis,Partial,Restricted - Partly,7,428082073,"Source: George H.W. Bush Library, Bush Presidential Records, National Security Council, Presidential Memcon Files, Meeting with Prime Minister Constantine Mitsotakis of Greece, December 12, 1991 (2 of 3). Catalog access: Restricted - Partly. Release status: Partial. NAID 428082073.","Source: George H.W. Bush Library, Bush Presidential Records, National Security Council, Presidential Memcon Files, Meeting with Prime Minister Constantine Mitsotakis of Greece, December 12, 1991 (2 of 3). Release status: Partial. NAID 428082073.",Confirm classification marking from PDF | Confirm place/time and drafting/clearance details from text | Replace Catalog-only release/access wording with final FRUS editorial wording where needed | Resolve release/marker status before final selection,[Presidential Daily Diary] 12/12/1991 - NAID 415891716 || [Presidential Daily Backup] 12/12/1991 - NAID 415891717,https://catalog.archives.gov/id/428082073,https://s3.us-east-1.amazonaws.com/NARAprodstorage/lz/presidential-libraries/bush/gb-nsc/321498039/1991-12-12--Mitsotakis-2.pdf
,,,11,1.011,Greece,1991-12-12,Memorandum of Conversation,"Meeting with Prime Minister Constantine Mitsotakis of Greece, December 12, 1991 (3 of 3)",George H. W. Bush; Constantine Mitsotakis,Full,Unrestricted,5,428082075,"Source: George H.W. Bush Library, Bush Presidential Records, National Security Council, Presidential Memcon Files, Meeting with Prime Minister Constantine Mitsotakis of Greece, December 12, 1991 (3 of 3). Catalog access: Unrestricted. Release status: Full. NAID 428082075.","Source: George H.W. Bush Library, Bush Presidential Records, National Security Council, Presidential Memcon Files, Meeting with Prime Minister Constantine Mitsotakis of Greece, December 12, 1991 (3 of 3). Release status: Full. NAID 428082075.",Confirm classification marking from PDF | Confirm place/time and drafting/clearance details from text | Replace Catalog-only release/access wording with final FRUS editorial wording where needed,[Presidential Daily Diary] 12/12/1991 - NAID 415891716 || [Presidential Daily Backup] 12/12/1991 - NAID 415891717,https://catalog.archives.gov/id/428082075,https://s3.us-east-1.amazonaws.com/NARAprodstorage/lz/presidential-libraries/bush/gb-nsc/321498039/1991-12-12--Mitsotakis-3.pdf
,,,12,1.012,Greece,1992-06-10,Memorandum of Telephone Conversation,"Telcon with Constantine Mitsotakis, Prime Minister of Greece, June 10, 1992",George H. W. Bush; Constantine Mitsotakis,Full,Unrestricted,3,428082239,"Source: George H.W. Bush Library, Bush Presidential Records, National Security Council, Presidential Telcon Files, Telcon with Constantine Mitsotakis, Prime Minister of Greece, June 10, 1992. Catalog access: Unrestricted. Release status: Full. NAID 428082239.","Source: George H.W. Bush Library, Bush Presidential Records, National Security Council, Presidential Telcon Files, Telcon with Constantine Mitsotakis, Prime Minister of Greece, June 10, 1992. Release status: Full. NAID 428082239.",Confirm classification marking from PDF | Confirm place/time and drafting/clearance details from text | Replace Catalog-only release/access wording with final FRUS editorial wording where needed,[Presidential Daily Diary] 6/10/1992 - NAID 415892082 || [Presidential Daily Backup] 6/10/1992 - NAID 415892083,https://catalog.archives.gov/id/428082239,https://s3.us-east-1.amazonaws.com/NARAprodstorage/lz/presidential-libraries/bush/gb-nsc/321498139/1992-06-10--Mitsotakis.pdf
,,,13,1.013,Greece,1992-07-09,Memorandum of Conversation,"Meeting With Prime Minister Constantine Mitsotakis of Greece, July 9, 1992",George H. W. Bush; Constantine Mitsotakis,Full,Unrestricted,5,428082291,"Source: George H.W. Bush Library, Bush Presidential Records, National Security Council, Presidential Memcon Files, Meeting With Prime Minister Constantine Mitsotakis of Greece, July 9, 1992. Catalog access: Unrestricted. Release status: Full. NAID 428082291.","Source: George H.W. Bush Library, Bush Presidential Records, National Security Council, Presidential Memcon Files, Meeting With Prime Minister Constantine Mitsotakis of Greece, July 9, 1992. Release status: Full. NAID 428082291.",Confirm classification marking from PDF | Confirm place/time and drafting/clearance details from text | Replace Catalog-only release/access wording with final FRUS editorial wording where needed | Resolve data-quality issue(s): Schedule title caveat (Doc 1.013 / Schedule NAID 415892141),[Presidential Daily Diary] 7/9/1992 [EMPTY] - NAID 415892141 || [Presidential Daily Backup] 7/9/1992 - NAID 415892142,https://catalog.archives.gov/id/428082291,https://s3.us-east-1.amazonaws.com/NARAprodstorage/lz/presidential-libraries/bush/gb-nsc/321498039/1992-07-09--Mitsotakis.pdf
,,,14,1.014,Greece,1992-11-17,Memorandum of Conversation,"Meeting with Prime Minister Mitsotakis of Greece, November 17, 1992",George H. W. Bush; Constantine Mitsotakis,Full,Unrestricted,7,428082333,"Source: George H.W. Bush Library, Bush Presidential Records, National Security Council, Presidential Memcon Files, Meeting with Prime Minister Mitsotakis of Greece, November 17, 1992. Catalog access: Unrestricted. Release status: Full. NAID 428082333.","Source: George H.W. Bush Library, Bush Presidential Records, National Security Council, Presidential Memcon Files, Meeting with Prime Minister Mitsotakis of Greece, November 17, 1992. Release status: Full. NAID 428082333.",Confirm classification marking from PDF | Confirm place/time and drafting/clearance details from text | Replace Catalog-only release/access wording with final FRUS editorial wording where needed,[Presidential Daily Diary] 11/17/1992 - NAID 415892404 || [Presidential Daily Backup] 11/17/1992 - NAID 415892405,https://catalog.archives.gov/id/428082333,https://s3.us-east-1.amazonaws.com/NARAprodstorage/lz/presidential-libraries/bush/gb-nsc/321498039/1992-11-17--Mitsotakis.pdf
,,,15,2.001,Cyprus,1989-10-04,Memorandum of Conversation,"Meeting with George Vassiliou, President of Cyprus",George H. W. Bush; George Vassiliou,Full,Unrestricted,6,428080249,"Source: George H.W. Bush Library, Bush Presidential Records, National Security Council, Presidential Memcon Files, Meeting with George Vassiliou, President of Cyprus. Catalog access: Unrestricted. Release status: Full. NAID 428080249.","Source: George H.W. Bush Library, Bush Presidential Records, National Security Council, Presidential Memcon Files, Meeting with George Vassiliou, President of Cyprus. Release status: Full. NAID 428080249.",Confirm classification marking from PDF | Confirm place/time and drafting/clearance details from text | Replace Catalog-only release/access wording with final FRUS editorial wording where needed,[Presidential Daily Diary] 10/4/1989 - NAID 415890112 || [Presidential Daily Backup] 10/4/1989 - NAID 415890113,https://catalog.archives.gov/id/428080249,https://s3.us-east-1.amazonaws.com/NARAprodstorage/lz/presidential-libraries/bush/gb-nsc/321498039/1989-10-04--Vassiliou.pdf
,,,16,2.002,Cyprus,1990-08-25,Memorandum of Telephone Conversation,"Telephone Conversation with President George Vassiliou of Cyprus, August 25, 1990",George H. W. Bush; George Vassiliou,Full,Unrestricted,3,428080971,"Source: George H.W. Bush Library, Bush Presidential Records, National Security Council, Presidential Telcon Files, Telephone Conversation with President George Vassiliou of Cyprus, August 25, 1990. Catalog access: Unrestricted. Release status: Full. NAID 428080971.","Source: George H.W. Bush Library, Bush Presidential Records, National Security Council, Presidential Telcon Files, Telephone Conversation with President George Vassiliou of Cyprus, August 25, 1990. Release status: Full. NAID 428080971.",Confirm classification marking from PDF | Confirm place/time and drafting/clearance details from text | Replace Catalog-only release/access wording with final FRUS editorial wording where needed | Resolve data-quality issue(s): Schedule title caveat (Doc 2.002 / Schedule NAID 415890762),[Presidential Daily Diary] 8/25/1990 [EMPTY] - NAID 415890762 || [Presidential Daily Backup] 8/25/1990 - NAID 415890763,https://catalog.archives.gov/id/428080971,https://s3.us-east-1.amazonaws.com/NARAprodstorage/lz/presidential-libraries/bush/gb-nsc/321498139/1990-08-25--Vassiliou.pdf
,,,17,2.003,Cyprus,1992-03-30,Memorandum of Conversation,"Meeting with George Vassiliou, President of Cyprus, March 30, 1992",George H. W. Bush; George Vassiliou,Partial,Restricted - Partly,6,428082149,"Source: George H.W. Bush Library, Bush Presidential Records, National Security Council, Presidential Memcon Files, Meeting with George Vassiliou, President of Cyprus, March 30, 1992. Catalog access: Restricted - Partly. Release status: Partial. NAID 428082149.","Source: George H.W. Bush Library, Bush Presidential Records, National Security Council, Presidential Memcon Files, Meeting with George Vassiliou, President of Cyprus, March 30, 1992. Release status: Partial. NAID 428082149.",Confirm classification marking from PDF | Confirm place/time and drafting/clearance details from text | Replace Catalog-only release/access wording with final FRUS editorial wording where needed | Resolve release/marker status before final selection,[Presidential Daily Diary] 3/30/1992 - NAID 415891936 || [Presidential Daily Backup] 3/30/1992 - NAID 415891937,https://catalog.archives.gov/id/428082149,https://s3.us-east-1.amazonaws.com/NARAprodstorage/lz/presidential-libraries/bush/gb-nsc/321498039/1992-03-30--Vassiliou.pdf
,,,18,3.001,Turkey,1989-02-24,Memorandum of Conversation,"President's Meeting with Prime Minister Turgut Ozal of Turkey, February 24, 1989",George H. W. Bush; Turgut Ozal,Full,Unrestricted,5,428079863,"Source: George H.W. Bush Library, Bush Presidential Records, National Security Council, Presidential Memcon Files, President's Meeting with Prime Minister Turgut Ozal of Turkey, February 24, 1989. Catalog access: Unrestricted. Release status: Full. NAID 428079863.","Source: George H.W. Bush Library, Bush Presidential Records, National Security Council, Presidential Memcon Files, President's Meeting with Prime Minister Turgut Ozal of Turkey, February 24, 1989. Release status: Full. NAID 428079863.",Confirm classification marking from PDF | Confirm place/time and drafting/clearance details from text | Replace Catalog-only release/access wording with final FRUS editorial wording where needed | Resolve data-quality issue(s): Schedule title caveat (Doc 3.001 / Schedule NAID 415889668),[Presidential Daily Diary] 2/24/1989 [EMPTY] - NAID 415889668 || [Presidential Daily Backup] 2/24/1989 - NAID 415889669,https://catalog.archives.gov/id/428079863,https://s3.us-east-1.amazonaws.com/NARAprodstorage/lz/presidential-libraries/bush/gb-nsc/321498039/1989-02-24--Ozal.pdf
,,,19,3.002,Turkey,1989-05-29,Editorial Note / Document Search Pending,"Meeting with Prime Minister Turgut Ozal of Turkey, May 29, 1989 (no Memcon)",George H. W. Bush; Turgut Ozal,Marker / no memorandum listed,Unrestricted,2,428082487,"Source: George H.W. Bush Library, Bush Presidential Records, National Security Council, Presidential Telcon Files, Meeting with Prime Minister Turgut Ozal of Turkey, May 29, 1989 (no Memcon). Catalog access: Unrestricted. Release status: Marker / no memorandum listed. NAID 428082487.","Source: George H.W. Bush Library, Bush Presidential Records, National Security Council, Presidential Telcon Files, Meeting with Prime Minister Turgut Ozal of Turkey, May 29, 1989 (no Memcon). Release status: Marker / no memorandum listed. NAID 428082487.",Confirm classification marking from PDF | Confirm place/time and drafting/clearance details from text | Replace Catalog-only release/access wording with final FRUS editorial wording where needed | Resolve release/marker status before final selection | Verify document type against source series: memcon-type title is cataloged in Presidential Telcon Files | Resolve data-quality issue(s): Filename/date mismatch (Doc 3.002 / Schedule NAID 415889856); Filename/date mismatch (Doc 3.002 / Schedule NAID 415889857); Schedule title caveat (Doc 3.002 / Schedule NAID 415889856),[Presidential Daily Diary] 5/29/1989 [EMPTY] - NAID 415889856 || [Presidential Daily Backup] 5/29/1989 - NAID 415889857,https://catalog.archives.gov/id/428082487,https://s3.us-east-1.amazonaws.com/NARAprodstorage/lz/presidential-libraries/bush/gb-nsc/321498039/1989-05-29--Ozal.pdf
,,,20,3.003,Turkey,1989-07-03,Memorandum of Telephone Conversation,"Telephone Call to Prime Minister Turgut Ozal of Turkey, July 3, 1989",George H. W. Bush; Turgut Ozal,Full,Unrestricted,3,428080111,"Source: George H.W. Bush Library, Bush Presidential Records, National Security Council, Presidential Telcon Files, Telephone Call to Prime Minister Turgut Ozal of Turkey, July 3, 1989. Catalog access: Unrestricted. Release status: Full. NAID 428080111.","Source: George H.W. Bush Library, Bush Presidential Records, National Security Council, Presidential Telcon Files, Telephone Call to Prime Minister Turgut Ozal of Turkey, July 3, 1989. Release status: Full. NAID 428080111.",Confirm classification marking from PDF | Confirm place/time and drafting/clearance details from text | Replace Catalog-only release/access wording with final FRUS editorial wording where needed | Resolve data-quality issue(s): Schedule title caveat (Doc 3.003 / Schedule NAID 415889926),[Presidential Daily Diary] 7/3/1989 [EMPTY] - NAID 415889926 || [Presidential Daily Backup] 7/3/1989 - NAID 415889927,https://catalog.archives.gov/id/428080111,https://s3.us-east-1.amazonaws.com/NARAprodstorage/lz/presidential-libraries/bush/gb-nsc/321498139/1989-07-03--Ozal.pdf
,,,21,3.004,Turkey,1989-08-01,Memorandum of Telephone Conversation,"Telephone Call to President Kenan Evren of Turkey, August 1, 1989",George H. W. Bush; Kenan Evren,Full,Unrestricted,4,428080149,"Source: George H.W. Bush Library, Bush Presidential Records, National Security Council, Presidential Telcon Files, Telephone Call to President Kenan Evren of Turkey, August 1, 1989. Catalog access: Unrestricted. Release status: Full. NAID 428080149.","Source: George H.W. Bush Library, Bush Presidential Records, National Security Council, Presidential Telcon Files, Telephone Call to President Kenan Evren of Turkey, August 1, 1989. Release status: Full. NAID 428080149.",Confirm classification marking from PDF | Confirm place/time and drafting/clearance details from text | Replace Catalog-only release/access wording with final FRUS editorial wording where needed,[Presidential Daily Diary] 8/1/1989 - NAID 415889984 || [Presidential Daily Backup] 8/1/1989 - NAID 415889985,https://catalog.archives.gov/id/428080149,https://s3.us-east-1.amazonaws.com/NARAprodstorage/lz/presidential-libraries/bush/gb-nsc/321498139/1989-08-01--Evren.pdf
,,,22,3.005,Turkey,1989-08-01,Memorandum of Telephone Conversation,"Telephone Call to Prime Minister Turgut Ozal of Turkey, August 1, 1989",George H. W. Bush; Turgut Ozal,Full,Unrestricted,3,428080153,"Source: George H.W. Bush Library, Bush Presidential Records, National Security Council, Presidential Telcon Files, Telephone Call to Prime Minister Turgut Ozal of Turkey, August 1, 1989. Catalog access: Unrestricted. Release status: Full. NAID 428080153.","Source: George H.W. Bush Library, Bush Presidential Records, National Security Council, Presidential Telcon Files, Telephone Call to Prime Minister Turgut Ozal of Turkey, August 1, 1989. Release status: Full. NAID 428080153.",Confirm classification marking from PDF | Confirm place/time and drafting/clearance details from text | Replace Catalog-only release/access wording with final FRUS editorial wording where needed,[Presidential Daily Diary] 8/1/1989 - NAID 415889984 || [Presidential Daily Backup] 8/1/1989 - NAID 415889985,https://catalog.archives.gov/id/428080153,https://s3.us-east-1.amazonaws.com/NARAprodstorage/lz/presidential-libraries/bush/gb-nsc/321498139/1989-08-01--Ozal.pdf
,,,23,3.006,Turkey,1989-10-02,Memorandum of Telephone Conversation,"Telephone Conversation with Turgut Ozal, Prime Minister of Republic of Turkey",George H. W. Bush; Turgut Ozal,Full,Unrestricted,3,428080269,"Source: George H.W. Bush Library, Bush Presidential Records, National Security Council, Presidential Telcon Files, Telephone Conversation with Turgut Ozal, Prime Minister of Republic of Turkey. Catalog access: Unrestricted. Release status: Full. NAID 428080269.","Source: George H.W. Bush Library, Bush Presidential Records, National Security Council, Presidential Telcon Files, Telephone Conversation with Turgut Ozal, Prime Minister of Republic of Turkey. Release status: Full. NAID 428080269.",Confirm classification marking from PDF | Confirm place/time and drafting/clearance details from text | Replace Catalog-only release/access wording with final FRUS editorial wording where needed,[Presidential Daily Diary] 10/2/1989 - NAID 415890108 || [Presidential Daily Backup] 10/2/1989 - NAID 415890109,https://catalog.archives.gov/id/428080269,https://s3.us-east-1.amazonaws.com/NARAprodstorage/lz/presidential-libraries/bush/gb-nsc/321498139/1989-10-02--Ozal.pdf
,,,24,3.007,Turkey,1989-11-27,Memorandum of Telephone Conversation,"Telephone Call to President Turgut Ozal of Turkey, November 27, 1989",George H. W. Bush; Turgut Ozal,Full,Unrestricted,3,428080363,"Source: George H.W. Bush Library, Bush Presidential Records, National Security Council, Presidential Telcon Files, Telephone Call to President Turgut Ozal of Turkey, November 27, 1989. Catalog access: Unrestricted. Release status: Full. NAID 428080363.","Source: George H.W. Bush Library, Bush Presidential Records, National Security Council, Presidential Telcon Files, Telephone Call to President Turgut Ozal of Turkey, November 27, 1989. Release status: Full. NAID 428080363.",Confirm classification marking from PDF | Confirm place/time and drafting/clearance details from text | Replace Catalog-only release/access wording with final FRUS editorial wording where needed | Resolve data-quality issue(s): Schedule title caveat (Doc 3.007 / Schedule NAID 415890220),[Presidential Daily Diary] 11/27/1989 [EMPTY] - NAID 415890220 || [Presidential Daily Backup] 11/27/1989 - NAID 415890221,https://catalog.archives.gov/id/428080363,https://s3.us-east-1.amazonaws.com/NARAprodstorage/lz/presidential-libraries/bush/gb-nsc/321498139/1989-11-27--Ozal.pdf
,,,25,3.008,Turkey,1990-01-18,Memorandum of Conversation,"Meeting With President Turgut Ozal of Turkey, January 18, 1990 (1 of 2)",George H. W. Bush; Turgut Ozal,Full,Unrestricted,5,428080435,"Source: George H.W. Bush Library, Bush Presidential Records, National Security Council, Presidential Memcon Files, Meeting With President Turgut Ozal of Turkey, January 18, 1990 (1 of 2). Catalog access: Unrestricted. Release status: Full. NAID 428080435.","Source: George H.W. Bush Library, Bush Presidential Records, National Security Council, Presidential Memcon Files, Meeting With President Turgut Ozal of Turkey, January 18, 1990 (1 of 2). Release status: Full. NAID 428080435.",Confirm classification marking from PDF | Confirm place/time and drafting/clearance details from text | Replace Catalog-only release/access wording with final FRUS editorial wording where needed | Resolve data-quality issue(s): Schedule title caveat (Doc 3.008 / Schedule NAID 415890324),[Presidential Daily Diary] 1/18/1990 [EMPTY] - NAID 415890324 || [Presidential Daily Backup] 1/18/1990 - NAID 415890325,https://catalog.archives.gov/id/428080435,https://s3.us-east-1.amazonaws.com/NARAprodstorage/lz/presidential-libraries/bush/gb-nsc/321498039/1990-01-18--Ozal-1.pdf
,,,26,3.009,Turkey,1990-01-18,Memorandum of Conversation,"Meeting with President Turgut Ozal of Turkey, January 18, 1990 (2 of 2)",George H. W. Bush; Turgut Ozal,Partial,Restricted - Partly,8,428080437,"Source: George H.W. Bush Library, Bush Presidential Records, National Security Council, Presidential Memcon Files, Meeting with President Turgut Ozal of Turkey, January 18, 1990 (2 of 2). Catalog access: Restricted - Partly. Release status: Partial. NAID 428080437.","Source: George H.W. Bush Library, Bush Presidential Records, National Security Council, Presidential Memcon Files, Meeting with President Turgut Ozal of Turkey, January 18, 1990 (2 of 2). Release status: Partial. NAID 428080437.",Confirm classification marking from PDF | Confirm place/time and drafting/clearance details from text | Replace Catalog-only release/access wording with final FRUS editorial wording where needed | Resolve release/marker status before final selection | Resolve data-quality issue(s): Schedule title caveat (Doc 3.009 / Schedule NAID 415890324),[Presidential Daily Diary] 1/18/1990 [EMPTY] - NAID 415890324 || [Presidential Daily Backup] 1/18/1990 - NAID 415890325,https://catalog.archives.gov/id/428080437,https://s3.us-east-1.amazonaws.com/NARAprodstorage/lz/presidential-libraries/bush/gb-nsc/321498039/1990-01-18--Ozal-2.pdf
,,,27,3.010,Turkey,1990-07-26,Memorandum of Telephone Conversation,"Telephone Call to President Turgut Ozal of Turkey, July 26, 1990",George H. W. Bush; Turgut Ozal,Full,Unrestricted,3,428080861,"Source: George H.W. Bush Library, Bush Presidential Records, National Security Council, Presidential Telcon Files, Telephone Call to President Turgut Ozal of Turkey, July 26, 1990. Catalog access: Unrestricted. Release status: Full. NAID 428080861.","Source: George H.W. Bush Library, Bush Presidential Records, National Security Council, Presidential Telcon Files, Telephone Call to President Turgut Ozal of Turkey, July 26, 1990. Release status: Full. NAID 428080861.",Confirm classification marking from PDF | Confirm place/time and drafting/clearance details from text | Replace Catalog-only release/access wording with final FRUS editorial wording where needed,[Presidential Daily Backup] 7/26/1990 - NAID 415890703,https://catalog.archives.gov/id/428080861,https://s3.us-east-1.amazonaws.com/NARAprodstorage/lz/presidential-libraries/bush/gb-nsc/321498139/1990-07-26--Ozal.pdf
,,,28,3.011,Turkey,1990-08-03,Memorandum of Telephone Conversation,"Telephone Call to President Turgut Ozal of Turkey, August 3, 1990",George H. W. Bush; Turgut Ozal,Full,Unrestricted,4,428080881,"Source: George H.W. Bush Library, Bush Presidential Records, National Security Council, Presidential Telcon Files, Telephone Call to President Turgut Ozal of Turkey, August 3, 1990. Catalog access: Unrestricted. Release status: Full. NAID 428080881.","Source: George H.W. Bush Library, Bush Presidential Records, National Security Council, Presidential Telcon Files, Telephone Call to President Turgut Ozal of Turkey, August 3, 1990. Release status: Full. NAID 428080881.",Confirm classification marking from PDF | Confirm place/time and drafting/clearance details from text | Replace Catalog-only release/access wording with final FRUS editorial wording where needed,[Presidential Daily Diary] 8/3/1990 - NAID 415890718 || [Presidential Daily Backup] 8/3/1990 - NAID 415890719,https://catalog.archives.gov/id/428080881,https://s3.us-east-1.amazonaws.com/NARAprodstorage/lz/presidential-libraries/bush/gb-nsc/321498139/1990-08-03--Ozal.pdf
,,,29,3.012,Turkey,1990-08-04,Memorandum of Telephone Conversation,"Telephone Call to President Turgut Ozal of Turkey, August 4, 1990",George H. W. Bush; Turgut Ozal,Partial,Restricted - Partly,2,428080891,"Source: George H.W. Bush Library, Bush Presidential Records, National Security Council, Presidential Telcon Files, Telephone Call to President Turgut Ozal of Turkey, August 4, 1990. Catalog access: Restricted - Partly. Release status: Partial. NAID 428080891.","Source: George H.W. Bush Library, Bush Presidential Records, National Security Council, Presidential Telcon Files, Telephone Call to President Turgut Ozal of Turkey, August 4, 1990. Release status: Partial. NAID 428080891.",Confirm classification marking from PDF | Confirm place/time and drafting/clearance details from text | Replace Catalog-only release/access wording with final FRUS editorial wording where needed | Resolve release/marker status before final selection,[Presidential Daily Diary] 8/4/1990 - NAID 415890720 || [Presidential Daily Backup] 8/4/1990 - NAID 415890721,https://catalog.archives.gov/id/428080891,https://s3.us-east-1.amazonaws.com/NARAprodstorage/lz/presidential-libraries/bush/gb-nsc/321498139/1990-08-04--Ozal.pdf
,,,30,3.013,Turkey,1990-08-05,Memorandum of Telephone Conversation,"Telcon with President Ozal of Turkey, August 5, 1990",George H. W. Bush; Turgut Ozal,Full,Unrestricted,4,428080899,"Source: George H.W. Bush Library, Bush Presidential Records, National Security Council, Presidential Telcon Files, Telcon with President Ozal of Turkey, August 5, 1990. Catalog access: Unrestricted. Release status: Full. NAID 428080899.","Source: George H.W. Bush Library, Bush Presidential Records, National Security Council, Presidential Telcon Files, Telcon with President Ozal of Turkey, August 5, 1990. Release status: Full. NAID 428080899.",Confirm classification marking from PDF | Confirm place/time and drafting/clearance details from text | Replace Catalog-only release/access wording with final FRUS editorial wording where needed,[Presidential Daily Diary] 8/5/1990 - NAID 415890722 || [Presidential Daily Backup] 8/5/1990 - NAID 415890723,https://catalog.archives.gov/id/428080899,https://s3.us-east-1.amazonaws.com/NARAprodstorage/lz/presidential-libraries/bush/gb-nsc/321498139/1990-08-05--Ozal.pdf
,,,31,3.014,Turkey,1990-08-08,Memorandum of Telephone Conversation,"Telephone Call from President Turgut Ozal of Turkey, August 8, 1990",George H. W. Bush; Turgut Ozal,Full,Unrestricted,2,428080911,"Source: George H.W. Bush Library, Bush Presidential Records, National Security Council, Presidential Telcon Files, Telephone Call from President Turgut Ozal of Turkey, August 8, 1990. Catalog access: Unrestricted. Release status: Full. NAID 428080911.","Source: George H.W. Bush Library, Bush Presidential Records, National Security Council, Presidential Telcon Files, Telephone Call from President Turgut Ozal of Turkey, August 8, 1990. Release status: Full. NAID 428080911.",Confirm classification marking from PDF | Confirm place/time and drafting/clearance details from text | Replace Catalog-only release/access wording with final FRUS editorial wording where needed | Resolve data-quality issue(s): Schedule title caveat (Doc 3.014 / Schedule NAID 415890728),[Presidential Daily Diary] 8/8/1990 [EMPTY] - NAID 415890728 || [Presidential Daily Backup] 8/8/1990 - NAID 415890729,https://catalog.archives.gov/id/428080911,https://s3.us-east-1.amazonaws.com/NARAprodstorage/lz/presidential-libraries/bush/gb-nsc/321498139/1990-08-08--Ozal.pdf
,,,32,3.015,Turkey,1990-08-14,Memorandum of Telephone Conversation,"Telephone Call from President Turgut Ozal of Turkey, August 14, 1990",George H. W. Bush; Turgut Ozal,Full,Unrestricted,3,428080953,"Source: George H.W. Bush Library, Bush Presidential Records, National Security Council, Presidential Telcon Files, Telephone Call from President Turgut Ozal of Turkey, August 14, 1990. Catalog access: Unrestricted. Release status: Full. NAID 428080953.","Source: George H.W. Bush Library, Bush Presidential Records, National Security Council, Presidential Telcon Files, Telephone Call from President Turgut Ozal of Turkey, August 14, 1990. Release status: Full. NAID 428080953.",Confirm classification marking from PDF | Confirm place/time and drafting/clearance details from text | Replace Catalog-only release/access wording with final FRUS editorial wording where needed,[Presidential Daily Diary] 8/14/1990 - NAID 415890740 || [Presidential Daily Backup] 8/14/1990 - NAID 415890741,https://catalog.archives.gov/id/428080953,https://s3.us-east-1.amazonaws.com/NARAprodstorage/lz/presidential-libraries/bush/gb-nsc/321498139/1990-08-14--Ozal.pdf
,,,33,3.016,Turkey,1990-08-16,Editorial Note / Document Search Pending,"Telephone Call with Turgut Ozal, August 16, 1990",George H. W. Bush; Turgut Ozal,Marker / no memorandum listed,Unrestricted,2,428080933,"Source: George H.W. Bush Library, Bush Presidential Records, National Security Council, Presidential Telcon Files, Telephone Call with Turgut Ozal, August 16, 1990. Catalog access: Unrestricted. Release status: Marker / no memorandum listed. NAID 428080933.","Source: George H.W. Bush Library, Bush Presidential Records, National Security Council, Presidential Telcon Files, Telephone Call with Turgut Ozal, August 16, 1990. Release status: Marker / no memorandum listed. NAID 428080933.",Confirm classification marking from PDF | Confirm place/time and drafting/clearance details from text | Replace Catalog-only release/access wording with final FRUS editorial wording where needed | Resolve release/marker status before final selection | Resolve data-quality issue(s): Schedule title caveat (Doc 3.016 / Schedule NAID 415890744),[Presidential Daily Diary] 8/16/1990 [EMPTY] - NAID 415890744 || [Presidential Daily Backup] 8/16/1990 - NAID 415890745,https://catalog.archives.gov/id/428080933,https://s3.us-east-1.amazonaws.com/NARAprodstorage/lz/presidential-libraries/bush/gb-nsc/321498139/1990-08-16--Ozal.pdf
,,,34,3.017,Turkey,1990-08-20,Memorandum of Telephone Conversation,"Telephone Conversation with President Turgut Ozal of Turkey, August 20, 1990",George H. W. Bush; Turgut Ozal,Full,Unrestricted,4,428080959,"Source: George H.W. Bush Library, Bush Presidential Records, National Security Council, Presidential Telcon Files, Telephone Conversation with President Turgut Ozal of Turkey, August 20, 1990. Catalog access: Unrestricted. Release status: Full. NAID 428080959.","Source: George H.W. Bush Library, Bush Presidential Records, National Security Council, Presidential Telcon Files, Telephone Conversation with President Turgut Ozal of Turkey, August 20, 1990. Release status: Full. NAID 428080959.",Confirm classification marking from PDF | Confirm place/time and drafting/clearance details from text | Replace Catalog-only release/access wording with final FRUS editorial wording where needed | Resolve data-quality issue(s): Schedule title caveat (Doc 3.017 / Schedule NAID 415890752),[Presidential Daily Diary] 8/20/1990 [EMPTY] - NAID 415890752 || [Presidential Daily Backup] 8/20/1990 - NAID 415890753,https://catalog.archives.gov/id/428080959,https://s3.us-east-1.amazonaws.com/NARAprodstorage/lz/presidential-libraries/bush/gb-nsc/321498139/1990-08-20--Ozal.pdf
,,,35,3.018,Turkey,1990-08-30,Memorandum of Telephone Conversation,"Telephone Conversation with President Turgut Ozal of Turkey, August 30, 1990",George H. W. Bush; Turgut Ozal,Full,Unrestricted,4,428080999,"Source: George H.W. Bush Library, Bush Presidential Records, National Security Council, Presidential Telcon Files, Telephone Conversation with President Turgut Ozal of Turkey, August 30, 1990. Catalog access: Unrestricted. Release status: Full. NAID 428080999.","Source: George H.W. Bush Library, Bush Presidential Records, National Security Council, Presidential Telcon Files, Telephone Conversation with President Turgut Ozal of Turkey, August 30, 1990. Release status: Full. NAID 428080999.",Confirm classification marking from PDF | Confirm place/time and drafting/clearance details from text | Replace Catalog-only release/access wording with final FRUS editorial wording where needed | Resolve data-quality issue(s): Schedule title caveat (Doc 3.018 / Schedule NAID 415890772),[Presidential Daily Diary] 8/30/1990 [EMPTY] - NAID 415890772 || [Presidential Daily Backup] 8/30/1990 - NAID 415890773,https://catalog.archives.gov/id/428080999,https://s3.us-east-1.amazonaws.com/NARAprodstorage/lz/presidential-libraries/bush/gb-nsc/321498139/1990-08-30--Ozal.pdf
,,,36,3.019,Turkey,1990-09-06,Memorandum of Telephone Conversation,"Telephone Conversation with President Turgut Ozal of Turkey, September 6, 1990",George H. W. Bush; Turgut Ozal,Full,Unrestricted,4,428081021,"Source: George H.W. Bush Library, Bush Presidential Records, National Security Council, Presidential Telcon Files, Telephone Conversation with President Turgut Ozal of Turkey, September 6, 1990. Catalog access: Unrestricted. Release status: Full. NAID 428081021.","Source: George H.W. Bush Library, Bush Presidential Records, National Security Council, Presidential Telcon Files, Telephone Conversation with President Turgut Ozal of Turkey, September 6, 1990. Release status: Full. NAID 428081021.",Confirm classification marking from PDF | Confirm place/time and drafting/clearance details from text | Replace Catalog-only release/access wording with final FRUS editorial wording where needed | Resolve data-quality issue(s): Schedule title caveat (Doc 3.019 / Schedule NAID 415890786),[Presidential Daily Diary] 9/6/1990 [EMPTY] - NAID 415890786 || [Presidential Daily Backup] 9/6/1990 - NAID 415890787,https://catalog.archives.gov/id/428081021,https://s3.us-east-1.amazonaws.com/NARAprodstorage/lz/presidential-libraries/bush/gb-nsc/321498139/1990-09-06--Ozal.pdf
,,,37,3.020,Turkey,1990-09-10,Memorandum of Telephone Conversation,"Telephone Call to President Turgut Ozal of Turkey, September 10, 1990",George H. W. Bush; Turgut Ozal,Full,Unrestricted,3,428081055,"Source: George H.W. Bush Library, Bush Presidential Records, National Security Council, Presidential Telcon Files, Telephone Call to President Turgut Ozal of Turkey, September 10, 1990. Catalog access: Unrestricted. Release status: Full. NAID 428081055.","Source: George H.W. Bush Library, Bush Presidential Records, National Security Council, Presidential Telcon Files, Telephone Call to President Turgut Ozal of Turkey, September 10, 1990. Release status: Full. NAID 428081055.",Confirm classification marking from PDF | Confirm place/time and drafting/clearance details from text | Replace Catalog-only release/access wording with final FRUS editorial wording where needed,[Presidential Daily Diary] 9/10/1990 - NAID 415890794 || [Presidential Daily Backup] 9/10/1990 - NAID 415890795,https://catalog.archives.gov/id/428081055,https://s3.us-east-1.amazonaws.com/NARAprodstorage/lz/presidential-libraries/bush/gb-nsc/321498139/1990-09-10--Ozal.pdf
,,,38,3.021,Turkey,1990-09-25,Memorandum of Conversation,"Meeting with President Ozal of Turkey, September 25, 1990",George H. W. Bush; Turgut Ozal,Full,Unrestricted,7,428081035,"Source: George H.W. Bush Library, Bush Presidential Records, National Security Council, Presidential Memcon Files, Meeting with President Ozal of Turkey, September 25, 1990. Catalog access: Unrestricted. Release status: Full. NAID 428081035.","Source: George H.W. Bush Library, Bush Presidential Records, National Security Council, Presidential Memcon Files, Meeting with President Ozal of Turkey, September 25, 1990. Release status: Full. NAID 428081035.",Confirm classification marking from PDF | Confirm place/time and drafting/clearance details from text | Replace Catalog-only release/access wording with final FRUS editorial wording where needed,[Presidential Daily Diary] 9/25/1990 - NAID 415890824 || [Presidential Daily Backup] 9/25/1990 - NAID 415890825,https://catalog.archives.gov/id/428081035,https://s3.us-east-1.amazonaws.com/NARAprodstorage/lz/presidential-libraries/bush/gb-nsc/321498039/1990-09-25--Ozal.pdf
,,,39,3.022,Turkey,1990-10-24,Memorandum of Telephone Conversation,"Telephone Conversation with President Turgut Ozal of' Turkey, October 24, 1990",George H. W. Bush; Turgut Ozal,Full,Unrestricted,5,428081155,"Source: George H.W. Bush Library, Bush Presidential Records, National Security Council, Presidential Telcon Files, Telephone Conversation with President Turgut Ozal of' Turkey, October 24, 1990. Catalog access: Unrestricted. Release status: Full. NAID 428081155.","Source: George H.W. Bush Library, Bush Presidential Records, National Security Council, Presidential Telcon Files, Telephone Conversation with President Turgut Ozal of' Turkey, October 24, 1990. Release status: Full. NAID 428081155.",Confirm classification marking from PDF | Confirm place/time and drafting/clearance details from text | Replace Catalog-only release/access wording with final FRUS editorial wording where needed,[Presidential Daily Diary] 10/24/1990 - NAID 415890884 || [Presidential Daily Backup] 10/24/1990 - NAID 415890885,https://catalog.archives.gov/id/428081155,https://s3.us-east-1.amazonaws.com/NARAprodstorage/lz/presidential-libraries/bush/gb-nsc/321498139/1990-10-24--Ozal.pdf
,,,40,3.023,Turkey,1990-10-31,Memorandum of Telephone Conversation,"Telephone Conversation with President Turgut Ozal of Turkey, October 31, 1990",George H. W. Bush; Turgut Ozal,Full,Unrestricted,4,428081169,"Source: George H.W. Bush Library, Bush Presidential Records, National Security Council, Presidential Telcon Files, Telephone Conversation with President Turgut Ozal of Turkey, October 31, 1990. Catalog access: Unrestricted. Release status: Full. NAID 428081169.","Source: George H.W. Bush Library, Bush Presidential Records, National Security Council, Presidential Telcon Files, Telephone Conversation with President Turgut Ozal of Turkey, October 31, 1990. Release status: Full. NAID 428081169.",Confirm classification marking from PDF | Confirm place/time and drafting/clearance details from text | Replace Catalog-only release/access wording with final FRUS editorial wording where needed,[Presidential Daily Diary] 10/31/1990 - NAID 415890898 || [Presidential Daily Backup] 10/31/1990 - NAID 415890899,https://catalog.archives.gov/id/428081169,https://s3.us-east-1.amazonaws.com/NARAprodstorage/lz/presidential-libraries/bush/gb-nsc/321498139/1990-10-31--Ozal.pdf
,,,41,3.024,Turkey,1990-11-20,Memorandum of Conversation,"Meeting with President Ozal of Turkey, November 20, 1990",George H. W. Bush; Turgut Ozal,Full,Unrestricted,6,428081195,"Source: George H.W. Bush Library, Bush Presidential Records, National Security Council, Presidential Memcon Files, Meeting with President Ozal of Turkey, November 20, 1990. Catalog access: Unrestricted. Release status: Full. NAID 428081195.","Source: George H.W. Bush Library, Bush Presidential Records, National Security Council, Presidential Memcon Files, Meeting with President Ozal of Turkey, November 20, 1990. Release status: Full. NAID 428081195.",Confirm classification marking from PDF | Confirm place/time and drafting/clearance details from text | Replace Catalog-only release/access wording with final FRUS editorial wording where needed | Resolve data-quality issue(s): Schedule title caveat (Doc 3.024 / Schedule NAID 415890938),[Presidential Daily Diary] 11/20/1990 [EMPTY] - NAID 415890938 || [Presidential Daily Backup] 11/20/1990 - NAID 415890939,https://catalog.archives.gov/id/428081195,https://s3.us-east-1.amazonaws.com/NARAprodstorage/lz/presidential-libraries/bush/gb-nsc/321498039/1990-11-20--Ozal.pdf
,,,42,3.025,Turkey,1990-11-30,Memorandum of Telephone Conversation,"Telephone Conversation with President Turgut Ozal of Turkey, November 30, 1990",George H. W. Bush; Turgut Ozal,Full,Unrestricted,4,428081261,"Source: George H.W. Bush Library, Bush Presidential Records, National Security Council, Presidential Telcon Files, Telephone Conversation with President Turgut Ozal of Turkey, November 30, 1990. Catalog access: Unrestricted. Release status: Full. NAID 428081261.","Source: George H.W. Bush Library, Bush Presidential Records, National Security Council, Presidential Telcon Files, Telephone Conversation with President Turgut Ozal of Turkey, November 30, 1990. Release status: Full. NAID 428081261.",Confirm classification marking from PDF | Confirm place/time and drafting/clearance details from text | Replace Catalog-only release/access wording with final FRUS editorial wording where needed,[Presidential Daily Diary] 11/30/1990 - NAID 415890958 || [Presidential Daily Backup] 11/30/1990 - NAID 415890959,https://catalog.archives.gov/id/428081261,https://s3.us-east-1.amazonaws.com/NARAprodstorage/lz/presidential-libraries/bush/gb-nsc/321498139/1990-11-30--Ozal.pdf
,,,43,3.026,Turkey,1990-12-01,Memorandum of Telephone Conversation,"Telephone Call from Turkish President Turgut Ozal, December I, 1990",George H. W. Bush; Turgut Ozal,Full,Unrestricted,5,428081263,"Source: George H.W. Bush Library, Bush Presidential Records, National Security Council, Presidential Telcon Files, Telephone Call from Turkish President Turgut Ozal, December I, 1990. Catalog access: Unrestricted. Release status: Full. NAID 428081263.","Source: George H.W. Bush Library, Bush Presidential Records, National Security Council, Presidential Telcon Files, Telephone Call from Turkish President Turgut Ozal, December I, 1990. Release status: Full. NAID 428081263.",Confirm classification marking from PDF | Confirm place/time and drafting/clearance details from text | Replace Catalog-only release/access wording with final FRUS editorial wording where needed,[Presidential Daily Diary] 12/1/1990 - NAID 415890960 || [Presidential Daily Backup] 12/1/1990 - NAID 415890961,https://catalog.archives.gov/id/428081263,https://s3.us-east-1.amazonaws.com/NARAprodstorage/lz/presidential-libraries/bush/gb-nsc/321498139/1990-12-01--Ozal.pdf
,,,44,3.027,Turkey,1990-12-16,Editorial Note / Document Search Pending,"Telephone Call from Turgut Ozal, December 16, 1990",George H. W. Bush; Turgut Ozal,Marker / no memorandum listed,Unrestricted,2,428081251,"Source: George H.W. Bush Library, Bush Presidential Records, National Security Council, Presidential Telcon Files, Telephone Call from Turgut Ozal, December 16, 1990. Catalog access: Unrestricted. Release status: Marker / no memorandum listed. NAID 428081251.","Source: George H.W. Bush Library, Bush Presidential Records, National Security Council, Presidential Telcon Files, Telephone Call from Turgut Ozal, December 16, 1990. Release status: Marker / no memorandum listed. NAID 428081251.",Confirm classification marking from PDF | Confirm place/time and drafting/clearance details from text | Replace Catalog-only release/access wording with final FRUS editorial wording where needed | Resolve release/marker status before final selection,[Presidential Daily Diary] 12/16/1990 - NAID 415890990 || [Presidential Daily Backup] 12/16/1990 - NAID 415890991,https://catalog.archives.gov/id/428081251,https://s3.us-east-1.amazonaws.com/NARAprodstorage/lz/presidential-libraries/bush/gb-nsc/321498139/1990-12-16--Ozal.pdf
,,,45,3.028,Turkey,1990-12-28,Memorandum of Telephone Conversation,"Telcon with President Turgut Ozal of Turkey, December 28, 1990",George H. W. Bush; Turgut Ozal,Full,Unrestricted,4,428081287,"Source: George H.W. Bush Library, Bush Presidential Records, National Security Council, Presidential Telcon Files, Telcon with President Turgut Ozal of Turkey, December 28, 1990. Catalog access: Unrestricted. Release status: Full. NAID 428081287.","Source: George H.W. Bush Library, Bush Presidential Records, National Security Council, Presidential Telcon Files, Telcon with President Turgut Ozal of Turkey, December 28, 1990. Release status: Full. NAID 428081287.",Confirm classification marking from PDF | Confirm place/time and drafting/clearance details from text | Replace Catalog-only release/access wording with final FRUS editorial wording where needed,[Presidential Daily Diary] 12/28/1990 - NAID 415891014 || [Presidential Daily Backup] 12/28/1990 - NAID 415891015,https://catalog.archives.gov/id/428081287,https://s3.us-east-1.amazonaws.com/NARAprodstorage/lz/presidential-libraries/bush/gb-nsc/321498139/1990-12-28--Ozal.pdf
,,,46,3.029,Turkey,1991-01-10,Memorandum of Telephone Conversation,"Telephone Conversation with President Turgut Ozal of Turkey, January 10, 1991 (1 of 2)",George H. W. Bush; Turgut Ozal,Full,Unrestricted,5,428081313,"Source: George H.W. Bush Library, Bush Presidential Records, National Security Council, Presidential Telcon Files, Telephone Conversation with President Turgut Ozal of Turkey, January 10, 1991 (1 of 2). Catalog access: Unrestricted. Release status: Full. NAID 428081313.","Source: George H.W. Bush Library, Bush Presidential Records, National Security Council, Presidential Telcon Files, Telephone Conversation with President Turgut Ozal of Turkey, January 10, 1991 (1 of 2). Release status: Full. NAID 428081313.",Confirm classification marking from PDF | Confirm place/time and drafting/clearance details from text | Replace Catalog-only release/access wording with final FRUS editorial wording where needed,[Presidential Daily Diary] 1/10/1991 - NAID 415891040 || [Presidential Daily Backup] 1/10/1991 - NAID 415891041,https://catalog.archives.gov/id/428081313,https://s3.us-east-1.amazonaws.com/NARAprodstorage/lz/presidential-libraries/bush/gb-nsc/321498139/1991-01-10--Ozal-1.pdf
,,,47,3.030,Turkey,1991-01-10,Memorandum of Telephone Conversation,"Telephone Conversation with President Turgut Ozal of Turkey, January 10, 1991 (2 of 2)",George H. W. Bush; Turgut Ozal,Full,Unrestricted,3,428081315,"Source: George H.W. Bush Library, Bush Presidential Records, National Security Council, Presidential Telcon Files, Telephone Conversation with President Turgut Ozal of Turkey, January 10, 1991 (2 of 2). Catalog access: Unrestricted. Release status: Full. NAID 428081315.","Source: George H.W. Bush Library, Bush Presidential Records, National Security Council, Presidential Telcon Files, Telephone Conversation with President Turgut Ozal of Turkey, January 10, 1991 (2 of 2). Release status: Full. NAID 428081315.",Confirm classification marking from PDF | Confirm place/time and drafting/clearance details from text | Replace Catalog-only release/access wording with final FRUS editorial wording where needed,[Presidential Daily Diary] 1/10/1991 - NAID 415891040 || [Presidential Daily Backup] 1/10/1991 - NAID 415891041,https://catalog.archives.gov/id/428081315,https://s3.us-east-1.amazonaws.com/NARAprodstorage/lz/presidential-libraries/bush/gb-nsc/321498139/1991-01-10--Ozal-2.pdf
,,,48,3.031,Turkey,1991-01-16,Editorial Note / Document Search Pending,"Telephone Call to Turgut Ozal, January 16, 1991",George H. W. Bush; Turgut Ozal,Marker / no memorandum listed,Unrestricted,2,428081335,"Source: George H.W. Bush Library, Bush Presidential Records, National Security Council, Presidential Telcon Files, Telephone Call to Turgut Ozal, January 16, 1991. Catalog access: Unrestricted. Release status: Marker / no memorandum listed. NAID 428081335.","Source: George H.W. Bush Library, Bush Presidential Records, National Security Council, Presidential Telcon Files, Telephone Call to Turgut Ozal, January 16, 1991. Release status: Marker / no memorandum listed. NAID 428081335.",Confirm classification marking from PDF | Confirm place/time and drafting/clearance details from text | Replace Catalog-only release/access wording with final FRUS editorial wording where needed | Resolve release/marker status before final selection,[Presidential Daily Diary] 1/16/1991 - NAID 415891052 || [Presidential Daily Backup] 1/16/1991 - NAID 415891053,https://catalog.archives.gov/id/428081335,https://s3.us-east-1.amazonaws.com/NARAprodstorage/lz/presidential-libraries/bush/gb-nsc/321498139/1991-01-16--Ozal.pdf
,,,49,3.032,Turkey,1991-01-21,Memorandum of Telephone Conversation,"Telephone Conversation with President Turgut Ozal of Turkey, January 21, 1991",George H. W. Bush; Turgut Ozal,Full,Unrestricted,3,428081373,"Source: George H.W. Bush Library, Bush Presidential Records, National Security Council, Presidential Telcon Files, Telephone Conversation with President Turgut Ozal of Turkey, January 21, 1991. Catalog access: Unrestricted. Release status: Full. NAID 428081373.","Source: George H.W. Bush Library, Bush Presidential Records, National Security Council, Presidential Telcon Files, Telephone Conversation with President Turgut Ozal of Turkey, January 21, 1991. Release status: Full. NAID 428081373.",Confirm classification marking from PDF | Confirm place/time and drafting/clearance details from text | Replace Catalog-only release/access wording with final FRUS editorial wording where needed,"President's Daily Diary Entry, January 21, 1991 - NAID 186327 || [Presidential Daily Diary] 1/21/1991 - NAID 415891062 || [Presidential Daily Backup] 1/21/1991 - NAID 415891063",https://catalog.archives.gov/id/428081373,https://s3.us-east-1.amazonaws.com/NARAprodstorage/lz/presidential-libraries/bush/gb-nsc/321498139/1991-01-21--Ozal.pdf
,,,50,3.033,Turkey,1991-01-30,Memorandum of Telephone Conversation,"Telephone Conversation with President Turgut Ozal of Turkey, January 30, 1991",George H. W. Bush; Turgut Ozal,Full,Unrestricted,4,428081401,"Source: George H.W. Bush Library, Bush Presidential Records, National Security Council, Presidential Telcon Files, Telephone Conversation with President Turgut Ozal of Turkey, January 30, 1991. Catalog access: Unrestricted. Release status: Full. NAID 428081401.","Source: George H.W. Bush Library, Bush Presidential Records, National Security Council, Presidential Telcon Files, Telephone Conversation with President Turgut Ozal of Turkey, January 30, 1991. Release status: Full. NAID 428081401.",Confirm classification marking from PDF | Confirm place/time and drafting/clearance details from text | Replace Catalog-only release/access wording with final FRUS editorial wording where needed | Resolve data-quality issue(s): Name/title spelling variant (Doc 3.033 / Schedule NAID 186336); Name/title spelling variant (Doc 3.033 / Schedule NAID 415891080),"President's Daily Diary Entry, January 30, 1991 - NAID 186336 || [Presidential Daily Diary] 1/30/1991 - NAID 415891080 || [Presidential Daily Backup] 1/30/1991 - NAID 415891081",https://catalog.archives.gov/id/428081401,https://s3.us-east-1.amazonaws.com/NARAprodstorage/lz/presidential-libraries/bush/gb-nsc/321498139/1991-01-30--Ozal.pdf
,,,51,3.034,Turkey,1991-02-05,Memorandum of Telephone Conversation,"Telephone Conversation with President Turgut Ozal of Turkey, February 5, 1991",George H. W. Bush; Turgut Ozal,Full,Unrestricted,4,428081419,"Source: George H.W. Bush Library, Bush Presidential Records, National Security Council, Presidential Telcon Files, Telephone Conversation with President Turgut Ozal of Turkey, February 5, 1991. Catalog access: Unrestricted. Release status: Full. NAID 428081419.","Source: George H.W. Bush Library, Bush Presidential Records, National Security Council, Presidential Telcon Files, Telephone Conversation with President Turgut Ozal of Turkey, February 5, 1991. Release status: Full. NAID 428081419.",Confirm classification marking from PDF | Confirm place/time and drafting/clearance details from text | Replace Catalog-only release/access wording with final FRUS editorial wording where needed | Resolve data-quality issue(s): Name/title spelling variant (Doc 3.034 / Schedule NAID 186342); Name/title spelling variant (Doc 3.034 / Schedule NAID 415891092),"President's Daily Diary Entry, February 5, 1991 - NAID 186342 || [Presidential Daily Diary] 2/5/1991 - NAID 415891092 || [Presidential Daily Backup] 2/5/1991 - NAID 415891093",https://catalog.archives.gov/id/428081419,https://s3.us-east-1.amazonaws.com/NARAprodstorage/lz/presidential-libraries/bush/gb-nsc/321498139/1991-02-05--Ozal.pdf
,,,52,3.035,Turkey,1991-02-15,Memorandum of Telephone Conversation,"Telephone Conversation with President Turgut Ozal of Turkey, February 15, 1991",George H. W. Bush; Turgut Ozal,Full,Unrestricted,4,428081459,"Source: George H.W. Bush Library, Bush Presidential Records, National Security Council, Presidential Telcon Files, Telephone Conversation with President Turgut Ozal of Turkey, February 15, 1991. Catalog access: Unrestricted. Release status: Full. NAID 428081459.","Source: George H.W. Bush Library, Bush Presidential Records, National Security Council, Presidential Telcon Files, Telephone Conversation with President Turgut Ozal of Turkey, February 15, 1991. Release status: Full. NAID 428081459.",Confirm classification marking from PDF | Confirm place/time and drafting/clearance details from text | Replace Catalog-only release/access wording with final FRUS editorial wording where needed,[Presidential Daily Diary] 2/15/1991 - NAID 415891112 || [Presidential Daily Backup] 2/15/1991 - NAID 415891113,https://catalog.archives.gov/id/428081459,https://s3.us-east-1.amazonaws.com/NARAprodstorage/lz/presidential-libraries/bush/gb-nsc/321498139/1991-02-15--Ozal.pdf
,,,53,3.036,Turkey,1991-02-19,Memorandum of Telephone Conversation,"Telcon with President Turgut Ozal of Turkey on February 19, 1991",George H. W. Bush; Turgut Ozal,Full,Unrestricted,4,428081469,"Source: George H.W. Bush Library, Bush Presidential Records, National Security Council, Presidential Telcon Files, Telcon with President Turgut Ozal of Turkey on February 19, 1991. Catalog access: Unrestricted. Release status: Full. NAID 428081469.","Source: George H.W. Bush Library, Bush Presidential Records, National Security Council, Presidential Telcon Files, Telcon with President Turgut Ozal of Turkey on February 19, 1991. Release status: Full. NAID 428081469.",Confirm classification marking from PDF | Confirm place/time and drafting/clearance details from text | Replace Catalog-only release/access wording with final FRUS editorial wording where needed | Resolve data-quality issue(s): Name/title spelling variant (Doc 3.036 / Schedule NAID 415891120),[Presidential Daily Diary] 2/19/1991 - NAID 415891120 || [Presidential Daily Backup] 2/19/1991 - NAID 415891121,https://catalog.archives.gov/id/428081469,https://s3.us-east-1.amazonaws.com/NARAprodstorage/lz/presidential-libraries/bush/gb-nsc/321498139/1991-02-19--Ozal.pdf
,,,54,3.037,Turkey,1991-02-23,Memorandum of Telephone Conversation,"Telephone Conversation with President Turgut Ozal of Turkey: February 23, 1991",George H. W. Bush; Turgut Ozal,Full,Unrestricted,3,428081499,"Source: George H.W. Bush Library, Bush Presidential Records, National Security Council, Presidential Telcon Files, Telephone Conversation with President Turgut Ozal of Turkey: February 23, 1991. Catalog access: Unrestricted. Release status: Full. NAID 428081499.","Source: George H.W. Bush Library, Bush Presidential Records, National Security Council, Presidential Telcon Files, Telephone Conversation with President Turgut Ozal of Turkey: February 23, 1991. Release status: Full. NAID 428081499.",Confirm classification marking from PDF | Confirm place/time and drafting/clearance details from text | Replace Catalog-only release/access wording with final FRUS editorial wording where needed,[Presidential Daily Diary] 2/23/1991 - NAID 415891128 || [Presidential Daily Backup] 2/23/1991 - NAID 415891129,https://catalog.archives.gov/id/428081499,https://s3.us-east-1.amazonaws.com/NARAprodstorage/lz/presidential-libraries/bush/gb-nsc/321498139/1991-02-23--Ozal.pdf
,,,55,3.038,Turkey,1991-02-26,Memorandum of Telephone Conversation,"Telcon with Turgut Ozal, President of Turkey on February 26, 1991",George H. W. Bush; Turgut Ozal,Full,Unrestricted,6,428081505,"Source: George H.W. Bush Library, Bush Presidential Records, National Security Council, Presidential Telcon Files, Telcon with Turgut Ozal, President of Turkey on February 26, 1991. Catalog access: Unrestricted. Release status: Full. NAID 428081505.","Source: George H.W. Bush Library, Bush Presidential Records, National Security Council, Presidential Telcon Files, Telcon with Turgut Ozal, President of Turkey on February 26, 1991. Release status: Full. NAID 428081505.",Confirm classification marking from PDF | Confirm place/time and drafting/clearance details from text | Replace Catalog-only release/access wording with final FRUS editorial wording where needed,[Presidential Daily Diary] 2/26/1991 - NAID 415891134 || [Presidential Daily Backup] 2/26/1991 - NAID 415891135,https://catalog.archives.gov/id/428081505,https://s3.us-east-1.amazonaws.com/NARAprodstorage/lz/presidential-libraries/bush/gb-nsc/321498139/1991-02-26--Ozal.pdf
,,,56,3.039,Turkey,1991-02-28,Memorandum of Telephone Conversation,"Telephone Conversation with President Turgut Ozal of Turkey, February 28, 1991",George H. W. Bush; Turgut Ozal,Full,Unrestricted,4,428081555,"Source: George H.W. Bush Library, Bush Presidential Records, National Security Council, Presidential Telcon Files, Telephone Conversation with President Turgut Ozal of Turkey, February 28, 1991. Catalog access: Unrestricted. Release status: Full. NAID 428081555.","Source: George H.W. Bush Library, Bush Presidential Records, National Security Council, Presidential Telcon Files, Telephone Conversation with President Turgut Ozal of Turkey, February 28, 1991. Release status: Full. NAID 428081555.",Confirm classification marking from PDF | Confirm place/time and drafting/clearance details from text | Replace Catalog-only release/access wording with final FRUS editorial wording where needed,[Presidential Daily Diary] 2/28/1991 - NAID 415891138 || [Presidential Daily Backup] 2/28/1991 - NAID 415891139,https://catalog.archives.gov/id/428081555,https://s3.us-east-1.amazonaws.com/NARAprodstorage/lz/presidential-libraries/bush/gb-nsc/321498139/1991-02-28--Ozal.pdf
,,,57,3.040,Turkey,1991-03-27,Editorial Note / Document Search Pending,"Telephone Call from Turgut Ozal, March 27, 1991",George H. W. Bush; Turgut Ozal,Marker / no memorandum listed,Unrestricted,2,428081553,"Source: George H.W. Bush Library, Bush Presidential Records, National Security Council, Presidential Telcon Files, Telephone Call from Turgut Ozal, March 27, 1991. Catalog access: Unrestricted. Release status: Marker / no memorandum listed. NAID 428081553.","Source: George H.W. Bush Library, Bush Presidential Records, National Security Council, Presidential Telcon Files, Telephone Call from Turgut Ozal, March 27, 1991. Release status: Marker / no memorandum listed. NAID 428081553.",Confirm classification marking from PDF | Confirm place/time and drafting/clearance details from text | Replace Catalog-only release/access wording with final FRUS editorial wording where needed | Resolve release/marker status before final selection,[Presidential Daily Diary] 3/27/1991 - NAID 415891192 || [Presidential Daily Backup] 3/27/1991 - NAID 415891193,https://catalog.archives.gov/id/428081553,https://s3.us-east-1.amazonaws.com/NARAprodstorage/lz/presidential-libraries/bush/gb-nsc/321498139/1991-03-27--Ozal.pdf
,,,58,3.041,Turkey,1991-04-02,Memorandum of Telephone Conversation,"Telcon with Turgut Ozal, President of Turkey on April 2, 1991",George H. W. Bush; Turgut Ozal,Full,Unrestricted,3,428081593,"Source: George H.W. Bush Library, Bush Presidential Records, National Security Council, Presidential Telcon Files, Telcon with Turgut Ozal, President of Turkey on April 2, 1991. Catalog access: Unrestricted. Release status: Full. NAID 428081593.","Source: George H.W. Bush Library, Bush Presidential Records, National Security Council, Presidential Telcon Files, Telcon with Turgut Ozal, President of Turkey on April 2, 1991. Release status: Full. NAID 428081593.",Confirm classification marking from PDF | Confirm place/time and drafting/clearance details from text | Replace Catalog-only release/access wording with final FRUS editorial wording where needed,[Presidential Daily Diary] 4/2/1991 - NAID 415891204 || [Presidential Daily Backup] 4/2/1991 - NAID 415891205,https://catalog.archives.gov/id/428081593,https://s3.us-east-1.amazonaws.com/NARAprodstorage/lz/presidential-libraries/bush/gb-nsc/321498139/1991-04-02--Ozal.pdf
,,,59,3.042,Turkey,1991-04-15,Memorandum of Telephone Conversation,"Telcon with Turgut Ozal,President of Turkey on April 15, 1991",George H. W. Bush; Turgut Ozal,Full,Unrestricted,5,428081603,"Source: George H.W. Bush Library, Bush Presidential Records, National Security Council, Presidential Telcon Files, Telcon with Turgut Ozal,President of Turkey on April 15, 1991. Catalog access: Unrestricted. Release status: Full. NAID 428081603.","Source: George H.W. Bush Library, Bush Presidential Records, National Security Council, Presidential Telcon Files, Telcon with Turgut Ozal,President of Turkey on April 15, 1991. Release status: Full. NAID 428081603.",Confirm classification marking from PDF | Confirm place/time and drafting/clearance details from text | Replace Catalog-only release/access wording with final FRUS editorial wording where needed,[Presidential Daily Diary] 4/15/1991 - NAID 415891230 || [Presidential Daily Backup] 4/15/1991 - NAID 415891231,https://catalog.archives.gov/id/428081603,https://s3.us-east-1.amazonaws.com/NARAprodstorage/lz/presidential-libraries/bush/gb-nsc/321498139/1991-04-15--Ozal.pdf
,,,60,3.043,Turkey,1991-04-16,Memorandum of Telephone Conversation,"Presidential Call to President Ozal, April 16, 1991 (2 of 2)",George H. W. Bush; Turgut Ozal,Denied,Restricted - Fully,1,428081617,"Source: George H.W. Bush Library, Bush Presidential Records, National Security Council, Presidential Telcon Files, Presidential Call to President Ozal, April 16, 1991 (2 of 2). Catalog access: Restricted - Fully. Release status: Denied. NAID 428081617.","Source: George H.W. Bush Library, Bush Presidential Records, National Security Council, Presidential Telcon Files, Presidential Call to President Ozal, April 16, 1991 (2 of 2). Release status: Denied. NAID 428081617.",Confirm classification marking from PDF | Confirm place/time and drafting/clearance details from text | Replace Catalog-only release/access wording with final FRUS editorial wording where needed | Resolve release/marker status before final selection,[Presidential Daily Diary] 4/16/1991 - NAID 415891232 || [Presidential Daily Backup] 4/16/1991 - NAID 415891233,https://catalog.archives.gov/id/428081617,https://s3.us-east-1.amazonaws.com/NARAprodstorage/lz/presidential-libraries/bush/gb-nsc/321498139/1991-04-16--Ozal-2.pdf
,,,61,3.044,Turkey,1991-04-16,Memorandum of Telephone Conversation,"Telcon with President Ozal of Turkey on April 16, 1991 (1 of 2)",George H. W. Bush; Turgut Ozal,Full,Unrestricted,4,428081615,"Source: George H.W. Bush Library, Bush Presidential Records, National Security Council, Presidential Telcon Files, Telcon with President Ozal of Turkey on April 16, 1991 (1 of 2). Catalog access: Unrestricted. Release status: Full. NAID 428081615.","Source: George H.W. Bush Library, Bush Presidential Records, National Security Council, Presidential Telcon Files, Telcon with President Ozal of Turkey on April 16, 1991 (1 of 2). Release status: Full. NAID 428081615.",Confirm classification marking from PDF | Confirm place/time and drafting/clearance details from text | Replace Catalog-only release/access wording with final FRUS editorial wording where needed,[Presidential Daily Diary] 4/16/1991 - NAID 415891232 || [Presidential Daily Backup] 4/16/1991 - NAID 415891233,https://catalog.archives.gov/id/428081615,https://s3.us-east-1.amazonaws.com/NARAprodstorage/lz/presidential-libraries/bush/gb-nsc/321498139/1991-04-16--Ozal-1.pdf
,,,62,3.045,Turkey,1991-04-20,Memorandum of Telephone Conversation,"Telcon with President Ozal of Turkey, April 20, 1991",George H. W. Bush; Turgut Ozal,Full,Unrestricted,3,428081651,"Source: George H.W. Bush Library, Bush Presidential Records, National Security Council, Presidential Telcon Files, Telcon with President Ozal of Turkey, April 20, 1991. Catalog access: Unrestricted. Release status: Full. NAID 428081651.","Source: George H.W. Bush Library, Bush Presidential Records, National Security Council, Presidential Telcon Files, Telcon with President Ozal of Turkey, April 20, 1991. Release status: Full. NAID 428081651.",Confirm classification marking from PDF | Confirm place/time and drafting/clearance details from text | Replace Catalog-only release/access wording with final FRUS editorial wording where needed,[Presidential Daily Diary] 4/20/1991 - NAID 415891240 || [Presidential Daily Backup] 4/20/1991 - NAID 415891241,https://catalog.archives.gov/id/428081651,https://s3.us-east-1.amazonaws.com/NARAprodstorage/lz/presidential-libraries/bush/gb-nsc/321498139/1991-04-20--Ozal.pdf
,,,63,3.046,Turkey,1991-05-07,Editorial Note / Document Search Pending,"Telephone Call to Turgut Ozal, May 7, 1991",George H. W. Bush; Turgut Ozal,Marker / no memorandum listed,Unrestricted,2,428081649,"Source: George H.W. Bush Library, Bush Presidential Records, National Security Council, Presidential Telcon Files, Telephone Call to Turgut Ozal, May 7, 1991. Catalog access: Unrestricted. Release status: Marker / no memorandum listed. NAID 428081649.","Source: George H.W. Bush Library, Bush Presidential Records, National Security Council, Presidential Telcon Files, Telephone Call to Turgut Ozal, May 7, 1991. Release status: Marker / no memorandum listed. NAID 428081649.",Confirm classification marking from PDF | Confirm place/time and drafting/clearance details from text | Replace Catalog-only release/access wording with final FRUS editorial wording where needed | Resolve release/marker status before final selection,[Presidential Daily Diary] 5/7/1991 - NAID 415891274 || [Presidential Daily Backup] 5/7/1991 - NAID 415891275,https://catalog.archives.gov/id/428081649,https://s3.us-east-1.amazonaws.com/NARAprodstorage/lz/presidential-libraries/bush/gb-nsc/321498139/1991-05-07--Ozal.pdf
,,,64,3.047,Turkey,1991-06-04,Memorandum of Telephone Conversation,"Telcon with Turgut Ozal, President of Turkey on June 4, 1991",George H. W. Bush; Turgut Ozal,Full,Unrestricted,5,428081713,"Source: George H.W. Bush Library, Bush Presidential Records, National Security Council, Presidential Telcon Files, Telcon with Turgut Ozal, President of Turkey on June 4, 1991. Catalog access: Unrestricted. Release status: Full. NAID 428081713.","Source: George H.W. Bush Library, Bush Presidential Records, National Security Council, Presidential Telcon Files, Telcon with Turgut Ozal, President of Turkey on June 4, 1991. Release status: Full. NAID 428081713.",Confirm classification marking from PDF | Confirm place/time and drafting/clearance details from text | Replace Catalog-only release/access wording with final FRUS editorial wording where needed,[Presidential Daily Diary] 6/4/1991 - NAID 415891331 || [Presidential Daily Backup] 6/4/1991 - NAID 415891332,https://catalog.archives.gov/id/428081713,https://s3.us-east-1.amazonaws.com/NARAprodstorage/lz/presidential-libraries/bush/gb-nsc/321498139/1991-06-04--Ozal.pdf
,,,65,3.048,Turkey,1991-06-13,Memorandum of Telephone Conversation,"Telcon with Turgut Ozal, President of Turkey on June 13, 1991",George H. W. Bush; Turgut Ozal,Full,Unrestricted,5,428081719,"Source: George H.W. Bush Library, Bush Presidential Records, National Security Council, Presidential Telcon Files, Telcon with Turgut Ozal, President of Turkey on June 13, 1991. Catalog access: Unrestricted. Release status: Full. NAID 428081719.","Source: George H.W. Bush Library, Bush Presidential Records, National Security Council, Presidential Telcon Files, Telcon with Turgut Ozal, President of Turkey on June 13, 1991. Release status: Full. NAID 428081719.",Confirm classification marking from PDF | Confirm place/time and drafting/clearance details from text | Replace Catalog-only release/access wording with final FRUS editorial wording where needed,[Presidential Daily Diary] 6/13/1991 - NAID 415891349 || [Presidential Daily Backup] 6/13/1991 - NAID 415891350,https://catalog.archives.gov/id/428081719,https://s3.us-east-1.amazonaws.com/NARAprodstorage/lz/presidential-libraries/bush/gb-nsc/321498139/1991-06-13--Ozal.pdf
,,,66,3.049,Turkey,1991-07-10,Memorandum of Telephone Conversation,"Telephone Call with Turgut Ozal, President of Turkey on July 10, 1991",George H. W. Bush; Turgut Ozal,Partial,Restricted - Partly,5,428081761,"Source: George H.W. Bush Library, Bush Presidential Records, National Security Council, Presidential Telcon Files, Telephone Call with Turgut Ozal, President of Turkey on July 10, 1991. Catalog access: Restricted - Partly. Release status: Partial. NAID 428081761.","Source: George H.W. Bush Library, Bush Presidential Records, National Security Council, Presidential Telcon Files, Telephone Call with Turgut Ozal, President of Turkey on July 10, 1991. Release status: Partial. NAID 428081761.",Confirm classification marking from PDF | Confirm place/time and drafting/clearance details from text | Replace Catalog-only release/access wording with final FRUS editorial wording where needed | Resolve release/marker status before final selection,[Presidential Daily Diary] 7/10/1991 - NAID 415891403 || [Presidential Daily Backup] 7/10/1991 - NAID 415891404,https://catalog.archives.gov/id/428081761,https://s3.us-east-1.amazonaws.com/NARAprodstorage/lz/presidential-libraries/bush/gb-nsc/321498139/1991-07-10--Ozal.pdf
,,,67,3.050,Turkey,1991-07-20,Memorandum of Conversation,"Meeting with Turgut Ozal, President of Turkey on July 20, 1991 (1 of 2)",George H. W. Bush; Turgut Ozal,Full,Unrestricted,1,428081779,"Source: George H.W. Bush Library, Bush Presidential Records, National Security Council, Presidential Memcon Files, Meeting with Turgut Ozal, President of Turkey on July 20, 1991 (1 of 2). Catalog access: Unrestricted. Release status: Full. NAID 428081779.","Source: George H.W. Bush Library, Bush Presidential Records, National Security Council, Presidential Memcon Files, Meeting with Turgut Ozal, President of Turkey on July 20, 1991 (1 of 2). Release status: Full. NAID 428081779.",Confirm classification marking from PDF | Confirm place/time and drafting/clearance details from text | Replace Catalog-only release/access wording with final FRUS editorial wording where needed,[Presidential Daily Diary] 7/20/1991 - NAID 415891423 || [Presidential Daily Backup] 7/20/1991 - NAID 415891424,https://catalog.archives.gov/id/428081779,https://s3.us-east-1.amazonaws.com/NARAprodstorage/lz/presidential-libraries/bush/gb-nsc/321498039/1991-07-20--Ozal-1.pdf
,,,68,3.051,Turkey,1991-07-20,Memorandum of Conversation,"Meeting with Turgut Ozal, President of Turkey on July 20, 1991 (2 of 2)",George H. W. Bush; Turgut Ozal,Full,Unrestricted,10,428081781,"Source: George H.W. Bush Library, Bush Presidential Records, National Security Council, Presidential Memcon Files, Meeting with Turgut Ozal, President of Turkey on July 20, 1991 (2 of 2). Catalog access: Unrestricted. Release status: Full. NAID 428081781.","Source: George H.W. Bush Library, Bush Presidential Records, National Security Council, Presidential Memcon Files, Meeting with Turgut Ozal, President of Turkey on July 20, 1991 (2 of 2). Release status: Full. NAID 428081781.",Confirm classification marking from PDF | Confirm place/time and drafting/clearance details from text | Replace Catalog-only release/access wording with final FRUS editorial wording where needed,[Presidential Daily Diary] 7/20/1991 - NAID 415891423 || [Presidential Daily Backup] 7/20/1991 - NAID 415891424,https://catalog.archives.gov/id/428081781,https://s3.us-east-1.amazonaws.com/NARAprodstorage/lz/presidential-libraries/bush/gb-nsc/321498039/1991-07-20--Ozal-2.pdf
,,,69,3.052,Turkey,1991-07-20,Memorandum of Conversation,"President's Meeting with Prime Minister Yilmaz of Turkey, July 20, 1991",George H. W. Bush; A. Mesut Yilmaz,Full,Unrestricted,5,428081783,"Source: George H.W. Bush Library, Bush Presidential Records, National Security Council, Presidential Memcon Files, President's Meeting with Prime Minister Yilmaz of Turkey, July 20, 1991. Catalog access: Unrestricted. Release status: Full. NAID 428081783.","Source: George H.W. Bush Library, Bush Presidential Records, National Security Council, Presidential Memcon Files, President's Meeting with Prime Minister Yilmaz of Turkey, July 20, 1991. Release status: Full. NAID 428081783.",Confirm classification marking from PDF | Confirm place/time and drafting/clearance details from text | Replace Catalog-only release/access wording with final FRUS editorial wording where needed,[Presidential Daily Diary] 7/20/1991 - NAID 415891423 || [Presidential Daily Backup] 7/20/1991 - NAID 415891424,https://catalog.archives.gov/id/428081783,https://s3.us-east-1.amazonaws.com/NARAprodstorage/lz/presidential-libraries/bush/gb-nsc/321498039/1991-07-20--Yilmaz.pdf
,,,70,3.053,Turkey,1991-07-22,Memorandum of Conversation,"President's Meeting with President Ozal of Turkey, July 22, 1991",George H. W. Bush; Turgut Ozal,Full,Unrestricted,7,428081787,"Source: George H.W. Bush Library, Bush Presidential Records, National Security Council, Presidential Memcon Files, President's Meeting with President Ozal of Turkey, July 22, 1991. Catalog access: Unrestricted. Release status: Full. NAID 428081787.","Source: George H.W. Bush Library, Bush Presidential Records, National Security Council, Presidential Memcon Files, President's Meeting with President Ozal of Turkey, July 22, 1991. Release status: Full. NAID 428081787.",Confirm classification marking from PDF | Confirm place/time and drafting/clearance details from text | Replace Catalog-only release/access wording with final FRUS editorial wording where needed,[Presidential Daily Diary] 7/22/1991 - NAID 415891427 || [Presidential Daily Backup] 7/22/1991 - NAID 415891428,https://catalog.archives.gov/id/428081787,https://s3.us-east-1.amazonaws.com/NARAprodstorage/lz/presidential-libraries/bush/gb-nsc/321498039/1991-07-22--Ozal.pdf
,,,71,3.054,Turkey,1991-08-19,Memorandum of Telephone Conversation,"Telcon with President Turgut Ozal of Turkey, August 19, 1991",George H. W. Bush; Turgut Ozal,Full,Unrestricted,4,428081813,"Source: George H.W. Bush Library, Bush Presidential Records, National Security Council, Presidential Telcon Files, Telcon with President Turgut Ozal of Turkey, August 19, 1991. Catalog access: Unrestricted. Release status: Full. NAID 428081813.","Source: George H.W. Bush Library, Bush Presidential Records, National Security Council, Presidential Telcon Files, Telcon with President Turgut Ozal of Turkey, August 19, 1991. Release status: Full. NAID 428081813.",Confirm classification marking from PDF | Confirm place/time and drafting/clearance details from text | Replace Catalog-only release/access wording with final FRUS editorial wording where needed,[Presidential Daily Diary] 8/19/1991 - NAID 415891483 || [Presidential Daily Backup] 8/19/1991 - NAID 415891484,https://catalog.archives.gov/id/428081813,https://s3.us-east-1.amazonaws.com/NARAprodstorage/lz/presidential-libraries/bush/gb-nsc/321498139/1991-08-19--Ozal.pdf
,,,72,3.055,Turkey,1991-09-09,Memorandum of Telephone Conversation,"Telcon with Turgut Ozal, President of Turkey, September 9, 1991",George H. W. Bush; Turgut Ozal,Full,Unrestricted,4,428081911,"Source: George H.W. Bush Library, Bush Presidential Records, National Security Council, Presidential Telcon Files, Telcon with Turgut Ozal, President of Turkey, September 9, 1991. Catalog access: Unrestricted. Release status: Full. NAID 428081911.","Source: George H.W. Bush Library, Bush Presidential Records, National Security Council, Presidential Telcon Files, Telcon with Turgut Ozal, President of Turkey, September 9, 1991. Release status: Full. NAID 428081911.",Confirm classification marking from PDF | Confirm place/time and drafting/clearance details from text | Replace Catalog-only release/access wording with final FRUS editorial wording where needed,[Presidential Daily Diary] 9/9/1991 - NAID 415891525 || [Presidential Daily Backup] 9/9/1991 - NAID 415891526,https://catalog.archives.gov/id/428081911,https://s3.us-east-1.amazonaws.com/NARAprodstorage/lz/presidential-libraries/bush/gb-nsc/321498139/1991-09-09--Ozal.pdf
,,,73,3.056,Turkey,1991-12-05,Memorandum of Telephone Conversation,"Telcon with Prime Minister Demirel of Turkey, December 5, 1991",George H. W. Bush; Suleyman Demirel,Full,Unrestricted,3,428082069,"Source: George H.W. Bush Library, Bush Presidential Records, National Security Council, Presidential Telcon Files, Telcon with Prime Minister Demirel of Turkey, December 5, 1991. Catalog access: Unrestricted. Release status: Full. NAID 428082069.","Source: George H.W. Bush Library, Bush Presidential Records, National Security Council, Presidential Telcon Files, Telcon with Prime Minister Demirel of Turkey, December 5, 1991. Release status: Full. NAID 428082069.",Confirm classification marking from PDF | Confirm place/time and drafting/clearance details from text | Replace Catalog-only release/access wording with final FRUS editorial wording where needed,[Presidential Daily Diary] 12/5/1991 - NAID 415891702 || [Presidential Daily Backup] 12/5/1991 - NAID 415891703,https://catalog.archives.gov/id/428082069,https://s3.us-east-1.amazonaws.com/NARAprodstorage/lz/presidential-libraries/bush/gb-nsc/321498139/1991-12-05--Demirel.pdf
,,,74,3.057,Turkey,1992-01-12,Memorandum of Telephone Conversation,"Telcon with President Turgut Ozal of Turkey, January 12, 1991",George H. W. Bush; Turgut Ozal,Full,Unrestricted,3,428082117,"Source: George H.W. Bush Library, Bush Presidential Records, National Security Council, Presidential Telcon Files, Telcon with President Turgut Ozal of Turkey, January 12, 1991. Catalog access: Unrestricted. Release status: Full. NAID 428082117.","Source: George H.W. Bush Library, Bush Presidential Records, National Security Council, Presidential Telcon Files, Telcon with President Turgut Ozal of Turkey, January 12, 1991. Release status: Full. NAID 428082117.",Confirm classification marking from PDF | Confirm place/time and drafting/clearance details from text | Replace Catalog-only release/access wording with final FRUS editorial wording where needed | Resolve data-quality issue(s): Filename/date mismatch (Doc 3.057),[Presidential Daily Diary] 1/12/1992 - NAID 415891779 || [Presidential Daily Backup] 1/12/1992 - NAID 415891780,https://catalog.archives.gov/id/428082117,https://s3.us-east-1.amazonaws.com/NARAprodstorage/lz/presidential-libraries/bush/gb-nsc/321498139/1991-01-12--Ozal.pdf
,,,75,3.058,Turkey,1992-04-28,Memorandum of Conversation,"Meeting with President Turgut Ozal of Turkey, April 28, 1992",George H. W. Bush; Turgut Ozal,Full,Unrestricted,5,428082173,"Source: George H.W. Bush Library, Bush Presidential Records, National Security Council, Presidential Memcon Files, Meeting with President Turgut Ozal of Turkey, April 28, 1992. Catalog access: Unrestricted. Release status: Full. NAID 428082173.","Source: George H.W. Bush Library, Bush Presidential Records, National Security Council, Presidential Memcon Files, Meeting with President Turgut Ozal of Turkey, April 28, 1992. Release status: Full. NAID 428082173.",Confirm classification marking from PDF | Confirm place/time and drafting/clearance details from text | Replace Catalog-only release/access wording with final FRUS editorial wording where needed,[Presidential Daily Diary] 4/28/1992 - NAID 415891994 || [Presidential Daily Backup] 4/28/1992 - NAID 415891995,https://catalog.archives.gov/id/428082173,https://s3.us-east-1.amazonaws.com/NARAprodstorage/lz/presidential-libraries/bush/gb-nsc/321498039/1992-04-28--Ozal.pdf
,,,76,3.059,Turkey,1992-05-07,Memorandum of Telephone Conversation,"Telcon with President Turgut Ozal of Turkey, May 7, 1992",George H. W. Bush; Turgut Ozal,Full,Unrestricted,2,428082213,"Source: George H.W. Bush Library, Bush Presidential Records, National Security Council, Presidential Telcon Files, Telcon with President Turgut Ozal of Turkey, May 7, 1992. Catalog access: Unrestricted. Release status: Full. NAID 428082213.","Source: George H.W. Bush Library, Bush Presidential Records, National Security Council, Presidential Telcon Files, Telcon with President Turgut Ozal of Turkey, May 7, 1992. Release status: Full. NAID 428082213.",Confirm classification marking from PDF | Confirm place/time and drafting/clearance details from text | Replace Catalog-only release/access wording with final FRUS editorial wording where needed,[Presidential Daily Diary] 5/7/1992 - NAID 415892013 || [Presidential Daily Backup] 5/7/1992 - NAID 415892014,https://catalog.archives.gov/id/428082213,https://s3.us-east-1.amazonaws.com/NARAprodstorage/lz/presidential-libraries/bush/gb-nsc/321498139/1992-05-07--Ozal.pdf
,,,77,3.060,Turkey,1992-05-11,Memorandum of Telephone Conversation,"Telcon with Prime Minister Demirel of Turkey, May 11, 1992",George H. W. Bush; Suleyman Demirel,Partial,Restricted - Partly,4,428082217,"Source: George H.W. Bush Library, Bush Presidential Records, National Security Council, Presidential Telcon Files, Telcon with Prime Minister Demirel of Turkey, May 11, 1992. Catalog access: Restricted - Partly. Release status: Partial. NAID 428082217.","Source: George H.W. Bush Library, Bush Presidential Records, National Security Council, Presidential Telcon Files, Telcon with Prime Minister Demirel of Turkey, May 11, 1992. Release status: Partial. NAID 428082217.",Confirm classification marking from PDF | Confirm place/time and drafting/clearance details from text | Replace Catalog-only release/access wording with final FRUS editorial wording where needed | Resolve release/marker status before final selection,[Presidential Daily Diary] 5/11/1992 - NAID 415892021 || [Presidential Daily Backup] 5/11/1992 - NAID 415892022,https://catalog.archives.gov/id/428082217,https://s3.us-east-1.amazonaws.com/NARAprodstorage/lz/presidential-libraries/bush/gb-nsc/321498139/1992-05-11--Demirel.pdf
,,,78,3.061,Turkey,1992-06-23,Memorandum of Telephone Conversation,"Telcon with Prime Minister Demirel of Turkey, June 23, 1992",George H. W. Bush; Suleyman Demirel,Full,Unrestricted,3,428082249,"Source: George H.W. Bush Library, Bush Presidential Records, National Security Council, Presidential Telcon Files, Telcon with Prime Minister Demirel of Turkey, June 23, 1992. Catalog access: Unrestricted. Release status: Full. NAID 428082249.","Source: George H.W. Bush Library, Bush Presidential Records, National Security Council, Presidential Telcon Files, Telcon with Prime Minister Demirel of Turkey, June 23, 1992. Release status: Full. NAID 428082249.",Confirm classification marking from PDF | Confirm place/time and drafting/clearance details from text | Replace Catalog-only release/access wording with final FRUS editorial wording where needed,[Presidential Daily Diary] 6/23/1992 - NAID 415892108 || [Presidential Daily Backup] 6/23/1992 - NAID 415892109,https://catalog.archives.gov/id/428082249,https://s3.us-east-1.amazonaws.com/NARAprodstorage/lz/presidential-libraries/bush/gb-nsc/321498139/1992-06-23--Demirel.pdf
,,,79,3.062,Turkey,1992-06-26,Memorandum of Telephone Conversation,"Telcon with Prime Minister Demirel of Turkey, June 26, 1992",George H. W. Bush; Suleyman Demirel,Full,Unrestricted,3,428082251,"Source: George H.W. Bush Library, Bush Presidential Records, National Security Council, Presidential Telcon Files, Telcon with Prime Minister Demirel of Turkey, June 26, 1992. Catalog access: Unrestricted. Release status: Full. NAID 428082251.","Source: George H.W. Bush Library, Bush Presidential Records, National Security Council, Presidential Telcon Files, Telcon with Prime Minister Demirel of Turkey, June 26, 1992. Release status: Full. NAID 428082251.",Confirm classification marking from PDF | Confirm place/time and drafting/clearance details from text | Replace Catalog-only release/access wording with final FRUS editorial wording where needed | Resolve data-quality issue(s): Schedule title caveat (Doc 3.062 / Schedule NAID 415892114),[Presidential Daily Diary] 6/26/1992 [EMPTY] - NAID 415892114 || [Presidential Daily Backup] 6/26/1992 - NAID 415892115,https://catalog.archives.gov/id/428082251,https://s3.us-east-1.amazonaws.com/NARAprodstorage/lz/presidential-libraries/bush/gb-nsc/321498139/1992-06-26--Demirel.pdf
,,,80,3.063,Turkey,1992-07-09,Memorandum of Conversation,"Meeting With Prime Minister Suleyman Demirel of Turkey, July 9, 1992",George H. W. Bush; Suleyman Demirel,Full,Unrestricted,3,428082289,"Source: George H.W. Bush Library, Bush Presidential Records, National Security Council, Presidential Memcon Files, Meeting With Prime Minister Suleyman Demirel of Turkey, July 9, 1992. Catalog access: Unrestricted. Release status: Full. NAID 428082289.","Source: George H.W. Bush Library, Bush Presidential Records, National Security Council, Presidential Memcon Files, Meeting With Prime Minister Suleyman Demirel of Turkey, July 9, 1992. Release status: Full. NAID 428082289.",Confirm classification marking from PDF | Confirm place/time and drafting/clearance details from text | Replace Catalog-only release/access wording with final FRUS editorial wording where needed | Resolve data-quality issue(s): Schedule title caveat (Doc 3.063 / Schedule NAID 415892141),[Presidential Daily Diary] 7/9/1992 [EMPTY] - NAID 415892141 || [Presidential Daily Backup] 7/9/1992 - NAID 415892142,https://catalog.archives.gov/id/428082289,https://s3.us-east-1.amazonaws.com/NARAprodstorage/lz/presidential-libraries/bush/gb-nsc/321498039/1992-07-09--Demirel.pdf
,,,81,3.064,Turkey,1992-08-01,Memorandum of Telephone Conversation,"Telephone Conversation with Prime Minister Suleyman Demirel of Turkey, August 1, 1992",George H. W. Bush; Suleyman Demirel,Partial,Restricted - Partly,4,428082337,"Source: George H.W. Bush Library, Bush Presidential Records, National Security Council, Presidential Telcon Files, Telephone Conversation with Prime Minister Suleyman Demirel of Turkey, August 1, 1992. Catalog access: Restricted - Partly. Release status: Partial. NAID 428082337.","Source: George H.W. Bush Library, Bush Presidential Records, National Security Council, Presidential Telcon Files, Telephone Conversation with Prime Minister Suleyman Demirel of Turkey, August 1, 1992. Release status: Partial. NAID 428082337.",Confirm classification marking from PDF | Confirm place/time and drafting/clearance details from text | Replace Catalog-only release/access wording with final FRUS editorial wording where needed | Resolve release/marker status before final selection,[Presidential Daily Diary] 8/1/1992 - NAID 415892188 || [Presidential Daily Backup] 8/1/1992 - NAID 415892189,https://catalog.archives.gov/id/428082337,https://s3.us-east-1.amazonaws.com/NARAprodstorage/lz/presidential-libraries/bush/gb-nsc/321498139/1992-08-01--Demirel.pdf
,,,82,3.065,Turkey,1992-12-05,Memorandum of Telephone Conversation,"Telcon with President Turgut Ozal of Turkey, December 5, 1992",George H. W. Bush; Turgut Ozal,Full,Unrestricted,3,428082409,"Source: George H.W. Bush Library, Bush Presidential Records, National Security Council, Presidential Telcon Files, Telcon with President Turgut Ozal of Turkey, December 5, 1992. Catalog access: Unrestricted. Release status: Full. NAID 428082409.","Source: George H.W. Bush Library, Bush Presidential Records, National Security Council, Presidential Telcon Files, Telcon with President Turgut Ozal of Turkey, December 5, 1992. Release status: Full. NAID 428082409.",Confirm classification marking from PDF | Confirm place/time and drafting/clearance details from text | Replace Catalog-only release/access wording with final FRUS editorial wording where needed,[Presidential Daily Diary] 12/05/1992 - NAID 415892440 || [Presidential Daily Backup] 12/05/1992 - NAID 415892441,https://catalog.archives.gov/id/428082409,https://s3.us-east-1.amazonaws.com/NARAprodstorage/lz/presidential-libraries/bush/gb-nsc/321498139/1992-12-05--Ozal.pdf
,,,83,3.066,Turkey,1992-12-24,Memorandum of Telephone Conversation,"Telcon with Suleyman Demirel, Prime Minister of Turkey, December 24, 1992",George H. W. Bush; Suleyman Demirel,Full,Unrestricted,3,428082437,"Source: George H.W. Bush Library, Bush Presidential Records, National Security Council, Presidential Telcon Files, Telcon with Suleyman Demirel, Prime Minister of Turkey, December 24, 1992. Catalog access: Unrestricted. Release status: Full. NAID 428082437.","Source: George H.W. Bush Library, Bush Presidential Records, National Security Council, Presidential Telcon Files, Telcon with Suleyman Demirel, Prime Minister of Turkey, December 24, 1992. Release status: Full. NAID 428082437.",Confirm classification marking from PDF | Confirm place/time and drafting/clearance details from text | Replace Catalog-only release/access wording with final FRUS editorial wording where needed,[Presidential Daily Backup] 12/24/1992 - NAID 415892479,https://catalog.archives.gov/id/428082437,https://s3.us-east-1.amazonaws.com/NARAprodstorage/lz/presidential-libraries/bush/gb-nsc/321498139/1992-12-24--Demirel.pdf
,,,84,4.001,Regional,1989-09-25,Memorandum of Conversation,"President's Lunch for Allied Representatives, September 25, 1989",George H. W. Bush; Manfred Woerner; George Papoulias; Mesut Yilmaz; NATO allied representatives,Full,Unrestricted,4,428080191,"Source: George H.W. Bush Library, Bush Presidential Records, National Security Council, Presidential Memcon Files, President's Lunch for Allied Representatives, September 25, 1989. Catalog access: Unrestricted. Release status: Full. NAID 428080191.","Source: George H.W. Bush Library, Bush Presidential Records, National Security Council, Presidential Memcon Files, President's Lunch for Allied Representatives, September 25, 1989. Release status: Full. NAID 428080191.",Confirm classification marking from PDF | Confirm place/time and drafting/clearance details from text | Replace Catalog-only release/access wording with final FRUS editorial wording where needed,[Presidential Daily Diary] 9/25/1989 - NAID 415890094 || [Presidential Daily Backup] 9/25/1989 - NAID 415890095,https://catalog.archives.gov/id/428080191,https://s3.us-east-1.amazonaws.com/NARAprodstorage/lz/presidential-libraries/bush/gb-nsc/321498039/1989-09-25--Allied-Representatives.pdf
