reviewStatus,compilerDecision,compilerNotes,queueRank,queueBucket,candidateId,lane,suggestedAction,priority,chapter,date,title,whyOpen,score,naid,sourceSeries,sourceNote,researchNote,catalogUrl,pdfUrl
,,,746,Open first,CC 005,Central Chronological Files,Open or screen packet index,Open packet first,Turkey,1992-05-01,May 1992 [5],Re: POTUS Call to Demirel (1 pp.) | 04b. Talking Points Points to be Made for Telephone Conversation with Prime Minister Demirel of Turkey (3 pp.) | Minister Demirel of Turkey (3 pp.) | Mitsotakis + memcon | Mitsotakis + telcon | Mitsotakis + memorandum of conversation | Denktash + memorandum | Ozal + memcon | Ozal + telcon | Demirel + memcon | Demirel + telcon,246,470761812,European and Eurasian Directorate Central Chronological Files,"Source: George H.W. Bush Library, Bush Presidential Records, National Security Council, European and Eurasian Directorate Central Chronological Files, May 1992 [5].","Catalog provenance: Catalog access Restricted - Possibly; NAID 470761812. Query hit(s): Mitsotakis + memcon, Mitsotakis + telcon, Mitsotakis + memorandum of conversation, Denktash + memorandum, Ozal + memcon, Ozal + telcon, Demirel + memcon, Demirel + telcon, Greek-Turkish + memorandum, Greece / Turkey / Cyprus + memcon, Greece / Turkey / Cyprus + telcon, Cyprus + memorandum of conversation, Turkey + memorandum of conversation. OCR status: First four pages OCR reviewed. OCR signals: Re: POTUS Call to Demirel (1 pp.) | 04b. Talking Points Points to be Made for Telephone Conversation with Prime Minister Demirel of Turkey (3 pp.) | Minister Demirel of Turkey (3 pp.). PDF extent: 150 pages. Digital object: 41-bpr-nsc-euro_eura-cen_chron-30526-003.pdf. Catalog: https://catalog.archives.gov/id/470761812.",https://catalog.archives.gov/id/470761812,https://s3.dualstack.us-east-1.amazonaws.com/NARAprodstorage/lz/presidential-libraries/bush/gb-nsc/euro_eura_dir_374000108/41-bpr-nsc-euro_eura-cen_chron-30526-003.pdf
,,,745,Open first,BC 003,Blackwill Chronological Files,Open or screen chronological packet,Open packet first,Cyprus,1989-05-01,May 1989 [7],"Subject: Request for Bilateral with Greek Prime | Minister Papandreou | under the auspices of the U.N. Secretary General, between Cypriot | Greece | Greek | Papandreou | Cyprus | Cypriot | Vassiliou | Vassiliou + Cyprus | Denktash",205,453248079,Robert D. Blackwill Chronological Files,"Source: George H.W. Bush Library, Bush Presidential Records, National Security Council, Robert D. Blackwill Chronological Files, May 1989 [7].","Catalog provenance: Catalog access Restricted - Possibly; NAID 453248079. Query hit(s): Greece, Greek, Papandreou, Cyprus, Cypriot, Vassiliou, Vassiliou + Cyprus, Denktash, Turkey, Turkish, Ozal, Ozal + Turkey, Greece / Turkey / Cyprus, memorandum of conversation, telephone conversation. OCR status: Full PDF OCR reviewed. OCR signals: Subject: Request for Bilateral with Greek Prime | Minister Papandreou | under the auspices of the U.N. Secretary General, between Cypriot. PDF extent: 133 pages. Digital object: 41-bpr-nsc-blackwill_chron-30544-003.pdf. Catalog: https://catalog.archives.gov/id/453248079.",https://catalog.archives.gov/id/453248079,https://s3.dualstack.us-east-1.amazonaws.com/NARAprodstorage/lz/presidential-libraries/bush/gb-nsc/blackwill/chron_2554659/41-bpr-nsc-blackwill_chron-30544-003.pdf
,,,743,Open first,CC 007,Central Chronological Files,Open or screen packet index,Open packet first,Greece,1992-11-01,November 1992 [2],02a. Memorandum To: Brent Scowcroft From: Jane Holl 11/13/92 (b)f1) g Re: President's Meeting with Prime Minister Mitsotakis of | Re: President's Meeting with Prime Minister Mitsotakis of Greece (1 pp.) | 02b. Memorandum From: Brent Scowcroft 11/17/92 (b)(1) Cc Re: Meeting with Prime Minister Mitsotakis (3 pp.) | Mitsotakis + memcon | Mitsotakis + telcon | Mitsotakis + memorandum of conversation | Denktash + memorandum | Ozal + memcon | Ozal + telcon | Demirel + memcon | Demirel + telcon,243,470761834,European and Eurasian Directorate Central Chronological Files,"Source: George H.W. Bush Library, Bush Presidential Records, National Security Council, European and Eurasian Directorate Central Chronological Files, November 1992 [2].","Catalog provenance: Catalog access Restricted - Possibly; NAID 470761834. Query hit(s): Mitsotakis + memcon, Mitsotakis + telcon, Mitsotakis + memorandum of conversation, Denktash + memorandum, Ozal + memcon, Ozal + telcon, Demirel + memcon, Demirel + telcon, Greek-Turkish + memorandum, Greece / Turkey / Cyprus + memcon, Greece / Turkey / Cyprus + telcon, Cyprus + memorandum of conversation, Turkey + memorandum of conversation. OCR status: First four pages OCR reviewed. OCR signals: 02a. Memorandum To: Brent Scowcroft From: Jane Holl 11/13/92 (b)f1) g Re: President's Meeting with Prime Minister Mitsotakis of | Re: President's Meeting with Prime Minister Mitsotakis of Greece (1 pp.) | 02b. Memorandum From: Brent Scowcroft 11/17/92 (b)(1) Cc Re: Meeting with Prime Minister Mitsotakis (3 pp.). PDF extent: 142 pages. Digital object: 41-bpr-nsc-euro_eura-cen_chron-30530-005.pdf. Catalog: https://catalog.archives.gov/id/470761834.",https://catalog.archives.gov/id/470761834,https://s3.dualstack.us-east-1.amazonaws.com/NARAprodstorage/lz/presidential-libraries/bush/gb-nsc/euro_eura_dir_374000108/41-bpr-nsc-euro_eura-cen_chron-30530-005.pdf
,,,737,Open first,BC 001,Blackwill Chronological Files,Open or screen chronological packet,Open packet first,Greece,1989-06-01,June 1989 [6],"missing MEMCON is the Presidents meeting with Turkish Prime Minister Ozal, in Brussels on the morning of May 29. The | Minister Ozal, in Brussels on the morning of May 29. The | of Conversation for the Presidents May | Greece | Greek | Papandreou | Papandreou + memcon | Cyprus | Cypriot | Vassiliou | Vassiliou + Cyprus",237,453248088,Robert D. Blackwill Chronological Files,"Source: George H.W. Bush Library, Bush Presidential Records, National Security Council, Robert D. Blackwill Chronological Files, June 1989 [6].","Catalog provenance: Catalog access Restricted - Possibly; NAID 453248088. Query hit(s): Greece, Greek, Papandreou, Papandreou + memcon, Cyprus, Cypriot, Vassiliou, Vassiliou + Cyprus, Denktash, Turkey, Turkish, Ozal, Ozal + Turkey, Greece / Turkey / Cyprus, memcon, memorandum of conversation, telephone conversation. OCR status: Full PDF OCR reviewed. OCR signals: missing MEMCON is the Presidents meeting with Turkish Prime Minister Ozal, in Brussels on the morning of May 29. The | Minister Ozal, in Brussels on the morning of May 29. The | of Conversation for the Presidents May. PDF extent: 149 pages. Digital object: 41-bpr-nsc-blackwill_chron-30545-006.pdf. Catalog: https://catalog.archives.gov/id/453248088.",https://catalog.archives.gov/id/453248088,https://s3.dualstack.us-east-1.amazonaws.com/NARAprodstorage/lz/presidential-libraries/bush/gb-nsc/blackwill/chron_2554659/41-bpr-nsc-blackwill_chron-30545-006.pdf
,,,737,Open first,BC 002,Blackwill Chronological Files,Open or screen chronological packet,Open packet first,Greece,1989-07-01,July 1989 [2],"missing MEMCON is the Presidents meeting with Turkish Prime Minister Ozal, in Brussels on the morning of May 29. The | Minister Ozal, in Brussels on the morning of May 29. The | Memorandum of Conversation for the May 30 Meeting Prime Minister Papandreou | Greece | Greek | Papandreou | Papandreou + memcon | Cyprus | Cypriot | Vassiliou | Vassiliou + Cyprus",237,453248091,Robert D. Blackwill Chronological Files,"Source: George H.W. Bush Library, Bush Presidential Records, National Security Council, Robert D. Blackwill Chronological Files, July 1989 [2].","Catalog provenance: Catalog access Restricted - Possibly; NAID 453248091. Query hit(s): Greece, Greek, Papandreou, Papandreou + memcon, Cyprus, Cypriot, Vassiliou, Vassiliou + Cyprus, Denktash, Turkey, Turkish, Ozal, Ozal + Turkey, Greece / Turkey / Cyprus, memcon, memorandum of conversation, telephone conversation. OCR status: Full PDF OCR reviewed. OCR signals: missing MEMCON is the Presidents meeting with Turkish Prime Minister Ozal, in Brussels on the morning of May 29. The | Minister Ozal, in Brussels on the morning of May 29. The | Memorandum of Conversation for the May 30 Meeting Prime Minister Papandreou. PDF extent: 151 pages. Digital object: 41-bpr-nsc-blackwill_chron-30546-002.pdf. Catalog: https://catalog.archives.gov/id/453248091.",https://catalog.archives.gov/id/453248091,https://s3.dualstack.us-east-1.amazonaws.com/NARAprodstorage/lz/presidential-libraries/bush/gb-nsc/blackwill/chron_2554659/41-bpr-nsc-blackwill_chron-30546-002.pdf
,,,727,Open first,CC 021,Central Chronological Files,Open or screen packet index,Open packet first,Cyprus,1992-01-01,January 1992 [2],01. Memorandum To: Brent Scowcroft From: Jane Holl 1/30/92 (b1) vA Re: Cyprus (2 pp.) | 07. Memorandum To: Brent Scowcroft From: Jane Holl 1/28/92 (bl) Re: Cyprus (2 pp.) | To: Brent Scowcroft From: Jane Holl Re: Meeting with Greek Foreign Minister (2 pp.) | Mitsotakis + telcon | Mitsotakis + memorandum of conversation | Vassiliou + telcon | Cyprus / Denktash / Vassiliou | Denktash + memorandum | Demirel + telcon | Greek-Turkish + memorandum | Greece / Turkey / Cyprus + telcon,187,470761791,European and Eurasian Directorate Central Chronological Files,"Source: George H.W. Bush Library, Bush Presidential Records, National Security Council, European and Eurasian Directorate Central Chronological Files, January 1992 [2].","Catalog provenance: Catalog access Restricted - Possibly; NAID 470761791. Query hit(s): Mitsotakis + telcon, Mitsotakis + memorandum of conversation, Vassiliou + telcon, Cyprus / Denktash / Vassiliou, Denktash + memorandum, Demirel + telcon, Greek-Turkish + memorandum, Greece / Turkey / Cyprus + telcon, Cyprus + memorandum of conversation, Turkey + memorandum of conversation. OCR status: First four pages OCR reviewed. OCR signals: 01. Memorandum To: Brent Scowcroft From: Jane Holl 1/30/92 (b1) vA Re: Cyprus (2 pp.) | 07. Memorandum To: Brent Scowcroft From: Jane Holl 1/28/92 (bl) Re: Cyprus (2 pp.) | To: Brent Scowcroft From: Jane Holl Re: Meeting with Greek Foreign Minister (2 pp.). PDF extent: 91 pages. Digital object: 41-bpr-nsc-euro_eura-cen_chron-30522-006.pdf. Catalog: https://catalog.archives.gov/id/470761791.",https://catalog.archives.gov/id/470761791,https://s3.dualstack.us-east-1.amazonaws.com/NARAprodstorage/lz/presidential-libraries/bush/gb-nsc/euro_eura_dir_374000108/41-bpr-nsc-euro_eura-cen_chron-30522-006.pdf
,,,707,Open first,CC 028,Central Chronological Files,Open or screen packet index,Open packet first,Cyprus,1991-08-01,August 1991 [2],02b. Memorandum To: Brent Scowcroft From: David Gompert 8/3/91 (b)(1) S Re: Cyprus (2 pp.) | 04. Memorandum To: Brent Scowcroft From: David Gompert 8/5/91 (b)(1) S Re: Cyprus (1 pp.) | 05a. Memorandum To: Brent Scowcroft From: David Gompert 8/2/91 yt) go Re: Presidential Message to Vassiliou (1 pp.) | Vassiliou + memcon | Vassiliou + telcon | Cyprus / Denktash / Vassiliou | Denktash + memorandum | Ozal + memcon | Ozal + telcon | Greek-Turkish + memorandum | Cyprus + memorandum of conversation,167,470761771,European and Eurasian Directorate Central Chronological Files,"Source: George H.W. Bush Library, Bush Presidential Records, National Security Council, European and Eurasian Directorate Central Chronological Files, August 1991 [2].","Catalog provenance: Catalog access Restricted - Possibly; NAID 470761771. Query hit(s): Vassiliou + memcon, Vassiliou + telcon, Cyprus / Denktash / Vassiliou, Denktash + memorandum, Ozal + memcon, Ozal + telcon, Greek-Turkish + memorandum, Cyprus + memorandum of conversation, Turkey + memorandum of conversation. OCR status: First four pages OCR reviewed. OCR signals: 02b. Memorandum To: Brent Scowcroft From: David Gompert 8/3/91 (b)(1) S Re: Cyprus (2 pp.) | 04. Memorandum To: Brent Scowcroft From: David Gompert 8/5/91 (b)(1) S Re: Cyprus (1 pp.) | 05a. Memorandum To: Brent Scowcroft From: David Gompert 8/2/91 yt) go Re: Presidential Message to Vassiliou (1 pp.). PDF extent: 144 pages. Digital object: 41-bpr-nsc-euro_eura-cen_chron-30519-001.pdf. Catalog: https://catalog.archives.gov/id/470761771.",https://catalog.archives.gov/id/470761771,https://s3.dualstack.us-east-1.amazonaws.com/NARAprodstorage/lz/presidential-libraries/bush/gb-nsc/euro_eura_dir_374000108/41-bpr-nsc-euro_eura-cen_chron-30519-001.pdf
,,,706,Open first,CC 029,Central Chronological Files,Open or screen packet index,Open packet first,Cyprus,1992-12-01,December 1992 [4],02h. Paper Maintaining Our New Strategic Relationship with Turkey (1 pp.) n.d. (bX 1) vA | 02i. Paper Settline the Cyprus Problem (1 pp.) n.d. ot ) vA | 02j. Paper Bosnia (1 pp.) n.d. (yf) g | Vassiliou + telcon | Cyprus / Denktash / Vassiliou | Denktash + memorandum | Ozal + telcon | Demirel + telcon | Greek-Turkish + memorandum | Greece / Turkey / Cyprus + telcon | Cyprus + memorandum of conversation,166,470761838,European and Eurasian Directorate Central Chronological Files,"Source: George H.W. Bush Library, Bush Presidential Records, National Security Council, European and Eurasian Directorate Central Chronological Files, December 1992 [4].","Catalog provenance: Catalog access Restricted - Possibly; NAID 470761838. Query hit(s): Vassiliou + telcon, Cyprus / Denktash / Vassiliou, Denktash + memorandum, Ozal + telcon, Demirel + telcon, Greek-Turkish + memorandum, Greece / Turkey / Cyprus + telcon, Cyprus + memorandum of conversation, Turkey + memorandum of conversation. OCR status: First four pages OCR reviewed. OCR signals: 02h. Paper Maintaining Our New Strategic Relationship with Turkey (1 pp.) n.d. (bX 1) vA | 02i. Paper Settline the Cyprus Problem (1 pp.) n.d. ot ) vA | 02j. Paper Bosnia (1 pp.) n.d. (yf) g. PDF extent: 192 pages. Digital object: 41-bpr-nsc-euro_eura-cen_chron-30531-004.pdf. Catalog: https://catalog.archives.gov/id/470761838.",https://catalog.archives.gov/id/470761838,https://s3.dualstack.us-east-1.amazonaws.com/NARAprodstorage/lz/presidential-libraries/bush/gb-nsc/euro_eura_dir_374000108/41-bpr-nsc-euro_eura-cen_chron-30531-004.pdf
,,,704,Open first,CC 018,Central Chronological Files,Open or screen packet index,Open packet first,Greece,1992-07-01,July 1992 [3],03. Memcon Meeting with Prime Minister Constantine Mitsotakis of Greece 7/9/92 oy) vA | 05. Memcon Meeting with Prime Minister Constantine Mitsotakis of Greece 7/9/92 oh) g | Mitsotakis + memcon | Mitsotakis + memorandum of conversation | Vassiliou + memcon | Cyprus / Denktash / Vassiliou | Denktash + memorandum | Ozal + memcon | Demirel + memcon | Yilmaz + memcon,204,470761820,European and Eurasian Directorate Central Chronological Files,"Source: George H.W. Bush Library, Bush Presidential Records, National Security Council, European and Eurasian Directorate Central Chronological Files, July 1992 [3].","Catalog provenance: Catalog access Restricted - Possibly; NAID 470761820. Query hit(s): Mitsotakis + memcon, Mitsotakis + memorandum of conversation, Vassiliou + memcon, Cyprus / Denktash / Vassiliou, Denktash + memorandum, Ozal + memcon, Demirel + memcon, Yilmaz + memcon, Greece / Turkey / Cyprus + memcon, Cyprus + memorandum of conversation, Turkey + memorandum of conversation. OCR status: First four pages OCR reviewed. OCR signals: 03. Memcon Meeting with Prime Minister Constantine Mitsotakis of Greece 7/9/92 oy) vA | 05. Memcon Meeting with Prime Minister Constantine Mitsotakis of Greece 7/9/92 oh) g. PDF extent: 167 pages. Digital object: 41-bpr-nsc-euro_eura-cen_chron-30528-001.pdf. Catalog: https://catalog.archives.gov/id/470761820.",https://catalog.archives.gov/id/470761820,https://s3.dualstack.us-east-1.amazonaws.com/NARAprodstorage/lz/presidential-libraries/bush/gb-nsc/euro_eura_dir_374000108/41-bpr-nsc-euro_eura-cen_chron-30528-001.pdf
,,,704,Open first,CC 017,Central Chronological Files,Open or screen packet index,Open packet first,Turkey,1992-06-01,June 1992 [4],04b. Report Government Report (1 pp.) 6/19/92 (b)(1) S | 05. Telcon Telcon with Prime Minister Demirel of Turkey (2 pp.) 6/26/92 (by) FA 06. Report Government Report (1 pp.) n.d. (b)(1) Cc | 06. Report Government Report (1 pp.) n.d. (b)(1) Cc | Mitsotakis + memcon | Mitsotakis + telcon | Mitsotakis + memorandum of conversation | Denktash + memorandum | Demirel + memcon | Demirel + telcon | Greek-Turkish + memorandum | Greece / Turkey / Cyprus + memcon,204,470761816,European and Eurasian Directorate Central Chronological Files,"Source: George H.W. Bush Library, Bush Presidential Records, National Security Council, European and Eurasian Directorate Central Chronological Files, June 1992 [4].","Catalog provenance: Catalog access Restricted - Possibly; NAID 470761816. Query hit(s): Mitsotakis + memcon, Mitsotakis + telcon, Mitsotakis + memorandum of conversation, Denktash + memorandum, Demirel + memcon, Demirel + telcon, Greek-Turkish + memorandum, Greece / Turkey / Cyprus + memcon, Greece / Turkey / Cyprus + telcon, Cyprus + memorandum of conversation, Turkey + memorandum of conversation. OCR status: First four pages OCR reviewed. OCR signals: 04b. Report Government Report (1 pp.) 6/19/92 (b)(1) S | 05. Telcon Telcon with Prime Minister Demirel of Turkey (2 pp.) 6/26/92 (by) FA 06. Report Government Report (1 pp.) n.d. (b)(1) Cc | 06. Report Government Report (1 pp.) n.d. (b)(1) Cc. PDF extent: 133 pages. Digital object: 41-bpr-nsc-euro_eura-cen_chron-30527-002.pdf. Catalog: https://catalog.archives.gov/id/470761816.",https://catalog.archives.gov/id/470761816,https://s3.dualstack.us-east-1.amazonaws.com/NARAprodstorage/lz/presidential-libraries/bush/gb-nsc/euro_eura_dir_374000108/41-bpr-nsc-euro_eura-cen_chron-30527-002.pdf
,,,692,Open first,BC 007,Blackwill Chronological Files,Open or screen chronological packet,Open packet first,Cyprus,1989-03-01,March 1989 [4],"When President Vassiliou was elected in February 1988, he evoked | high expectations that he would take a fresh look at the Cyprus | problem. He met with then-President Reagan in August and has had | Cyprus | Cypriot | Vassiliou | Vassiliou + Cyprus | Denktash | Turkey | Turkish | Ozal",152,453248061,Robert D. Blackwill Chronological Files,"Source: George H.W. Bush Library, Bush Presidential Records, National Security Council, Robert D. Blackwill Chronological Files, March 1989 [4].","Catalog provenance: Catalog access Restricted - Possibly; NAID 453248061. Query hit(s): Cyprus, Cypriot, Vassiliou, Vassiliou + Cyprus, Denktash, Turkey, Turkish, Ozal, Ozal + Turkey, memorandum of conversation, telephone conversation. OCR status: Full PDF OCR reviewed. OCR signals: When President Vassiliou was elected in February 1988, he evoked | high expectations that he would take a fresh look at the Cyprus | problem. He met with then-President Reagan in August and has had. PDF extent: 63 pages. Digital object: 41-bpr-nsc-blackwill_chron-30541-003.pdf. Catalog: https://catalog.archives.gov/id/453248061.",https://catalog.archives.gov/id/453248061,https://s3.dualstack.us-east-1.amazonaws.com/NARAprodstorage/lz/presidential-libraries/bush/gb-nsc/blackwill/chron_2554659/41-bpr-nsc-blackwill_chron-30541-003.pdf
,,,690,Open first,BC 004,Blackwill Chronological Files,Open or screen chronological packet,Open packet first,Turkey,1989-08-01,August 1989 [7],"Minister Turgut Ozal and President Kenan Evren of Turkey | Minister Turgut Ozal and President Evren of Turkey, August 1, 1989 | SUBJECT: Telephone Call to Prime Minister Turgut Ozal of Turkey (U) | Greece | Greek | Cyprus | Cypriot | Vassiliou | Vassiliou + Cyprus | Denktash | Turkey",190,453248101,Robert D. Blackwill Chronological Files,"Source: George H.W. Bush Library, Bush Presidential Records, National Security Council, Robert D. Blackwill Chronological Files, August 1989 [7].","Catalog provenance: Catalog access Restricted - Possibly; NAID 453248101. Query hit(s): Greece, Greek, Cyprus, Cypriot, Vassiliou, Vassiliou + Cyprus, Denktash, Turkey, Turkish, Ozal, Ozal + Turkey, Greece / Turkey / Cyprus, memorandum of conversation, telephone conversation. OCR status: Full PDF OCR reviewed. OCR signals: Minister Turgut Ozal and President Kenan Evren of Turkey | Minister Turgut Ozal and President Evren of Turkey, August 1, 1989 | SUBJECT: Telephone Call to Prime Minister Turgut Ozal of Turkey (U). PDF extent: 48 pages. Digital object: 41-bpr-nsc-blackwill_chron-30547-005.pdf. Catalog: https://catalog.archives.gov/id/453248101.",https://catalog.archives.gov/id/453248101,https://s3.dualstack.us-east-1.amazonaws.com/NARAprodstorage/lz/presidential-libraries/bush/gb-nsc/blackwill/chron_2554659/41-bpr-nsc-blackwill_chron-30547-005.pdf
,,,684,Open first,CC 026,Central Chronological Files,Open or screen packet index,Open packet first,Turkey,1992-07-01,July 1992 [4],10a. Memorandum To: Brent Scowcroft From: Jane Holl 7/1/92 (oy) g Re: Reply to Turgut Ozal (1 pp.) | 10b. Memorandum To: President Bush From: Brent Scowcroft n.d. oy) f Re: Reply to Turgut Ozal (1 pp.) | 10c. Letter To: President Ozal From: President Bush n.d. (b)(1) | Mitsotakis + memcon | Mitsotakis + memorandum of conversation | Denktash + memorandum | Ozal + memcon | Demirel + memcon | Aegean + memcon | Greek-Turkish + memorandum | Greece / Turkey / Cyprus + memcon,184,470761821,European and Eurasian Directorate Central Chronological Files,"Source: George H.W. Bush Library, Bush Presidential Records, National Security Council, European and Eurasian Directorate Central Chronological Files, July 1992 [4].","Catalog provenance: Catalog access Restricted - Possibly; NAID 470761821. Query hit(s): Mitsotakis + memcon, Mitsotakis + memorandum of conversation, Denktash + memorandum, Ozal + memcon, Demirel + memcon, Aegean + memcon, Greek-Turkish + memorandum, Greece / Turkey / Cyprus + memcon, Cyprus + memorandum of conversation, Turkey + memorandum of conversation. OCR status: First four pages OCR reviewed. OCR signals: 10a. Memorandum To: Brent Scowcroft From: Jane Holl 7/1/92 (oy) g Re: Reply to Turgut Ozal (1 pp.) | 10b. Memorandum To: President Bush From: Brent Scowcroft n.d. oy) f Re: Reply to Turgut Ozal (1 pp.) | 10c. Letter To: President Ozal From: President Bush n.d. (b)(1). PDF extent: 155 pages. Digital object: 41-bpr-nsc-euro_eura-cen_chron-30528-002.pdf. Catalog: https://catalog.archives.gov/id/470761821.",https://catalog.archives.gov/id/470761821,https://s3.dualstack.us-east-1.amazonaws.com/NARAprodstorage/lz/presidential-libraries/bush/gb-nsc/euro_eura_dir_374000108/41-bpr-nsc-euro_eura-cen_chron-30528-002.pdf
,,,663,Open first,CC 033,Central Chronological Files,Open or screen packet index,Open packet first,Turkey,1990-01-01,January 1990 [1],Re: Ozal Visit to Washington (1 pp.) | 12e. Cable To: Brent Scowcroft From: Ambassador Abramowitz 1/2/90 (b)(1) Cc Re: Ozal Visit to Washington (1 pp.) | Vassiliou + memcon | Vassiliou + telcon | Cyprus / Denktash / Vassiliou | Denktash + memorandum | Ozal + memcon | Ozal + telcon | Greek-Turkish + memorandum | Cyprus + memorandum of conversation,163,470761674,European and Eurasian Directorate Central Chronological Files,"Source: George H.W. Bush Library, Bush Presidential Records, National Security Council, European and Eurasian Directorate Central Chronological Files, January 1990 [1].","Catalog provenance: Catalog access Restricted - Possibly; NAID 470761674. Query hit(s): Vassiliou + memcon, Vassiliou + telcon, Cyprus / Denktash / Vassiliou, Denktash + memorandum, Ozal + memcon, Ozal + telcon, Greek-Turkish + memorandum, Cyprus + memorandum of conversation, Turkey + memorandum of conversation. OCR status: First four pages OCR reviewed. OCR signals: Re: Ozal Visit to Washington (1 pp.) | 12e. Cable To: Brent Scowcroft From: Ambassador Abramowitz 1/2/90 (b)(1) Cc Re: Ozal Visit to Washington (1 pp.). PDF extent: 154 pages. Digital object: 41-bpr-nsc-euro_eura-cen_chron-30503-004.pdf. Catalog: https://catalog.archives.gov/id/470761674.",https://catalog.archives.gov/id/470761674,https://s3.dualstack.us-east-1.amazonaws.com/NARAprodstorage/lz/presidential-libraries/bush/gb-nsc/euro_eura_dir_374000108/41-bpr-nsc-euro_eura-cen_chron-30503-004.pdf
,,,651,Open first,CC 055,Central Chronological Files,Open or screen packet index,Open packet first,Cyprus,1990-08-01,August 1990 [7],06a. Letter To: President Vassiliou From: President Bush 8/9/90 (b)(1) Re: Cyprus (2 pp.) | 06b. Cable To: Distribution List From: AmEmbassy Nicosia 6/7/90 (b)(1) C Re: Vassiliou Letter to President Bush on Summit (1 pp.) | 06c. Cable To: Distribution List From: AmEmbassy Nicosia 5/21/90 (b)(1) C Re: Vassiliou Letter to President Bush on Summit (2 pp.) | Vassiliou + telcon | Ozal + telcon | Greek-Turkish + memorandum | Greece / Turkey / Cyprus + telcon | Cyprus + memorandum of conversation | Turkey + memorandum of conversation,111,470761713,European and Eurasian Directorate Central Chronological Files,"Source: George H.W. Bush Library, Bush Presidential Records, National Security Council, European and Eurasian Directorate Central Chronological Files, August 1990 [7].","Catalog provenance: Catalog access Restricted - Possibly; NAID 470761713. Query hit(s): Vassiliou + telcon, Ozal + telcon, Greek-Turkish + memorandum, Greece / Turkey / Cyprus + telcon, Cyprus + memorandum of conversation, Turkey + memorandum of conversation. OCR status: First four pages OCR reviewed. OCR signals: 06a. Letter To: President Vassiliou From: President Bush 8/9/90 (b)(1) Re: Cyprus (2 pp.) | 06b. Cable To: Distribution List From: AmEmbassy Nicosia 6/7/90 (b)(1) C Re: Vassiliou Letter to President Bush on Summit (1 pp.) | 06c. Cable To: Distribution List From: AmEmbassy Nicosia 5/21/90 (b)(1) C Re: Vassiliou Letter to President Bush on Summit (2 pp.). PDF extent: 133 pages. Digital object: 41-bpr-nsc-euro_eura-cen_chron-30509-004.pdf. Catalog: https://catalog.archives.gov/id/470761713.",https://catalog.archives.gov/id/470761713,https://s3.dualstack.us-east-1.amazonaws.com/NARAprodstorage/lz/presidential-libraries/bush/gb-nsc/euro_eura_dir_374000108/41-bpr-nsc-euro_eura-cen_chron-30509-004.pdf
,,,650,Open first,CC 057,Central Chronological Files,Open or screen packet index,Open packet first,Cyprus,1990-08-01,August 1990 [5],: Brent Scowcroft From: Nicholas Burns | : Presidential Letter to President Vassiliou (2 pp.) | : President Vassiliou From: President Bush | Vassiliou + memcon | Vassiliou + telcon | Ozal + memcon | Ozal + telcon | Cyprus + memorandum of conversation | Turkey + memorandum of conversation,110,470761711,European and Eurasian Directorate Central Chronological Files,"Source: George H.W. Bush Library, Bush Presidential Records, National Security Council, European and Eurasian Directorate Central Chronological Files, August 1990 [5].","Catalog provenance: Catalog access Restricted - Possibly; NAID 470761711. Query hit(s): Vassiliou + memcon, Vassiliou + telcon, Ozal + memcon, Ozal + telcon, Cyprus + memorandum of conversation, Turkey + memorandum of conversation. OCR status: First four pages OCR reviewed. OCR signals: : Brent Scowcroft From: Nicholas Burns | : Presidential Letter to President Vassiliou (2 pp.) | : President Vassiliou From: President Bush. PDF extent: 129 pages. Digital object: 41-bpr-nsc-euro_eura-cen_chron-30509-002.pdf. Catalog: https://catalog.archives.gov/id/470761711.",https://catalog.archives.gov/id/470761711,https://s3.dualstack.us-east-1.amazonaws.com/NARAprodstorage/lz/presidential-libraries/bush/gb-nsc/euro_eura_dir_374000108/41-bpr-nsc-euro_eura-cen_chron-30509-002.pdf
,,,642,High-value source pool,RS 001-001,Requested source pool: Scowcroft Papers,Review requested source-pool lead,High-value EastMed lead,Greece; Cyprus; Turkey; Regional,,Presidential Meetings--Memorandum of Conversations 7/11/91-7/22/91,Greece | Greek | Papandreou | Mitsotakis | Cyprus | Cypriot | Vassiliou | Denktash | Turkey | Turkish,252,366551676,Presidential Correspondence Files,"Source: George H.W. Bush Library, Bush Presidential Records, Brent Scowcroft Collection, Presidential Correspondence Files, Presidential Meetings--Memorandum of Conversations 7/11/91-7/22/91.","Catalog provenance: Catalog access Restricted - Possibly; NAID 366551676. Query hit(s): Greece, Greek, Papandreou, Mitsotakis, Cyprus, Cypriot, Vassiliou, Denktash, Turkey, Turkish, Ozal, Yilmaz, PKK, Aegean, Eastern Mediterranean, Greece / Turkey / Cyprus, memcon, memorandum of conversation. Digital object: 41-bpr-scow-pcor-memcon-91109-001.pdf. Catalog: https://catalog.archives.gov/id/366551676.",https://catalog.archives.gov/id/366551676,https://s3.amazonaws.com/NARAprodstorage/lz/presidential-libraries/bush/gb-gbs/4545941/41-bpr-scow-pcor-memcon-91109-001.pdf
,,,642,Open first,BC 008,Blackwill Chronological Files,Open or screen chronological packet,Open packet first,Turkey,1989-06-01,June 1989 [7],SUBJECT: Telephone Call to Prime Minister Ozal | of Turkey | Telephone Call to Turkish Prime Minister | Greece | Greek | Mitsotakis | Cyprus | Turkey | Turkish | Ozal | Ozal + Turkey,142,453248089,Robert D. Blackwill Chronological Files,"Source: George H.W. Bush Library, Bush Presidential Records, National Security Council, Robert D. Blackwill Chronological Files, June 1989 [7].","Catalog provenance: Catalog access Restricted - Possibly; NAID 453248089. Query hit(s): Greece, Greek, Mitsotakis, Cyprus, Turkey, Turkish, Ozal, Ozal + Turkey, Greece / Turkey / Cyprus, memorandum of conversation, telephone conversation. OCR status: Full PDF OCR reviewed. OCR signals: SUBJECT: Telephone Call to Prime Minister Ozal | of Turkey | Telephone Call to Turkish Prime Minister. PDF extent: 75 pages. Digital object: 41-bpr-nsc-blackwill_chron-30545-007.pdf. Catalog: https://catalog.archives.gov/id/453248089.",https://catalog.archives.gov/id/453248089,https://s3.dualstack.us-east-1.amazonaws.com/NARAprodstorage/lz/presidential-libraries/bush/gb-nsc/blackwill/chron_2554659/41-bpr-nsc-blackwill_chron-30545-007.pdf
,,,632,Open first,CC 065,Central Chronological Files,Open or screen packet index,Open packet first,Cyprus,1989-11-01,November 1989 [2],13a. Memorandum To: Brent Scowcroft From: Robert Hutchings 11/15/89 (1) Re: Message to Vassiliou (1 pp.) | 13b. Letter To: President Vassiliou From: President Bush n.d. (b)(1) Re: Cyprus (1 pp.) | Zolotas + telcon | Vassiliou + telcon | Greece / Turkey / Cyprus + telcon | Cyprus + memorandum of conversation | Turkey + memorandum of conversation,92,470761667,European and Eurasian Directorate Central Chronological Files,"Source: George H.W. Bush Library, Bush Presidential Records, National Security Council, European and Eurasian Directorate Central Chronological Files, November 1989 [2].","Catalog provenance: Catalog access Restricted - Possibly; NAID 470761667. Query hit(s): Zolotas + telcon, Vassiliou + telcon, Greece / Turkey / Cyprus + telcon, Cyprus + memorandum of conversation, Turkey + memorandum of conversation. OCR status: First four pages OCR reviewed. OCR signals: 13a. Memorandum To: Brent Scowcroft From: Robert Hutchings 11/15/89 (1) Re: Message to Vassiliou (1 pp.) | 13b. Letter To: President Vassiliou From: President Bush n.d. (b)(1) Re: Cyprus (1 pp.). PDF extent: 129 pages. Digital object: 41-bpr-nsc-euro_eura-cen_chron-30502-002.pdf. Catalog: https://catalog.archives.gov/id/470761667.",https://catalog.archives.gov/id/470761667,https://s3.dualstack.us-east-1.amazonaws.com/NARAprodstorage/lz/presidential-libraries/bush/gb-nsc/euro_eura_dir_374000108/41-bpr-nsc-euro_eura-cen_chron-30502-002.pdf
,,,629,Open first,CC 045,Central Chronological Files,Open or screen packet index,Open packet first,Turkey,1992-02-01,February 1992 [4],05b. Memorandum To: President Bush From: Brent Scowcroft n.d. (4!) vA Re: Letter to Demirel (1 pp.) | Re: Letter to Demirel (1 pp.) 06. Report Government Report (1 pp.) 2/7/92 (b)(1) | 06. Report Government Report (1 pp.) 2/7/92 (b)(1) | Demirel + memcon | Demirel + telcon | Greek-Turkish + memorandum | Greece / Turkey / Cyprus + memcon | Greece / Turkey / Cyprus + telcon | Cyprus + memorandum of conversation | Turkey + memorandum of conversation,129,470761797,European and Eurasian Directorate Central Chronological Files,"Source: George H.W. Bush Library, Bush Presidential Records, National Security Council, European and Eurasian Directorate Central Chronological Files, February 1992 [4].","Catalog provenance: Catalog access Restricted - Possibly; NAID 470761797. Query hit(s): Demirel + memcon, Demirel + telcon, Greek-Turkish + memorandum, Greece / Turkey / Cyprus + memcon, Greece / Turkey / Cyprus + telcon, Cyprus + memorandum of conversation, Turkey + memorandum of conversation. OCR status: First four pages OCR reviewed. OCR signals: 05b. Memorandum To: President Bush From: Brent Scowcroft n.d. (4!) vA Re: Letter to Demirel (1 pp.) | Re: Letter to Demirel (1 pp.) 06. Report Government Report (1 pp.) 2/7/92 (b)(1) | 06. Report Government Report (1 pp.) 2/7/92 (b)(1). PDF extent: 144 pages. Digital object: 41-bpr-nsc-euro_eura-cen_chron-30523-006.pdf. Catalog: https://catalog.archives.gov/id/470761797.",https://catalog.archives.gov/id/470761797,https://s3.dualstack.us-east-1.amazonaws.com/NARAprodstorage/lz/presidential-libraries/bush/gb-nsc/euro_eura_dir_374000108/41-bpr-nsc-euro_eura-cen_chron-30523-006.pdf
,,,624,Open first,BC 010,Blackwill Chronological Files,Open or screen chronological packet,Open packet first,Turkey,1989-08-01,August 1989 [5],Ambassador from Turkey | Greece | Greek | Cyprus | Turkey | Turkish | Ozal | Ozal + Turkey | Greece / Turkey / Cyprus,124,453248099,Robert D. Blackwill Chronological Files,"Source: George H.W. Bush Library, Bush Presidential Records, National Security Council, Robert D. Blackwill Chronological Files, August 1989 [5].","Catalog provenance: Catalog access Restricted - Possibly; NAID 453248099. Query hit(s): Greece, Greek, Cyprus, Turkey, Turkish, Ozal, Ozal + Turkey, Greece / Turkey / Cyprus, memorandum of conversation, telephone conversation. OCR status: First four pages OCR reviewed. OCR signals: Ambassador from Turkey. PDF extent: 110 pages. Digital object: 41-bpr-nsc-blackwill_chron-30547-003.pdf. Catalog: https://catalog.archives.gov/id/453248099.",https://catalog.archives.gov/id/453248099,https://s3.dualstack.us-east-1.amazonaws.com/NARAprodstorage/lz/presidential-libraries/bush/gb-nsc/blackwill/chron_2554659/41-bpr-nsc-blackwill_chron-30547-003.pdf
,,,615,Open first,CC 053,Central Chronological Files,Open or screen packet index,Open packet first,Turkey,1991-01-01,January 1991 [3],03a. Memorandum To: Brent Scowcroft From: Nicholas Burns 1/17/91 (b)(1) S Re: Presidential Message to President Ozal (1 pp.) | 03b. Memorandum To: President Bush From: Brent Scowcroft 1/17/91 (b)(1) S Re: Telephone Call to President Ozal (1 pp.) | 03c. Talking Points Points to be Made for Call to President Ozal (1 pp.) n.d. (b)(1) | Mitsotakis + memcon | Mitsotakis + telcon | Mitsotakis + memorandum of conversation | Ozal + memcon | Ozal + telcon | Turkey + memorandum of conversation,115,470761737,European and Eurasian Directorate Central Chronological Files,"Source: George H.W. Bush Library, Bush Presidential Records, National Security Council, European and Eurasian Directorate Central Chronological Files, January 1991 [3].","Catalog provenance: Catalog access Restricted - Possibly; NAID 470761737. Query hit(s): Mitsotakis + memcon, Mitsotakis + telcon, Mitsotakis + memorandum of conversation, Ozal + memcon, Ozal + telcon, Turkey + memorandum of conversation. OCR status: First four pages OCR reviewed. OCR signals: 03a. Memorandum To: Brent Scowcroft From: Nicholas Burns 1/17/91 (b)(1) S Re: Presidential Message to President Ozal (1 pp.) | 03b. Memorandum To: President Bush From: Brent Scowcroft 1/17/91 (b)(1) S Re: Telephone Call to President Ozal (1 pp.) | 03c. Talking Points Points to be Made for Call to President Ozal (1 pp.) n.d. (b)(1). PDF extent: 156 pages. Digital object: 41-bpr-nsc-euro_eura-cen_chron-30513-003.pdf. Catalog: https://catalog.archives.gov/id/470761737.",https://catalog.archives.gov/id/470761737,https://s3.dualstack.us-east-1.amazonaws.com/NARAprodstorage/lz/presidential-libraries/bush/gb-nsc/euro_eura_dir_374000108/41-bpr-nsc-euro_eura-cen_chron-30513-003.pdf
,,,609,Open first,BC 012,Blackwill Chronological Files,Open or screen chronological packet,Open packet first,Turkey,1989-06-01,June 1989 [1],SUBJECT: Telephone Call to Prime Minister Ozal | of Turkey | Telephone Call to Turkish Prime Minister | Greek | Cyprus | Turkey | Turkish | Ozal | Ozal + Turkey | memcon | memorandum of conversation,109,453248083,Robert D. Blackwill Chronological Files,"Source: George H.W. Bush Library, Bush Presidential Records, National Security Council, Robert D. Blackwill Chronological Files, June 1989 [1].","Catalog provenance: Catalog access Restricted - Possibly; NAID 453248083. Query hit(s): Greek, Cyprus, Turkey, Turkish, Ozal, Ozal + Turkey, memcon, memorandum of conversation, telephone conversation. OCR status: Full PDF OCR reviewed. OCR signals: SUBJECT: Telephone Call to Prime Minister Ozal | of Turkey | Telephone Call to Turkish Prime Minister. PDF extent: 140 pages. Digital object: 41-bpr-nsc-blackwill_chron-30545-001.pdf. Catalog: https://catalog.archives.gov/id/453248083.",https://catalog.archives.gov/id/453248083,https://s3.dualstack.us-east-1.amazonaws.com/NARAprodstorage/lz/presidential-libraries/bush/gb-nsc/blackwill/chron_2554659/41-bpr-nsc-blackwill_chron-30545-001.pdf
,,,587,High-value source pool,RS 001-002,Requested source pool: Scowcroft Papers,Review requested source-pool lead,High-value EastMed lead,Greece; Cyprus; Turkey; Regional,,Presidential Meetings--Memorandum of Conversations 7/9/92-12/22/92,Greece | Greek | Papandreou | Mitsotakis | Cyprus | Cypriot | Vassiliou | Denktash | Clerides | Demirel,197,366551685,Presidential Correspondence Files,"Source: George H.W. Bush Library, Bush Presidential Records, Brent Scowcroft Collection, Presidential Correspondence Files, Presidential Meetings--Memorandum of Conversations 7/9/92-12/22/92.","Catalog provenance: Catalog access Restricted - Possibly; NAID 366551685. Query hit(s): Greece, Greek, Papandreou, Mitsotakis, Cyprus, Cypriot, Vassiliou, Denktash, Clerides, Demirel, PKK, Greece / Turkey / Cyprus, memcon, memorandum of conversation. Digital object: 41-bpr-scow-pcor-memcon-91110-002.pdf. Catalog: https://catalog.archives.gov/id/366551685.",https://catalog.archives.gov/id/366551685,https://s3.amazonaws.com/NARAprodstorage/lz/presidential-libraries/bush/gb-gbs/4545941/41-bpr-scow-pcor-memcon-91110-002.pdf
,,,579,High-value source pool,BC 005,Blackwill Chronological Files,Open or screen chronological packet,High-value EastMed search lead,Regional,1989-07-01,July 1989 [1],Greece | Greek | Cyprus | Cypriot | Vassiliou | Vassiliou + Cyprus | Denktash | Turkey,189,453248090,Robert D. Blackwill Chronological Files,"Source: George H.W. Bush Library, Bush Presidential Records, National Security Council, Robert D. Blackwill Chronological Files, July 1989 [1].","Catalog provenance: Catalog access Restricted - Possibly; NAID 453248090. Query hit(s): Greece, Greek, Cyprus, Cypriot, Vassiliou, Vassiliou + Cyprus, Denktash, Turkey, Turkish, Ozal, Ozal + Turkey, Greece / Turkey / Cyprus, memorandum of conversation, telephone conversation. OCR status: First four pages OCR reviewed. PDF extent: 135 pages. Digital object: 41-bpr-nsc-blackwill_chron-30546-001.pdf. Catalog: https://catalog.archives.gov/id/453248090.",https://catalog.archives.gov/id/453248090,https://s3.dualstack.us-east-1.amazonaws.com/NARAprodstorage/lz/presidential-libraries/bush/gb-nsc/blackwill/chron_2554659/41-bpr-nsc-blackwill_chron-30546-001.pdf
,,,568,Open first,CC 075,Central Chronological Files,Open or screen packet index,Open packet first,Greece,1990-06-01,June 1990 [5],Re: Meeting and Lunch with Prime Minister Mitsotakis (3 pp.) | 04b. Talking Points Points to be Made for Meeting with Mitsotakis (5 pp.) n.d. (b)(1) S 04c. Talking Points Points to be Made for Meeting with Mitsotakis (6 pp.) n.d. (b)(1) N) | 04c. Talking Points Points to be Made for Meeting with Mitsotakis (6 pp.) n.d. (b)(1) N) 04d. Report Government Report (2 pp.) 4/30/90 (b)(1) S | Mitsotakis + memorandum of conversation | Greek-Turkish + memorandum | Cyprus + memorandum of conversation | Turkey + memorandum of conversation,68,470761700,European and Eurasian Directorate Central Chronological Files,"Source: George H.W. Bush Library, Bush Presidential Records, National Security Council, European and Eurasian Directorate Central Chronological Files, June 1990 [5].","Catalog provenance: Catalog access Restricted - Possibly; NAID 470761700. Query hit(s): Mitsotakis + memorandum of conversation, Greek-Turkish + memorandum, Cyprus + memorandum of conversation, Turkey + memorandum of conversation. OCR status: First four pages OCR reviewed. OCR signals: Re: Meeting and Lunch with Prime Minister Mitsotakis (3 pp.) | 04b. Talking Points Points to be Made for Meeting with Mitsotakis (5 pp.) n.d. (b)(1) S 04c. Talking Points Points to be Made for Meeting with Mitsotakis (6 pp.) n.d. (b)(1) N) | 04c. Talking Points Points to be Made for Meeting with Mitsotakis (6 pp.) n.d. (b)(1) N) 04d. Report Government Report (2 pp.) 4/30/90 (b)(1) S. PDF extent: 95 pages. Digital object: 41-bpr-nsc-euro_eura-cen_chron-30507-004.pdf. Catalog: https://catalog.archives.gov/id/470761700.",https://catalog.archives.gov/id/470761700,https://s3.dualstack.us-east-1.amazonaws.com/NARAprodstorage/lz/presidential-libraries/bush/gb-nsc/euro_eura_dir_374000108/41-bpr-nsc-euro_eura-cen_chron-30507-004.pdf
,,,567,High-value source pool,RS 001-003,Requested source pool: Scowcroft Papers,Review requested source-pool lead,High-value EastMed lead,Greece; Cyprus; Turkey; Regional,,Presidential Meetings--Memorandum of Conversations 3/3/92-4/28/92,Greece | Greek | Mitsotakis | Cyprus | Cypriot | Vassiliou | Denktash | Turkish | Demirel | Eastern Mediterranean,177,366551682,Presidential Correspondence Files,"Source: George H.W. Bush Library, Bush Presidential Records, Brent Scowcroft Collection, Presidential Correspondence Files, Presidential Meetings--Memorandum of Conversations 3/3/92-4/28/92.","Catalog provenance: Catalog access Restricted - Possibly; NAID 366551682. Query hit(s): Greece, Greek, Mitsotakis, Cyprus, Cypriot, Vassiliou, Denktash, Turkish, Demirel, Eastern Mediterranean, Greece / Turkey / Cyprus, memcon, memorandum of conversation. Digital object: 41-bpr-scow-pcor-memcon-91109-007.pdf. Catalog: https://catalog.archives.gov/id/366551682.",https://catalog.archives.gov/id/366551682,https://s3.amazonaws.com/NARAprodstorage/lz/presidential-libraries/bush/gb-gbs/4545941/41-bpr-scow-pcor-memcon-91109-007.pdf
,,,564,High-value source pool,RS 001-004,Requested source pool: Scowcroft Papers,Review requested source-pool lead,High-value EastMed lead,Greece; Cyprus; Turkey; Regional,,Presidential Meetings--Memorandum of Conversations 2/1/92-2/27/92,Greece | Greek | Mitsotakis | Cyprus | Denktash | Turkey | Turkish | Demirel | PKK | Aegean,174,366551681,Presidential Correspondence Files,"Source: George H.W. Bush Library, Bush Presidential Records, Brent Scowcroft Collection, Presidential Correspondence Files, Presidential Meetings--Memorandum of Conversations 2/1/92-2/27/92.","Catalog provenance: Catalog access Restricted - Possibly; NAID 366551681. Query hit(s): Greece, Greek, Mitsotakis, Cyprus, Denktash, Turkey, Turkish, Demirel, PKK, Aegean, Greece / Turkey / Cyprus, memcon, memorandum of conversation. Digital object: 41-bpr-scow-pcor-memcon-91109-006.pdf. Catalog: https://catalog.archives.gov/id/366551681.",https://catalog.archives.gov/id/366551681,https://s3.amazonaws.com/NARAprodstorage/lz/presidential-libraries/bush/gb-gbs/4545941/41-bpr-scow-pcor-memcon-91109-006.pdf
,,,562,High-value source pool,RS 001-005,Requested source pool: Scowcroft Papers,Review requested source-pool lead,High-value EastMed lead,Greece; Cyprus; Turkey; Regional,,Presidential Telephone Calls--Memorandum of Conversations 8/22/90-10/5/90,Greece | Greek | Mitsotakis | Cyprus | Vassiliou | Turkey | Turkish | Ozal | Eastern Mediterranean | Greece / Turkey / Cyprus,172,366551694,Presidential Correspondence Files,"Source: George H.W. Bush Library, Bush Presidential Records, Brent Scowcroft Collection, Presidential Correspondence Files, Presidential Telephone Calls--Memorandum of Conversations 8/22/90-10/5/90.","Catalog provenance: Catalog access Restricted - Possibly; NAID 366551694. Query hit(s): Greece, Greek, Mitsotakis, Cyprus, Vassiliou, Turkey, Turkish, Ozal, Eastern Mediterranean, Greece / Turkey / Cyprus, telcon, memorandum of conversation, telephone conversation. Digital object: 41-bpr-scow-pcor-telcon-91112-002.pdf. Catalog: https://catalog.archives.gov/id/366551694.",https://catalog.archives.gov/id/366551694,https://s3.amazonaws.com/NARAprodstorage/lz/presidential-libraries/bush/gb-gbs/4545941/41-bpr-scow-pcor-telcon-91112-002.pdf
,,,558,Open first,BC 020,Blackwill Chronological Files,Open or screen chronological packet,Open packet first,Greece,1990-03-01,Mar-90,"consensus. | Aegean No None None Turkey probably will not support sanctions. Little change, except for Greece where new | Greece may follow EC consensus. conservative government may be more | Greece | Turkey | Aegean | memorandum of conversation | telephone conversation",58,453248108,Robert D. Blackwill Chronological Files,"Source: George H.W. Bush Library, Bush Presidential Records, National Security Council, Robert D. Blackwill Chronological Files, Mar-90.","Catalog provenance: Catalog access Restricted - Possibly; NAID 453248108. Query hit(s): Greece, Turkey, Aegean, memorandum of conversation, telephone conversation. OCR status: Full PDF OCR reviewed. OCR signals: consensus. | Aegean No None None Turkey probably will not support sanctions. Little change, except for Greece where new | Greece may follow EC consensus. conservative government may be more. PDF extent: 39 pages. Digital object: 41-bpr-nsc-blackwill_chron-30547-012.pdf. Catalog: https://catalog.archives.gov/id/453248108.",https://catalog.archives.gov/id/453248108,https://s3.dualstack.us-east-1.amazonaws.com/NARAprodstorage/lz/presidential-libraries/bush/gb-nsc/blackwill/chron_2554659/41-bpr-nsc-blackwill_chron-30547-012.pdf
,,,557,High-value source pool,BC 006,Blackwill Chronological Files,Open or screen chronological packet,High-value EastMed search lead,Regional,1989-04-01,April 1989 [2],Greece | Greek | Papandreou | Cyprus | Cypriot | Turkey | Turkish | Ozal,167,453248066,Robert D. Blackwill Chronological Files,"Source: George H.W. Bush Library, Bush Presidential Records, National Security Council, Robert D. Blackwill Chronological Files, April 1989 [2].","Catalog provenance: Catalog access Restricted - Possibly; NAID 453248066. Query hit(s): Greece, Greek, Papandreou, Cyprus, Cypriot, Turkey, Turkish, Ozal, Ozal + Turkey, Aegean, Eastern Mediterranean, Greece / Turkey / Cyprus. OCR status: First four pages OCR reviewed. PDF extent: 139 pages. Digital object: 41-bpr-nsc-blackwill_chron-30542-002.pdf. Catalog: https://catalog.archives.gov/id/453248066.",https://catalog.archives.gov/id/453248066,https://s3.dualstack.us-east-1.amazonaws.com/NARAprodstorage/lz/presidential-libraries/bush/gb-nsc/blackwill/chron_2554659/41-bpr-nsc-blackwill_chron-30542-002.pdf
,,,556,Open first,CC 076,Central Chronological Files,Open or screen packet index,Open packet first,Turkey,1989-12-01,December 1989 [3],02e. Telcon President's Telephone Call to President Turgut Ozal of Turkey 11/27/89 oy) vA SFOLAEXEMPFHONS REDACTED (2 pp.) | SFOLAEXEMPFHONS REDACTED (2 pp.) | 02g. Telcon President's Telephone Call to Prime Minister Xenofon Zolotas of Greece (1 pp.) | Zolotas + telcon | Ozal + telcon | Turkey + memorandum of conversation,56,470761673,European and Eurasian Directorate Central Chronological Files,"Source: George H.W. Bush Library, Bush Presidential Records, National Security Council, European and Eurasian Directorate Central Chronological Files, December 1989 [3].","Catalog provenance: Catalog access Restricted - Possibly; NAID 470761673. Query hit(s): Zolotas + telcon, Ozal + telcon, Turkey + memorandum of conversation. OCR status: First four pages OCR reviewed. OCR signals: 02e. Telcon President's Telephone Call to President Turgut Ozal of Turkey 11/27/89 oy) vA SFOLAEXEMPFHONS REDACTED (2 pp.) | SFOLAEXEMPFHONS REDACTED (2 pp.) | 02g. Telcon President's Telephone Call to Prime Minister Xenofon Zolotas of Greece (1 pp.). PDF extent: 102 pages. Digital object: 41-bpr-nsc-euro_eura-cen_chron-30503-003.pdf. Catalog: https://catalog.archives.gov/id/470761673.",https://catalog.archives.gov/id/470761673,https://s3.dualstack.us-east-1.amazonaws.com/NARAprodstorage/lz/presidential-libraries/bush/gb-nsc/euro_eura_dir_374000108/41-bpr-nsc-euro_eura-cen_chron-30503-003.pdf
,,,555,High-value source pool,RS 001-006,Requested source pool: Scowcroft Papers,Review requested source-pool lead,High-value EastMed lead,Greece; Cyprus; Turkey; Regional,,Presidential Listing of 1989-1992 Meetings/Telephone Calls,Greece | Papandreou | Mitsotakis | Zolotas | Cyprus | Vassiliou | Turkey | Ozal | Demirel | Yilmaz,165,366552177,Brent Scowcroft Administrative Files,"Source: George H.W. Bush Library, Bush Presidential Records, Brent Scowcroft Collection, Brent Scowcroft Administrative Files, Presidential Listing of 1989-1992 Meetings/Telephone Calls.","Catalog provenance: Catalog access Restricted - Possibly; NAID 366552177. Query hit(s): Greece, Papandreou, Mitsotakis, Zolotas, Cyprus, Vassiliou, Turkey, Ozal, Demirel, Yilmaz, Greece / Turkey / Cyprus. Digital object: 41-bpr-scow-admin-85038-002.pdf. Catalog: https://catalog.archives.gov/id/366552177.",https://catalog.archives.gov/id/366552177,https://s3.dualstack.us-east-1.amazonaws.com/NARAprodstorage/lz/presidential-libraries/bush/gb-gbs/74785770/41-bpr-scow-admin-85038-002.pdf
,,,555,Open first,CC 078,Central Chronological Files,Open or screen packet index,Open packet first,Turkey,1992-10-01,October 1992 [4],10. Telcon Memorandum of Telephone Conversation with Prime Minister 10/2/92 (of) f Demirel of Turkey (2 pp.) | Demirel of Turkey (2 pp.) | llc. Talking Points Points to be Made for Telephone Conversation with President n.d. oh) Z Ozal and Prime Minister Demirel of Turkey (1 pp.) | Ozal + telcon | Demirel + telcon | Turkey + memorandum of conversation,55,470761832,European and Eurasian Directorate Central Chronological Files,"Source: George H.W. Bush Library, Bush Presidential Records, National Security Council, European and Eurasian Directorate Central Chronological Files, October 1992 [4].","Catalog provenance: Catalog access Restricted - Possibly; NAID 470761832. Query hit(s): Ozal + telcon, Demirel + telcon, Turkey + memorandum of conversation. OCR status: First four pages OCR reviewed. OCR signals: 10. Telcon Memorandum of Telephone Conversation with Prime Minister 10/2/92 (of) f Demirel of Turkey (2 pp.) | Demirel of Turkey (2 pp.) | llc. Talking Points Points to be Made for Telephone Conversation with President n.d. oh) Z Ozal and Prime Minister Demirel of Turkey (1 pp.). PDF extent: 114 pages. Digital object: 41-bpr-nsc-euro_eura-cen_chron-30530-003.pdf. Catalog: https://catalog.archives.gov/id/470761832.",https://catalog.archives.gov/id/470761832,https://s3.dualstack.us-east-1.amazonaws.com/NARAprodstorage/lz/presidential-libraries/bush/gb-nsc/euro_eura_dir_374000108/41-bpr-nsc-euro_eura-cen_chron-30530-003.pdf
,,,550,High-value source pool,RS 001-007,Requested source pool: Scowcroft Papers,Review requested source-pool lead,High-value EastMed lead,Greece; Cyprus; Turkey; Regional,,Presidential Meetings--Memorandum of Conversations 1/11/90-2/21/90,Greece | Greek | Cyprus | Vassiliou | Denktash | Turkey | Turkish | Ozal | Eastern Mediterranean | Greece / Turkey / Cyprus,160,366551666,Presidential Correspondence Files,"Source: George H.W. Bush Library, Bush Presidential Records, Brent Scowcroft Collection, Presidential Correspondence Files, Presidential Meetings--Memorandum of Conversations 1/11/90-2/21/90.","Catalog provenance: Catalog access Restricted - Possibly; NAID 366551666. Query hit(s): Greece, Greek, Cyprus, Vassiliou, Denktash, Turkey, Turkish, Ozal, Eastern Mediterranean, Greece / Turkey / Cyprus, memcon, memorandum of conversation. Digital object: 41-bpr-scow-pcor-memcon-91107-007.pdf. Catalog: https://catalog.archives.gov/id/366551666.",https://catalog.archives.gov/id/366551666,https://s3.amazonaws.com/NARAprodstorage/lz/presidential-libraries/bush/gb-gbs/4545941/41-bpr-scow-pcor-memcon-91107-007.pdf
,,,546,High-value source pool,RS 001-008,Requested source pool: Scowcroft Papers,Review requested source-pool lead,High-value EastMed lead,Greece; Cyprus; Turkey; Regional,,Presidential Meetings--Memorandum of Conversations 11/13/90-12/21/90,Greece | Greek | Mitsotakis | Cyprus | Denktash | Turkey | Turkish | Ozal | Incirlik | Greece / Turkey / Cyprus,156,366551672,Presidential Correspondence Files,"Source: George H.W. Bush Library, Bush Presidential Records, Brent Scowcroft Collection, Presidential Correspondence Files, Presidential Meetings--Memorandum of Conversations 11/13/90-12/21/90.","Catalog provenance: Catalog access Restricted - Possibly; NAID 366551672. Query hit(s): Greece, Greek, Mitsotakis, Cyprus, Denktash, Turkey, Turkish, Ozal, Incirlik, Greece / Turkey / Cyprus, memcon, memorandum of conversation. Digital object: 41-bpr-scow-pcor-memcon-91108-003.pdf. Catalog: https://catalog.archives.gov/id/366551672.",https://catalog.archives.gov/id/366551672,https://s3.amazonaws.com/NARAprodstorage/lz/presidential-libraries/bush/gb-gbs/4545941/41-bpr-scow-pcor-memcon-91108-003.pdf
,,,541,High-value source pool,RS 001-009,Requested source pool: Scowcroft Papers,Review requested source-pool lead,High-value EastMed lead,Greece; Cyprus; Turkey; Regional,,Desert Shield/Desert Storm (September 1990) Part I [2],Greece | Greek | Papandreou | Mitsotakis | Cyprus | Turkey | Turkish | Ozal | Yilmaz | Aegean,151,366551957,Desert Shield and Desert Storm Files,"Source: George H.W. Bush Library, Bush Presidential Records, Brent Scowcroft Collection, Desert Shield and Desert Storm Files, Desert Shield/Desert Storm (September 1990) Part I [2].","Catalog provenance: Catalog access Restricted - Possibly; NAID 366551957. Query hit(s): Greece, Greek, Papandreou, Mitsotakis, Cyprus, Turkey, Turkish, Ozal, Yilmaz, Aegean, Greece / Turkey / Cyprus. Digital object: 41-bpr-scow-dsds-chr-91144-002.pdf. Catalog: https://catalog.archives.gov/id/366551957.",https://catalog.archives.gov/id/366551957,https://s3.amazonaws.com/NARAprodstorage/lz/presidential-libraries/bush/gb-gbs/4708319/41-bpr-scow-dsds-chr-91144-002.pdf
,,,537,High-value source pool,RS 002-001,Requested source pool: Presidential Daily File,Review requested source-pool lead,High-value EastMed lead,Greece; Cyprus; Turkey; Regional,1993-01-05 to 1993-01-05,"Tuesday, January 5, 1993 [2]",Greece | Greek | Mitsotakis | Cyprus | Cypriot | Vassiliou | Denktash | Turkey | Turkish | Demirel,147,470418284,Presidential Daily Files,"Source: George H.W. Bush Library, George H. W. Bush Papers, Presidential Daily Files, Tuesday, January 5, 1993 [2].","Catalog provenance: Catalog access Restricted - Possibly; NAID 470418284. Query hit(s): Greece, Greek, Mitsotakis, Cyprus, Cypriot, Vassiliou, Denktash, Turkey, Turkish, Demirel, Greece / Turkey / Cyprus. Digital object: 41-bpr-ootp-daily_files-90746-009.pdf. Catalog: https://catalog.archives.gov/id/470418284.",https://catalog.archives.gov/id/470418284,https://s3.amazonaws.com/NARAprodstorage/lz/presidential-libraries/bush/gb-gbpp/Pres_Daily_Files_595141/1993/41-bpr-ootp-daily_files-90746-009.pdf
,,,536,High-value source pool,RS 002-002,Requested source pool: Presidential Daily File,Review requested source-pool lead,High-value EastMed lead,Greece; Cyprus; Turkey; Regional,1991-11-22 to 1991-11-22,"Friday, November 22, 1991 [2]",Greece | Greek | Mitsotakis | Cyprus | Cypriot | Vassiliou | Turkey | Turkish | Yilmaz | Eastern Mediterranean,146,470417464,Presidential Daily Files,"Source: George H.W. Bush Library, George H. W. Bush Papers, Presidential Daily Files, Friday, November 22, 1991 [2].","Catalog provenance: Catalog access Restricted - Possibly; NAID 470417464. Query hit(s): Greece, Greek, Mitsotakis, Cyprus, Cypriot, Vassiliou, Turkey, Turkish, Yilmaz, Eastern Mediterranean, Greece / Turkey / Cyprus. Digital object: 41-bpr-ootp-daily_files-90635-006.pdf. Catalog: https://catalog.archives.gov/id/470417464.",https://catalog.archives.gov/id/470417464,https://s3.amazonaws.com/NARAprodstorage/lz/presidential-libraries/bush/gb-gbpp/Pres_Daily_Files_595141/1991/41-bpr-ootp-daily_files-90635-006.pdf
,,,535,High-value source pool,RS 001-010,Requested source pool: Scowcroft Papers,Review requested source-pool lead,High-value EastMed lead,Greece; Cyprus; Turkey; Regional,,Presidential Meetings--Memorandum of Conversations 7/1/92-7/9/92,Greece | Mitsotakis | Cyprus | Vassiliou | Denktash | Demirel | Yilmaz | Greece / Turkey / Cyprus | memcon | memorandum of conversation,145,366551684,Presidential Correspondence Files,"Source: George H.W. Bush Library, Bush Presidential Records, Brent Scowcroft Collection, Presidential Correspondence Files, Presidential Meetings--Memorandum of Conversations 7/1/92-7/9/92.","Catalog provenance: Catalog access Restricted - Possibly; NAID 366551684. Query hit(s): Greece, Mitsotakis, Cyprus, Vassiliou, Denktash, Demirel, Yilmaz, Greece / Turkey / Cyprus, memcon, memorandum of conversation. Digital object: 41-bpr-scow-pcor-memcon-91110-001.pdf. Catalog: https://catalog.archives.gov/id/366551684.",https://catalog.archives.gov/id/366551684,https://s3.amazonaws.com/NARAprodstorage/lz/presidential-libraries/bush/gb-gbs/4545941/41-bpr-scow-pcor-memcon-91110-001.pdf
,,,531,High-value source pool,RS 001-012,Requested source pool: Scowcroft Papers,Review requested source-pool lead,High-value EastMed lead,Greece; Cyprus; Turkey,,Other (July 1989),Greece | Greek | Papandreou | Cyprus | Cypriot | Vassiliou | Denktash | Turkish | Ozal | memcon,141,366551995,Chronological Files,"Source: George H.W. Bush Library, Bush Presidential Records, Brent Scowcroft Collection, Chronological Files, Other (July 1989).","Catalog provenance: Catalog access Restricted - Possibly; NAID 366551995. Query hit(s): Greece, Greek, Papandreou, Cyprus, Cypriot, Vassiliou, Denktash, Turkish, Ozal, memcon, memorandum of conversation. Digital object: 41-bpr-scow-chron-91148-006.pdf. Catalog: https://catalog.archives.gov/id/366551995.",https://catalog.archives.gov/id/366551995,https://s3.amazonaws.com/NARAprodstorage/lz/presidential-libraries/bush/gb-gbs/4708326/41-bpr-scow-chron-91148-006.pdf
,,,531,High-value source pool,RS 001-011,Requested source pool: Scowcroft Papers,Review requested source-pool lead,High-value EastMed lead,Greece; Cyprus; Turkey; Regional,,Desert Shield/Desert Storm (March 1991) [2],Greek | Mitsotakis | Cyprus | Vassiliou | Turkey | Turkish | Ozal | Incirlik | Aegean | Greece / Turkey / Cyprus,141,366551985,Desert Shield and Desert Storm Files,"Source: George H.W. Bush Library, Bush Presidential Records, Brent Scowcroft Collection, Desert Shield and Desert Storm Files, Desert Shield/Desert Storm (March 1991) [2].","Catalog provenance: Catalog access Restricted - Possibly; NAID 366551985. Query hit(s): Greek, Mitsotakis, Cyprus, Vassiliou, Turkey, Turkish, Ozal, Incirlik, Aegean, Greece / Turkey / Cyprus. Digital object: 41-bpr-scow-dsds-chr-91147-005.pdf. Catalog: https://catalog.archives.gov/id/366551985.",https://catalog.archives.gov/id/366551985,https://s3.amazonaws.com/NARAprodstorage/lz/presidential-libraries/bush/gb-gbs/4708319/41-bpr-scow-dsds-chr-91147-005.pdf
,,,531,High-value source pool,RS 001-013,Requested source pool: Scowcroft Papers,Review requested source-pool lead,High-value EastMed lead,Greece; Cyprus; Turkey; Regional,,Presidential Telephone Calls--Memorandum of Conversations 8/5/91-9/25/91,Mitsotakis | Cyprus | Denktash | Turkey | Ozal | Yilmaz | Greece / Turkey / Cyprus | telcon | memorandum of conversation | telephone conversation,141,366551701,Presidential Correspondence Files,"Source: George H.W. Bush Library, Bush Presidential Records, Brent Scowcroft Collection, Presidential Correspondence Files, Presidential Telephone Calls--Memorandum of Conversations 8/5/91-9/25/91.","Catalog provenance: Catalog access Restricted - Possibly; NAID 366551701. Query hit(s): Mitsotakis, Cyprus, Denktash, Turkey, Ozal, Yilmaz, Greece / Turkey / Cyprus, telcon, memorandum of conversation, telephone conversation. Digital object: 41-bpr-scow-pcor-telcon-91113-001.pdf. Catalog: https://catalog.archives.gov/id/366551701.",https://catalog.archives.gov/id/366551701,https://s3.amazonaws.com/NARAprodstorage/lz/presidential-libraries/bush/gb-gbs/4545941/41-bpr-scow-pcor-telcon-91113-001.pdf
,,,528,High-value source pool,RS 001-014,Requested source pool: Scowcroft Papers,Review requested source-pool lead,High-value EastMed lead,Greece; Cyprus; Turkey; Regional,,Presidential Meetings--Memorandum of Conversations 10/16/91-12/17/91,Greece | Greek | Mitsotakis | Cyprus | Vassiliou | Demirel | Yilmaz | Greece / Turkey / Cyprus | memcon | memorandum of conversation,138,366551679,Presidential Correspondence Files,"Source: George H.W. Bush Library, Bush Presidential Records, Brent Scowcroft Collection, Presidential Correspondence Files, Presidential Meetings--Memorandum of Conversations 10/16/91-12/17/91.","Catalog provenance: Catalog access Restricted - Possibly; NAID 366551679. Query hit(s): Greece, Greek, Mitsotakis, Cyprus, Vassiliou, Demirel, Yilmaz, Greece / Turkey / Cyprus, memcon, memorandum of conversation. Digital object: 41-bpr-scow-pcor-memcon-91109-004.pdf. Catalog: https://catalog.archives.gov/id/366551679.",https://catalog.archives.gov/id/366551679,https://s3.amazonaws.com/NARAprodstorage/lz/presidential-libraries/bush/gb-gbs/4545941/41-bpr-scow-pcor-memcon-91109-004.pdf
,,,527,High-value source pool,RS 001-015,Requested source pool: Scowcroft Papers,Review requested source-pool lead,High-value EastMed lead,Greece; Cyprus; Turkey; Regional,,Presidential Meetings--Memorandum of Conversations 5/17/90-6/26/90,Greece | Greek | Papandreou | Mitsotakis | Cyprus | Vassiliou | Demirel | Greece / Turkey / Cyprus | memcon | memorandum of conversation,137,366551669,Presidential Correspondence Files,"Source: George H.W. Bush Library, Bush Presidential Records, Brent Scowcroft Collection, Presidential Correspondence Files, Presidential Meetings--Memorandum of Conversations 5/17/90-6/26/90.","Catalog provenance: Catalog access Restricted - Possibly; NAID 366551669. Query hit(s): Greece, Greek, Papandreou, Mitsotakis, Cyprus, Vassiliou, Demirel, Greece / Turkey / Cyprus, memcon, memorandum of conversation. Digital object: 41-bpr-scow-pcor-memcon-91107-010.pdf. Catalog: https://catalog.archives.gov/id/366551669.",https://catalog.archives.gov/id/366551669,https://s3.amazonaws.com/NARAprodstorage/lz/presidential-libraries/bush/gb-gbs/4545941/41-bpr-scow-pcor-memcon-91107-010.pdf
,,,524,High-value source pool,RS 001-016,Requested source pool: Scowcroft Papers,Review requested source-pool lead,High-value EastMed lead,Greece; Cyprus; Turkey; Regional,,Presidential Meetings--Memorandum of Conversations 10/3/89-12/16/89,Greek | Cyprus | Cypriot | Vassiliou | Denktash | Turkish | Eastern Mediterranean | Greece / Turkey / Cyprus | memcon | memorandum of conversation,134,366551665,Presidential Correspondence Files,"Source: George H.W. Bush Library, Bush Presidential Records, Brent Scowcroft Collection, Presidential Correspondence Files, Presidential Meetings--Memorandum of Conversations 10/3/89-12/16/89.","Catalog provenance: Catalog access Restricted - Possibly; NAID 366551665. Query hit(s): Greek, Cyprus, Cypriot, Vassiliou, Denktash, Turkish, Eastern Mediterranean, Greece / Turkey / Cyprus, memcon, memorandum of conversation. Digital object: 41-bpr-scow-pcor-memcon-91107-006.pdf. Catalog: https://catalog.archives.gov/id/366551665.",https://catalog.archives.gov/id/366551665,https://s3.amazonaws.com/NARAprodstorage/lz/presidential-libraries/bush/gb-gbs/4545941/41-bpr-scow-pcor-memcon-91107-006.pdf
,,,515,High-value source pool,BC 009,Blackwill Chronological Files,Open or screen chronological packet,High-value EastMed search lead,Cyprus,1989-03-01,March 1989 [5],Greek | Cyprus | Cypriot | Vassiliou | Vassiliou + Cyprus | Denktash | Turkey | Turkish,125,453248062,Robert D. Blackwill Chronological Files,"Source: George H.W. Bush Library, Bush Presidential Records, National Security Council, Robert D. Blackwill Chronological Files, March 1989 [5].","Catalog provenance: Catalog access Restricted - Possibly; NAID 453248062. Query hit(s): Greek, Cyprus, Cypriot, Vassiliou, Vassiliou + Cyprus, Denktash, Turkey, Turkish, memorandum of conversation, telephone conversation. OCR status: First four pages OCR reviewed. PDF extent: 132 pages. Digital object: 41-bpr-nsc-blackwill_chron-30541-004.pdf. Catalog: https://catalog.archives.gov/id/453248062.",https://catalog.archives.gov/id/453248062,https://s3.dualstack.us-east-1.amazonaws.com/NARAprodstorage/lz/presidential-libraries/bush/gb-nsc/blackwill/chron_2554659/41-bpr-nsc-blackwill_chron-30541-004.pdf
,,,515,High-value source pool,RS 001-017,Requested source pool: Scowcroft Papers,Review requested source-pool lead,High-value EastMed lead,Greece; Cyprus; Turkey; Regional,,Presidential Telephone Calls--Memorandum of Conversations 4/10/92-6/30/92,Mitsotakis | Cyprus | Denktash | Turkey | Demirel | Greece / Turkey / Cyprus | telcon | memorandum of conversation | telephone conversation,125,366551704,Presidential Correspondence Files,"Source: George H.W. Bush Library, Bush Presidential Records, Brent Scowcroft Collection, Presidential Correspondence Files, Presidential Telephone Calls--Memorandum of Conversations 4/10/92-6/30/92.","Catalog provenance: Catalog access Restricted - Possibly; NAID 366551704. Query hit(s): Mitsotakis, Cyprus, Denktash, Turkey, Demirel, Greece / Turkey / Cyprus, telcon, memorandum of conversation, telephone conversation. Digital object: 41-bpr-scow-pcor-telcon-91113-004.pdf. Catalog: https://catalog.archives.gov/id/366551704.",https://catalog.archives.gov/id/366551704,https://s3.amazonaws.com/NARAprodstorage/lz/presidential-libraries/bush/gb-gbs/4545941/41-bpr-scow-pcor-telcon-91113-004.pdf
,,,514,High-value source pool,RS 001-018,Requested source pool: Scowcroft Papers,Review requested source-pool lead,High-value EastMed lead,Greece; Cyprus; Turkey; Regional,,Presidential Telephone Calls--Memorandum of Conversations 7/10/92-11/5/92,Greece | Mitsotakis | Turkey | Ozal | Demirel | Greece / Turkey / Cyprus | telcon | memorandum of conversation | telephone conversation,124,366551705,Presidential Correspondence Files,"Source: George H.W. Bush Library, Bush Presidential Records, Brent Scowcroft Collection, Presidential Correspondence Files, Presidential Telephone Calls--Memorandum of Conversations 7/10/92-11/5/92.","Catalog provenance: Catalog access Restricted - Possibly; NAID 366551705. Query hit(s): Greece, Mitsotakis, Turkey, Ozal, Demirel, Greece / Turkey / Cyprus, telcon, memorandum of conversation, telephone conversation. Digital object: 41-bpr-scow-pcor-telcon-91113-005.pdf. Catalog: https://catalog.archives.gov/id/366551705.",https://catalog.archives.gov/id/366551705,https://s3.amazonaws.com/NARAprodstorage/lz/presidential-libraries/bush/gb-gbs/4545941/41-bpr-scow-pcor-telcon-91113-005.pdf
,,,511,High-value source pool,RS 001-019,Requested source pool: Scowcroft Papers,Review requested source-pool lead,High-value EastMed lead,Greece; Cyprus; Turkey; Regional,,Presidential Meetings--Memorandum of Conversations 4/19/89-5/31/89,Greece | Greek | Papandreou | Cypriot | Vassiliou | Denktash | Greece / Turkey / Cyprus | memcon | memorandum of conversation,121,366551662,Presidential Correspondence Files,"Source: George H.W. Bush Library, Bush Presidential Records, Brent Scowcroft Collection, Presidential Correspondence Files, Presidential Meetings--Memorandum of Conversations 4/19/89-5/31/89.","Catalog provenance: Catalog access Restricted - Possibly; NAID 366551662. Query hit(s): Greece, Greek, Papandreou, Cypriot, Vassiliou, Denktash, Greece / Turkey / Cyprus, memcon, memorandum of conversation. Digital object: 41-bpr-scow-pcor-memcon-91107-003.pdf. Catalog: https://catalog.archives.gov/id/366551662.",https://catalog.archives.gov/id/366551662,https://s3.amazonaws.com/NARAprodstorage/lz/presidential-libraries/bush/gb-gbs/4545941/41-bpr-scow-pcor-memcon-91107-003.pdf
,,,506,High-value source pool,RS 002-003,Requested source pool: Presidential Daily File,Review requested source-pool lead,High-value EastMed lead,Greece; Cyprus; Turkey,1991-07-20 to 1991-07-20,"Saturday, July 20, 1991",Greece | Greek | Mitsotakis | Cypriot | Turkey | Turkish | Ozal | Demirel | Yilmaz,116,470417260,Presidential Daily Files,"Source: George H.W. Bush Library, George H. W. Bush Papers, Presidential Daily Files, Saturday, July 20, 1991.","Catalog provenance: Catalog access Restricted - Possibly; NAID 470417260. Query hit(s): Greece, Greek, Mitsotakis, Cypriot, Turkey, Turkish, Ozal, Demirel, Yilmaz. Digital object: 41-bpr-ootp-daily_files-90610-002.pdf. Catalog: https://catalog.archives.gov/id/470417260.",https://catalog.archives.gov/id/470417260,https://s3.amazonaws.com/NARAprodstorage/lz/presidential-libraries/bush/gb-gbpp/Pres_Daily_Files_595141/1991/41-bpr-ootp-daily_files-90610-002.pdf
,,,505,High-value source pool,RS 002-004,Requested source pool: Presidential Daily File,Review requested source-pool lead,High-value EastMed lead,Greece; Cyprus; Turkey; Regional,1992-11-17 to 1992-11-17,"Tuesday, November 17, 1992 [1]",Greece | Greek | Mitsotakis | Cyprus | Vassiliou | Denktash | Demirel | Greece / Turkey / Cyprus,115,470418188,Presidential Daily Files,"Source: George H.W. Bush Library, George H. W. Bush Papers, Presidential Daily Files, Tuesday, November 17, 1992 [1].","Catalog provenance: Catalog access Restricted - Possibly; NAID 470418188. Query hit(s): Greece, Greek, Mitsotakis, Cyprus, Vassiliou, Denktash, Demirel, Greece / Turkey / Cyprus. Digital object: 41-bpr-ootp-daily_files-90735-004.pdf. Catalog: https://catalog.archives.gov/id/470418188.",https://catalog.archives.gov/id/470418188,https://s3.amazonaws.com/NARAprodstorage/lz/presidential-libraries/bush/gb-gbpp/Pres_Daily_Files_595141/1992/41-bpr-ootp-daily_files-90735-004.pdf
,,,502,High-value source pool,RS 001-020,Requested source pool: Scowcroft Papers,Review requested source-pool lead,High-value EastMed lead,Greece; Cyprus; Turkey; Regional,,Presidential Meetings--Memorandum of Conversations 5/1/92-6/17/92,Greek | Cyprus | Vassiliou | Denktash | Demirel | Eastern Mediterranean | memcon | memorandum of conversation,112,366551683,Presidential Correspondence Files,"Source: George H.W. Bush Library, Bush Presidential Records, Brent Scowcroft Collection, Presidential Correspondence Files, Presidential Meetings--Memorandum of Conversations 5/1/92-6/17/92.","Catalog provenance: Catalog access Restricted - Possibly; NAID 366551683. Query hit(s): Greek, Cyprus, Vassiliou, Denktash, Demirel, Eastern Mediterranean, memcon, memorandum of conversation. Digital object: 41-bpr-scow-pcor-memcon-91109-008.pdf. Catalog: https://catalog.archives.gov/id/366551683.",https://catalog.archives.gov/id/366551683,https://s3.amazonaws.com/NARAprodstorage/lz/presidential-libraries/bush/gb-gbs/4545941/41-bpr-scow-pcor-memcon-91109-008.pdf
,,,502,High-value source pool,RS 009-001,Requested source pool: IF Transition,Review requested source-pool lead,High-value EastMed lead,Greece; Cyprus; Turkey; Regional,,[Transition Planning: Significant Anniversary Dates and The First 100 Days of Previous Administrations] [1],Greece | Greek | Cyprus | Turkey | Turkish | Ozal | Demirel | Greece / Turkey / Cyprus | NSC/DC,112,470760873,National Security Council (NSC) Institutional Files (IF) Transition Files,"Source: George H.W. Bush Library, Bush Presidential Records, National Security Council, National Security Council (NSC) Institutional Files (IF) Transition Files, [Transition Planning: Significant Anniversary Dates and The First 100 Days of Previous Administrations] [1].","Catalog provenance: Catalog access Restricted - Possibly; NAID 470760873. Query hit(s): Greece, Greek, Cyprus, Turkey, Turkish, Ozal, Demirel, Greece / Turkey / Cyprus, NSC/DC. Digital object: 41-bpr-nsc-hfiles-if_trans-99016-010.pdf. Catalog: https://catalog.archives.gov/id/470760873.",https://catalog.archives.gov/id/470760873,https://s3.amazonaws.com/NARAprodstorage/lz/presidential-libraries/bush/gb-nsc/H-Files/IF_Transition_348937136/41-bpr-nsc-hfiles-if_trans-99016-010.pdf
,,,500,High-value source pool,BC 011,Blackwill Chronological Files,Open or screen chronological packet,High-value EastMed search lead,Regional,1989-04-01,April 1989 [1],Greek | Papandreou | Cyprus | Cypriot | Turkish | Ozal | Aegean | Eastern Mediterranean,110,453248065,Robert D. Blackwill Chronological Files,"Source: George H.W. Bush Library, Bush Presidential Records, National Security Council, Robert D. Blackwill Chronological Files, April 1989 [1].","Catalog provenance: Catalog access Restricted - Possibly; NAID 453248065. Query hit(s): Greek, Papandreou, Cyprus, Cypriot, Turkish, Ozal, Aegean, Eastern Mediterranean. OCR status: First four pages OCR reviewed. PDF extent: 124 pages. Digital object: 41-bpr-nsc-blackwill_chron-30542-001.pdf. Catalog: https://catalog.archives.gov/id/453248065.",https://catalog.archives.gov/id/453248065,https://s3.dualstack.us-east-1.amazonaws.com/NARAprodstorage/lz/presidential-libraries/bush/gb-nsc/blackwill/chron_2554659/41-bpr-nsc-blackwill_chron-30542-001.pdf
,,,499,High-value source pool,RS 005-001,Requested source pool: NSC/DC Meetings,Review requested source-pool lead,High-value EastMed lead,Greece; Cyprus; Turkey; Regional,1991-02-13 to 1991-02-13,"NSC/DC 255B - February 13, 1991 - NSC/DC Meeting on Persian Gulf via SVTS, Keywords: Persian Gulf",Greece | Cyprus | Turkey | Turkish | Ozal | Incirlik | Eastern Mediterranean | Greece / Turkey / Cyprus,109,470761265,H-Files - National Security Council (NSC)/Deputies Committee (DC) Meetings Files,"Source: George H.W. Bush Library, Bush Presidential Records, National Security Council, H-Files - National Security Council (NSC)/Deputies Committee (DC) Meetings Files, NSC/DC 255B - February 13, 1991 - NSC/DC Meeting on Persian Gulf via SVTS, Keywords: Persian Gulf.","Catalog provenance: Catalog access Restricted - Possibly; NAID 470761265. Query hit(s): Greece, Cyprus, Turkey, Turkish, Ozal, Incirlik, Eastern Mediterranean, Greece / Turkey / Cyprus. Digital object: 41-bpr-nsc-hfiles-dc_mtgs-255b-90018-036.pdf. Catalog: https://catalog.archives.gov/id/470761265.",https://catalog.archives.gov/id/470761265,https://s3.amazonaws.com/NARAprodstorage/lz/presidential-libraries/bush/gb-nsc/H-Files/NSC-DC_Mtgs_312294079/41-bpr-nsc-hfiles-dc_mtgs-255b-90018-036.pdf
,,,495,High-value source pool,RS 001-021,Requested source pool: Scowcroft Papers,Review requested source-pool lead,High-value EastMed lead,Greece; Cyprus; Turkey; Regional,,Desert Shield/Desert Storm (November 1990) [2],Greek | Mitsotakis | Cyprus | Turkey | Turkish | Ozal | Greece / Turkey / Cyprus | telcon,105,366551964,Desert Shield and Desert Storm Files,"Source: George H.W. Bush Library, Bush Presidential Records, Brent Scowcroft Collection, Desert Shield and Desert Storm Files, Desert Shield/Desert Storm (November 1990) [2].","Catalog provenance: Catalog access Restricted - Possibly; NAID 366551964. Query hit(s): Greek, Mitsotakis, Cyprus, Turkey, Turkish, Ozal, Greece / Turkey / Cyprus, telcon. Digital object: 41-bpr-scow-dsds-chr-91145-001.pdf. Catalog: https://catalog.archives.gov/id/366551964.",https://catalog.archives.gov/id/366551964,https://s3.amazonaws.com/NARAprodstorage/lz/presidential-libraries/bush/gb-gbs/4708319/41-bpr-scow-dsds-chr-91145-001.pdf
,,,495,High-value source pool,RS 002-005,Requested source pool: Presidential Daily File,Review requested source-pool lead,High-value EastMed lead,Greece; Cyprus; Turkey; Regional,1992-12-26 to 1992-12-26,"Saturday, December 26, 1992",Greece | Mitsotakis | Vassiliou | Turkey | Ozal | Demirel | Greece / Turkey / Cyprus,105,470418269,Presidential Daily Files,"Source: George H.W. Bush Library, George H. W. Bush Papers, Presidential Daily Files, Saturday, December 26, 1992.","Catalog provenance: Catalog access Restricted - Possibly; NAID 470418269. Query hit(s): Greece, Mitsotakis, Vassiliou, Turkey, Ozal, Demirel, Greece / Turkey / Cyprus. Digital object: 41-bpr-ootp-daily_files-90745-004.pdf. Catalog: https://catalog.archives.gov/id/470418269.",https://catalog.archives.gov/id/470418269,https://s3.amazonaws.com/NARAprodstorage/lz/presidential-libraries/bush/gb-gbpp/Pres_Daily_Files_595141/1992/41-bpr-ootp-daily_files-90745-004.pdf
,,,494,High-value source pool,RS 001-022,Requested source pool: Scowcroft Papers,Review requested source-pool lead,High-value EastMed lead,Greece; Cyprus; Turkey,,Presidential Telephone Calls--Memorandum of Conversations 8/1/89-10/23/89,Greek | Cyprus | Cypriot | Turkey | Turkish | Ozal | telcon | memorandum of conversation | telephone conversation,104,366551688,Presidential Correspondence Files,"Source: George H.W. Bush Library, Bush Presidential Records, Brent Scowcroft Collection, Presidential Correspondence Files, Presidential Telephone Calls--Memorandum of Conversations 8/1/89-10/23/89.","Catalog provenance: Catalog access Restricted - Possibly; NAID 366551688. Query hit(s): Greek, Cyprus, Cypriot, Turkey, Turkish, Ozal, telcon, memorandum of conversation, telephone conversation. Digital object: 41-bpr-scow-pcor-telcon-91111-003.pdf. Catalog: https://catalog.archives.gov/id/366551688.",https://catalog.archives.gov/id/366551688,https://s3.amazonaws.com/NARAprodstorage/lz/presidential-libraries/bush/gb-gbs/4545941/41-bpr-scow-pcor-telcon-91111-003.pdf
,,,492,High-value source pool,RS 001-023,Requested source pool: Scowcroft Papers,Review requested source-pool lead,High-value EastMed lead,Greece; Cyprus; Turkey; Regional,,Presidential Telephone Calls--Memorandum of Conversations 10/11/90-12/31/90,Cyprus | Turkey | Turkish | Ozal | Greece / Turkey / Cyprus | telcon | memorandum of conversation | telephone conversation,102,366551695,Presidential Correspondence Files,"Source: George H.W. Bush Library, Bush Presidential Records, Brent Scowcroft Collection, Presidential Correspondence Files, Presidential Telephone Calls--Memorandum of Conversations 10/11/90-12/31/90.","Catalog provenance: Catalog access Restricted - Possibly; NAID 366551695. Query hit(s): Cyprus, Turkey, Turkish, Ozal, Greece / Turkey / Cyprus, telcon, memorandum of conversation, telephone conversation. Digital object: 41-bpr-scow-pcor-telcon-91112-003.pdf. Catalog: https://catalog.archives.gov/id/366551695.",https://catalog.archives.gov/id/366551695,https://s3.amazonaws.com/NARAprodstorage/lz/presidential-libraries/bush/gb-gbs/4545941/41-bpr-scow-pcor-telcon-91112-003.pdf
,,,492,High-value source pool,RS 005-002,Requested source pool: NSC/DC Meetings,Review requested source-pool lead,High-value EastMed lead,Greece; Cyprus; Turkey; Regional,1991-07-18 to 1991-07-18,"NSC/DC 296 - July 18, 1991 - NSC/DC Meeting on International Broadcasting, Keywords: Broadcasting [2]",Greece | Greek | Cyprus | Turkey | Turkish | Eastern Mediterranean | Greece / Turkey / Cyprus | NSD | NSR,102,470761316,H-Files - National Security Council (NSC)/Deputies Committee (DC) Meetings Files,"Source: George H.W. Bush Library, Bush Presidential Records, National Security Council, H-Files - National Security Council (NSC)/Deputies Committee (DC) Meetings Files, NSC/DC 296 - July 18, 1991 - NSC/DC Meeting on International Broadcasting, Keywords: Broadcasting [2].","Catalog provenance: Catalog access Restricted - Possibly; NAID 470761316. Query hit(s): Greece, Greek, Cyprus, Turkey, Turkish, Eastern Mediterranean, Greece / Turkey / Cyprus, NSD, NSR. Digital object: 41-bpr-nsc-hfiles-dc_mtgs-296_2-90020-016.pdf. Catalog: https://catalog.archives.gov/id/470761316.",https://catalog.archives.gov/id/470761316,https://s3.amazonaws.com/NARAprodstorage/lz/presidential-libraries/bush/gb-nsc/H-Files/NSC-DC_Mtgs_312294079/41-bpr-nsc-hfiles-dc_mtgs-296_2-90020-016.pdf
,,,492,High-value source pool,RS 005-003,Requested source pool: NSC/DC Meetings,Review requested source-pool lead,High-value EastMed lead,Greece; Cyprus; Turkey; Regional,1991-07-18 to 1991-07-18,"NSC/DC 296 - July 18, 1991 - NSC/DC Meeting on International Broadcasting, Keywords: Broadcasting [4]",Greece | Greek | Cyprus | Turkey | Turkish | Eastern Mediterranean | Greece / Turkey / Cyprus | NSD | NSR,102,470761318,H-Files - National Security Council (NSC)/Deputies Committee (DC) Meetings Files,"Source: George H.W. Bush Library, Bush Presidential Records, National Security Council, H-Files - National Security Council (NSC)/Deputies Committee (DC) Meetings Files, NSC/DC 296 - July 18, 1991 - NSC/DC Meeting on International Broadcasting, Keywords: Broadcasting [4].","Catalog provenance: Catalog access Restricted - Possibly; NAID 470761318. Query hit(s): Greece, Greek, Cyprus, Turkey, Turkish, Eastern Mediterranean, Greece / Turkey / Cyprus, NSD, NSR. Digital object: 41-bpr-nsc-hfiles-dc_mtgs-296-4-90020-018.pdf. Catalog: https://catalog.archives.gov/id/470761318.",https://catalog.archives.gov/id/470761318,https://s3.amazonaws.com/NARAprodstorage/lz/presidential-libraries/bush/gb-nsc/H-Files/NSC-DC_Mtgs_312294079/41-bpr-nsc-hfiles-dc_mtgs-296-4-90020-018.pdf
,,,492,High-value source pool,RS 009-002,Requested source pool: IF Transition,Review requested source-pool lead,High-value EastMed lead,Greece; Cyprus; Turkey; Regional,1989-01-01 to 1989-01-31,[NSC: Reagan-Bush Transition Background Materials - Volume II - January 1989] [3],Greece | Greek | Cyprus | Turkey | Turkish | Ozal | Demirel | Greece / Turkey / Cyprus,102,470760869,National Security Council (NSC) Institutional Files (IF) Transition Files,"Source: George H.W. Bush Library, Bush Presidential Records, National Security Council, National Security Council (NSC) Institutional Files (IF) Transition Files, [NSC: Reagan-Bush Transition Background Materials - Volume II - January 1989] [3].","Catalog provenance: Catalog access Restricted - Possibly; NAID 470760869. Query hit(s): Greece, Greek, Cyprus, Turkey, Turkish, Ozal, Demirel, Greece / Turkey / Cyprus. Digital object: 41-bpr-nsc-hfiles-if_trans-99016-006.pdf. Catalog: https://catalog.archives.gov/id/470760869.",https://catalog.archives.gov/id/470760869,https://s3.amazonaws.com/NARAprodstorage/lz/presidential-libraries/bush/gb-nsc/H-Files/IF_Transition_348937136/41-bpr-nsc-hfiles-if_trans-99016-006.pdf
,,,491,High-value source pool,RS 001-024,Requested source pool: Scowcroft Papers,Review requested source-pool lead,High-value EastMed lead,Greece; Cyprus; Turkey; Regional,,Presidential Meetings--Memorandum of Conversations 7/24/91-9/24/91,Mitsotakis | Cyprus | Denktash | Yilmaz | Greece / Turkey / Cyprus | memcon | memorandum of conversation,101,366551677,Presidential Correspondence Files,"Source: George H.W. Bush Library, Bush Presidential Records, Brent Scowcroft Collection, Presidential Correspondence Files, Presidential Meetings--Memorandum of Conversations 7/24/91-9/24/91.","Catalog provenance: Catalog access Restricted - Possibly; NAID 366551677. Query hit(s): Mitsotakis, Cyprus, Denktash, Yilmaz, Greece / Turkey / Cyprus, memcon, memorandum of conversation. Digital object: 41-bpr-scow-pcor-memcon-91109-002.pdf. Catalog: https://catalog.archives.gov/id/366551677.",https://catalog.archives.gov/id/366551677,https://s3.amazonaws.com/NARAprodstorage/lz/presidential-libraries/bush/gb-gbs/4545941/41-bpr-scow-pcor-memcon-91109-002.pdf
,,,490,High-value source pool,RS 002-006,Requested source pool: Presidential Daily File,Review requested source-pool lead,High-value EastMed lead,Greece; Cyprus; Turkey; Regional,1991-05-30 to 1991-05-30,"Thursday, May 30, 1991 [2]",Mitsotakis | Cyprus | Cypriot | Vassiliou | Denktash | Turkish | Greece / Turkey / Cyprus,100,470417181,Presidential Daily Files,"Source: George H.W. Bush Library, George H. W. Bush Papers, Presidential Daily Files, Thursday, May 30, 1991 [2].","Catalog provenance: Catalog access Restricted - Possibly; NAID 470417181. Query hit(s): Mitsotakis, Cyprus, Cypriot, Vassiliou, Denktash, Turkish, Greece / Turkey / Cyprus. Digital object: 41-bpr-ootp-daily_files-90600-012.pdf. Catalog: https://catalog.archives.gov/id/470417181.",https://catalog.archives.gov/id/470417181,https://s3.amazonaws.com/NARAprodstorage/lz/presidential-libraries/bush/gb-gbpp/Pres_Daily_Files_595141/1991/41-bpr-ootp-daily_files-90600-012.pdf
,,,490,High-value source pool,RS 002-007,Requested source pool: Presidential Daily File,Review requested source-pool lead,High-value EastMed lead,Greece; Cyprus; Turkey; Regional,1991-10-16 to 1991-10-16,"Wednesday, October 16, 1991 [2]",Greece | Mitsotakis | Cyprus | Cypriot | Yilmaz | Eastern Mediterranean | Greece / Turkey / Cyprus,100,470417397,Presidential Daily Files,"Source: George H.W. Bush Library, George H. W. Bush Papers, Presidential Daily Files, Wednesday, October 16, 1991 [2].","Catalog provenance: Catalog access Restricted - Possibly; NAID 470417397. Query hit(s): Greece, Mitsotakis, Cyprus, Cypriot, Yilmaz, Eastern Mediterranean, Greece / Turkey / Cyprus. Digital object: 41-bpr-ootp-daily_files-90626-006.pdf. Catalog: https://catalog.archives.gov/id/470417397.",https://catalog.archives.gov/id/470417397,https://s3.amazonaws.com/NARAprodstorage/lz/presidential-libraries/bush/gb-gbpp/Pres_Daily_Files_595141/1991/41-bpr-ootp-daily_files-90626-006.pdf
,,,488,High-value source pool,RS 001-025,Requested source pool: Scowcroft Papers,Review requested source-pool lead,High-value EastMed lead,Greece; Cyprus; Turkey; Regional,,"Foreign Visits and Foreign Travel, 1991",Greece | Papandreou | Mitsotakis | Cyprus | Vassiliou | Turkey | Greece / Turkey / Cyprus,98,366552166,Brent Scowcroft Administrative Files,"Source: George H.W. Bush Library, Bush Presidential Records, Brent Scowcroft Collection, Brent Scowcroft Administrative Files, Foreign Visits and Foreign Travel, 1991.","Catalog provenance: Catalog access Restricted - Possibly; NAID 366552166. Query hit(s): Greece, Papandreou, Mitsotakis, Cyprus, Vassiliou, Turkey, Greece / Turkey / Cyprus. Digital object: 41-bpr-scow-admin-85037-002.pdf. Catalog: https://catalog.archives.gov/id/366552166.",https://catalog.archives.gov/id/366552166,https://s3.dualstack.us-east-1.amazonaws.com/NARAprodstorage/lz/presidential-libraries/bush/gb-gbs/74785770/41-bpr-scow-admin-85037-002.pdf
,,,488,High-value source pool,RS 002-008,Requested source pool: Presidential Daily File,Review requested source-pool lead,High-value EastMed lead,Greece; Cyprus; Turkey; Regional,1991-07-18 to 1991-07-18,"Thursday, July 18, 1991",Greece | Greek | Papandreou | Mitsotakis | Cyprus | Aegean | Greece / Turkey / Cyprus,98,470417258,Presidential Daily Files,"Source: George H.W. Bush Library, George H. W. Bush Papers, Presidential Daily Files, Thursday, July 18, 1991.","Catalog provenance: Catalog access Restricted - Possibly; NAID 470417258. Query hit(s): Greece, Greek, Papandreou, Mitsotakis, Cyprus, Aegean, Greece / Turkey / Cyprus. Digital object: 41-bpr-ootp-daily_files-90609-009.pdf. Catalog: https://catalog.archives.gov/id/470417258.",https://catalog.archives.gov/id/470417258,https://s3.amazonaws.com/NARAprodstorage/lz/presidential-libraries/bush/gb-gbpp/Pres_Daily_Files_595141/1991/41-bpr-ootp-daily_files-90609-009.pdf
,,,487,High-value source pool,RS 002-009,Requested source pool: Presidential Daily File,Review requested source-pool lead,High-value EastMed lead,Cyprus; Turkey,1992-04-28 to 1992-04-28,"Tuesday, April 28, 1992 [3]",Cyprus | Denktash | Turkey | Turkish | Ozal | Demirel | PKK,97,470417738,Presidential Daily Files,"Source: George H.W. Bush Library, George H. W. Bush Papers, Presidential Daily Files, Tuesday, April 28, 1992 [3].","Catalog provenance: Catalog access Restricted - Possibly; NAID 470417738. Query hit(s): Cyprus, Denktash, Turkey, Turkish, Ozal, Demirel, PKK. Digital object: 41-bpr-ootp-daily_files-90674-002.pdf. Catalog: https://catalog.archives.gov/id/470417738.",https://catalog.archives.gov/id/470417738,https://s3.amazonaws.com/NARAprodstorage/lz/presidential-libraries/bush/gb-gbpp/Pres_Daily_Files_595141/1992/41-bpr-ootp-daily_files-90674-002.pdf
,,,486,High-value source pool,RS 002-010,Requested source pool: Presidential Daily File,Review requested source-pool lead,High-value EastMed lead,Greece; Cyprus; Turkey; Regional,1991-06-04 to 1991-06-04,"Tuesday, June 4, 1991 [1]",Mitsotakis | Cyprus | Vassiliou | Denktash | Ozal | Greece / Turkey / Cyprus,96,470417188,Presidential Daily Files,"Source: George H.W. Bush Library, George H. W. Bush Papers, Presidential Daily Files, Tuesday, June 4, 1991 [1].","Catalog provenance: Catalog access Restricted - Possibly; NAID 470417188. Query hit(s): Mitsotakis, Cyprus, Vassiliou, Denktash, Ozal, Greece / Turkey / Cyprus. Digital object: 41-bpr-ootp-daily_files-90601-007.pdf. Catalog: https://catalog.archives.gov/id/470417188.",https://catalog.archives.gov/id/470417188,https://s3.amazonaws.com/NARAprodstorage/lz/presidential-libraries/bush/gb-gbpp/Pres_Daily_Files_595141/1991/41-bpr-ootp-daily_files-90601-007.pdf
,,,485,High-value source pool,RS 002-011,Requested source pool: Presidential Daily File,Review requested source-pool lead,High-value EastMed lead,Greece; Cyprus; Turkey; Regional,1989-07-03 to 1989-07-03,"Monday, July 3, 1989",Papandreou | Cyprus | Vassiliou | Denktash | Yilmaz | Greece / Turkey / Cyprus,95,470416341,Presidential Daily Files,"Source: George H.W. Bush Library, George H. W. Bush Papers, Presidential Daily Files, Monday, July 3, 1989.","Catalog provenance: Catalog access Restricted - Possibly; NAID 470416341. Query hit(s): Papandreou, Cyprus, Vassiliou, Denktash, Yilmaz, Greece / Turkey / Cyprus. Digital object: 41-bpr-ootp-daily_files-90515-007.pdf. Catalog: https://catalog.archives.gov/id/470416341.",https://catalog.archives.gov/id/470416341,https://s3.amazonaws.com/NARAprodstorage/lz/presidential-libraries/bush/gb-gbpp/Pres_Daily_Files_595141/1989/41-bpr-ootp-daily_files-90515-007.pdf
,,,483,High-value source pool,RS 002-012,Requested source pool: Presidential Daily File,Review requested source-pool lead,High-value EastMed lead,Greece; Cyprus; Turkey; Regional,1992-06-29 to 1992-06-29,"Monday, June 29, 1992 [1]",Greek | Cyprus | Cypriot | Vassiliou | Denktash | Turkish | Greece / Turkey / Cyprus,93,470417873,Presidential Daily Files,"Source: George H.W. Bush Library, George H. W. Bush Papers, Presidential Daily Files, Monday, June 29, 1992 [1].","Catalog provenance: Catalog access Restricted - Possibly; NAID 470417873. Query hit(s): Greek, Cyprus, Cypriot, Vassiliou, Denktash, Turkish, Greece / Turkey / Cyprus. Digital object: 41-bpr-ootp-daily_files-90692-006.pdf. Catalog: https://catalog.archives.gov/id/470417873.",https://catalog.archives.gov/id/470417873,https://s3.amazonaws.com/NARAprodstorage/lz/presidential-libraries/bush/gb-gbpp/Pres_Daily_Files_595141/1992/41-bpr-ootp-daily_files-90692-006.pdf
,,,483,High-value source pool,RS 002-013,Requested source pool: Presidential Daily File,Review requested source-pool lead,High-value EastMed lead,Greece; Turkey; Regional,1989-11-27 to 1989-11-27,"Monday, November 27, 1989",Greece | Zolotas | Turkey | Ozal | Eastern Mediterranean | memorandum of conversation | telephone conversation,93,470416509,Presidential Daily Files,"Source: George H.W. Bush Library, George H. W. Bush Papers, Presidential Daily Files, Monday, November 27, 1989.","Catalog provenance: Catalog access Restricted - Possibly; NAID 470416509. Query hit(s): Greece, Zolotas, Turkey, Ozal, Eastern Mediterranean, memorandum of conversation, telephone conversation. Digital object: 41-bpr-ootp-daily_files-90527-011.pdf. Catalog: https://catalog.archives.gov/id/470416509.",https://catalog.archives.gov/id/470416509,https://s3.amazonaws.com/NARAprodstorage/lz/presidential-libraries/bush/gb-gbpp/Pres_Daily_Files_595141/1989/41-bpr-ootp-daily_files-90527-011.pdf
,,,482,High-value source pool,RS 001-027,Requested source pool: Scowcroft Papers,Review requested source-pool lead,High-value EastMed lead,Greece; Cyprus; Turkey; Regional,,Presidential Telephone Calls--Memorandum of Conversations 9/27/91-12/25/91,Cyprus | Turkey | Demirel | Greece / Turkey / Cyprus | telcon | memorandum of conversation | telephone conversation,92,366551702,Presidential Correspondence Files,"Source: George H.W. Bush Library, Bush Presidential Records, Brent Scowcroft Collection, Presidential Correspondence Files, Presidential Telephone Calls--Memorandum of Conversations 9/27/91-12/25/91.","Catalog provenance: Catalog access Restricted - Possibly; NAID 366551702. Query hit(s): Cyprus, Turkey, Demirel, Greece / Turkey / Cyprus, telcon, memorandum of conversation, telephone conversation. Digital object: 41-bpr-scow-pcor-telcon-91113-002.pdf. Catalog: https://catalog.archives.gov/id/366551702.",https://catalog.archives.gov/id/366551702,https://s3.amazonaws.com/NARAprodstorage/lz/presidential-libraries/bush/gb-gbs/4545941/41-bpr-scow-pcor-telcon-91113-002.pdf
,,,482,High-value source pool,RS 002-014,Requested source pool: Presidential Daily File,Review requested source-pool lead,High-value EastMed lead,Greece; Turkey; Regional,1992-07-04 to 1992-07-04,"Saturday, July 4, 1992 [2]",Greece | Papandreou | Mitsotakis | Zolotas | Yilmaz | Eastern Mediterranean,92,470417886,Presidential Daily Files,"Source: George H.W. Bush Library, George H. W. Bush Papers, Presidential Daily Files, Saturday, July 4, 1992 [2].","Catalog provenance: Catalog access Restricted - Possibly; NAID 470417886. Query hit(s): Greece, Papandreou, Mitsotakis, Zolotas, Yilmaz, Eastern Mediterranean. Digital object: 41-bpr-ootp-daily_files-90694-006.pdf. Catalog: https://catalog.archives.gov/id/470417886.",https://catalog.archives.gov/id/470417886,https://s3.amazonaws.com/NARAprodstorage/lz/presidential-libraries/bush/gb-gbpp/Pres_Daily_Files_595141/1992/41-bpr-ootp-daily_files-90694-006.pdf
,,,481,High-value source pool,RS 001-028,Requested source pool: Scowcroft Papers,Review requested source-pool lead,High-value EastMed lead,Greece; Cyprus; Turkey; Regional,,Soviet Power Collapse in Eastern Europe--CFE [Conventional Forces in Europe] April-June 1989,Greece | Greek | Papandreou | Cyprus | Turkey | Ozal | Greece / Turkey / Cyprus,91,366551773,USSR Chronological Files,"Source: George H.W. Bush Library, Bush Presidential Records, Brent Scowcroft Collection, USSR Chronological Files, Soviet Power Collapse in Eastern Europe--CFE [Conventional Forces in Europe] April-June 1989.","Catalog provenance: Catalog access Restricted - Possibly; NAID 366551773. Query hit(s): Greece, Greek, Papandreou, Cyprus, Turkey, Ozal, Greece / Turkey / Cyprus. Digital object: 41-bpr-scow-ussrch-cfe-91121-001.pdf. Catalog: https://catalog.archives.gov/id/366551773.",https://catalog.archives.gov/id/366551773,https://s3.amazonaws.com/NARAprodstorage/lz/presidential-libraries/bush/gb-gbs/4708332/41-bpr-scow-ussrch-cfe-91121-001.pdf
,,,481,High-value source pool,RS 002-015,Requested source pool: Presidential Daily File,Review requested source-pool lead,High-value EastMed lead,Greece; Cyprus; Turkey; Regional,1992-09-25 to 1992-09-25,"Friday, September 25, 1992 [1]",Cyprus | Cypriot | Vassiliou | Denktash | Demirel | Greece / Turkey / Cyprus,91,470418084,Presidential Daily Files,"Source: George H.W. Bush Library, George H. W. Bush Papers, Presidential Daily Files, Friday, September 25, 1992 [1].","Catalog provenance: Catalog access Restricted - Possibly; NAID 470418084. Query hit(s): Cyprus, Cypriot, Vassiliou, Denktash, Demirel, Greece / Turkey / Cyprus. Digital object: 41-bpr-ootp-daily_files-90721-006.pdf. Catalog: https://catalog.archives.gov/id/470418084.",https://catalog.archives.gov/id/470418084,https://s3.amazonaws.com/NARAprodstorage/lz/presidential-libraries/bush/gb-gbpp/Pres_Daily_Files_595141/1992/41-bpr-ootp-daily_files-90721-006.pdf
,,,479,High-value source pool,RS 001-029,Requested source pool: Scowcroft Papers,Review requested source-pool lead,High-value EastMed lead,Greece; Cyprus; Turkey; Regional,,CFE [Conventional Forces in Europe] (June 1990),Greece | Greek | Mitsotakis | Cyprus | Turkish | Incirlik | Greece / Turkey / Cyprus,89,366551779,USSR Chronological Files,"Source: George H.W. Bush Library, Bush Presidential Records, Brent Scowcroft Collection, USSR Chronological Files, CFE [Conventional Forces in Europe] (June 1990).","Catalog provenance: Catalog access Restricted - Possibly; NAID 366551779. Query hit(s): Greece, Greek, Mitsotakis, Cyprus, Turkish, Incirlik, Greece / Turkey / Cyprus. Digital object: 41-bpr-scow-ussrch-cfe-91121-007.pdf. Catalog: https://catalog.archives.gov/id/366551779.",https://catalog.archives.gov/id/366551779,https://s3.amazonaws.com/NARAprodstorage/lz/presidential-libraries/bush/gb-gbs/4708332/41-bpr-scow-ussrch-cfe-91121-007.pdf
,,,479,High-value source pool,RS 001-030,Requested source pool: Scowcroft Papers,Review requested source-pool lead,High-value EastMed lead,Greece; Cyprus; Turkey; Regional,,Presidential Meetings--Memorandum of Conversations 1/24/89-2/25/89,Greek | Papandreou | Cyprus | Greece / Turkey / Cyprus | memcon | memorandum of conversation | telephone conversation,89,366551660,Presidential Correspondence Files,"Source: George H.W. Bush Library, Bush Presidential Records, Brent Scowcroft Collection, Presidential Correspondence Files, Presidential Meetings--Memorandum of Conversations 1/24/89-2/25/89.","Catalog provenance: Catalog access Restricted - Possibly; NAID 366551660. Query hit(s): Greek, Papandreou, Cyprus, Greece / Turkey / Cyprus, memcon, memorandum of conversation, telephone conversation. Digital object: 41-bpr-scow-pcor-memcon-91107-001.pdf. Catalog: https://catalog.archives.gov/id/366551660.",https://catalog.archives.gov/id/366551660,https://s3.amazonaws.com/NARAprodstorage/lz/presidential-libraries/bush/gb-gbs/4545941/41-bpr-scow-pcor-memcon-91107-001.pdf
,,,472,High-value source pool,RS 002-016,Requested source pool: Presidential Daily File,Review requested source-pool lead,High-value EastMed lead,Greece; Turkey; Regional,1992-10-01 to 1992-10-01,"Thursday, October 1, 1992 [3]",Greece | Turkey | Turkish | Ozal | Demirel | Aegean,82,470418101,Presidential Daily Files,"Source: George H.W. Bush Library, George H. W. Bush Papers, Presidential Daily Files, Thursday, October 1, 1992 [3].","Catalog provenance: Catalog access Restricted - Possibly; NAID 470418101. Query hit(s): Greece, Turkey, Turkish, Ozal, Demirel, Aegean. Digital object: 41-bpr-ootp-daily_files-90723-007.pdf. Catalog: https://catalog.archives.gov/id/470418101.",https://catalog.archives.gov/id/470418101,https://s3.amazonaws.com/NARAprodstorage/lz/presidential-libraries/bush/gb-gbpp/Pres_Daily_Files_595141/1992/41-bpr-ootp-daily_files-90723-007.pdf
,,,470,High-value source pool,RS 002-017,Requested source pool: Presidential Daily File,Review requested source-pool lead,High-value EastMed lead,Cyprus; Turkey,1992-07-09 to 1992-07-09,"Thursday, July 9, 1992 [1]",Cyprus | Vassiliou | Turkey | Turkish | Demirel | PKK,80,470417893,Presidential Daily Files,"Source: George H.W. Bush Library, George H. W. Bush Papers, Presidential Daily Files, Thursday, July 9, 1992 [1].","Catalog provenance: Catalog access Restricted - Possibly; NAID 470417893. Query hit(s): Cyprus, Vassiliou, Turkey, Turkish, Demirel, PKK. Digital object: 41-bpr-ootp-daily_files-90695-006.pdf. Catalog: https://catalog.archives.gov/id/470417893.",https://catalog.archives.gov/id/470417893,https://s3.amazonaws.com/NARAprodstorage/lz/presidential-libraries/bush/gb-gbpp/Pres_Daily_Files_595141/1992/41-bpr-ootp-daily_files-90695-006.pdf
,,,469,High-value source pool,RS 002-018,Requested source pool: Presidential Daily File,Review requested source-pool lead,High-value EastMed lead,Greece; Cyprus; Turkey; Regional,1991-09-09 to 1991-09-09,"Monday, September 9, 1991 [1]",Cypriot | Denktash | Ozal | Yilmaz | Greece / Turkey / Cyprus,79,470417327,Presidential Daily Files,"Source: George H.W. Bush Library, George H. W. Bush Papers, Presidential Daily Files, Monday, September 9, 1991 [1].","Catalog provenance: Catalog access Restricted - Possibly; NAID 470417327. Query hit(s): Cypriot, Denktash, Ozal, Yilmaz, Greece / Turkey / Cyprus. Digital object: 41-bpr-ootp-daily_files-90617-005.pdf. Catalog: https://catalog.archives.gov/id/470417327.",https://catalog.archives.gov/id/470417327,https://s3.amazonaws.com/NARAprodstorage/lz/presidential-libraries/bush/gb-gbpp/Pres_Daily_Files_595141/1991/41-bpr-ootp-daily_files-90617-005.pdf
,,,469,High-value source pool,RS 002-019,Requested source pool: Presidential Daily File,Review requested source-pool lead,High-value EastMed lead,Greece; Cyprus; Turkey; Regional,1992-06-24 to 1992-06-24,"Wednesday, June 24, 1992 [1]",Denktash | Demirel | PKK | Greece / Turkey / Cyprus | memcon,79,470417864,Presidential Daily Files,"Source: George H.W. Bush Library, George H. W. Bush Papers, Presidential Daily Files, Wednesday, June 24, 1992 [1].","Catalog provenance: Catalog access Restricted - Possibly; NAID 470417864. Query hit(s): Denktash, Demirel, PKK, Greece / Turkey / Cyprus, memcon. Digital object: 41-bpr-ootp-daily_files-90691-004.pdf. Catalog: https://catalog.archives.gov/id/470417864.",https://catalog.archives.gov/id/470417864,https://s3.amazonaws.com/NARAprodstorage/lz/presidential-libraries/bush/gb-gbpp/Pres_Daily_Files_595141/1992/41-bpr-ootp-daily_files-90691-004.pdf
,,,467,High-value source pool,RS 002-020,Requested source pool: Presidential Daily File,Review requested source-pool lead,High-value EastMed lead,Greece; Cyprus; Turkey; Regional,1989-07-31 to 1989-07-31,"Monday, July 31, 1989",Cypriot | Denktash | Turkey | Turkish | Greece / Turkey / Cyprus | telephone conversation,77,470416373,Presidential Daily Files,"Source: George H.W. Bush Library, George H. W. Bush Papers, Presidential Daily Files, Monday, July 31, 1989.","Catalog provenance: Catalog access Restricted - Possibly; NAID 470416373. Query hit(s): Cypriot, Denktash, Turkey, Turkish, Greece / Turkey / Cyprus, telephone conversation. Digital object: 41-bpr-ootp-daily_files-90518-006.pdf. Catalog: https://catalog.archives.gov/id/470416373.",https://catalog.archives.gov/id/470416373,https://s3.amazonaws.com/NARAprodstorage/lz/presidential-libraries/bush/gb-gbpp/Pres_Daily_Files_595141/1989/41-bpr-ootp-daily_files-90518-006.pdf
,,,466,High-value source pool,RS 002-021,Requested source pool: Presidential Daily File,Review requested source-pool lead,High-value EastMed lead,Greece; Cyprus; Turkey; Regional,1991-12-12 to 1991-12-12,"Thursday, December 12, 1991 [2]",Greece | Greek | Mitsotakis | Cyprus | Cypriot | Greece / Turkey / Cyprus,76,470417495,Presidential Daily Files,"Source: George H.W. Bush Library, George H. W. Bush Papers, Presidential Daily Files, Thursday, December 12, 1991 [2].","Catalog provenance: Catalog access Restricted - Possibly; NAID 470417495. Query hit(s): Greece, Greek, Mitsotakis, Cyprus, Cypriot, Greece / Turkey / Cyprus. Digital object: 41-bpr-ootp-daily_files-90640-002.pdf. Catalog: https://catalog.archives.gov/id/470417495.",https://catalog.archives.gov/id/470417495,https://s3.amazonaws.com/NARAprodstorage/lz/presidential-libraries/bush/gb-gbpp/Pres_Daily_Files_595141/1991/41-bpr-ootp-daily_files-90640-002.pdf
,,,466,High-value source pool,RS 009-003,Requested source pool: IF Transition,Review requested source-pool lead,High-value EastMed lead,Greece; Cyprus; Turkey; Regional,,[Transition Planning: Significant Anniversary Dates and The First 100 Days of Previous Administrations] [2],Greece | Cyprus | Turkey | Demirel | Greece / Turkey / Cyprus | NSC/DC,76,470760874,National Security Council (NSC) Institutional Files (IF) Transition Files,"Source: George H.W. Bush Library, Bush Presidential Records, National Security Council, National Security Council (NSC) Institutional Files (IF) Transition Files, [Transition Planning: Significant Anniversary Dates and The First 100 Days of Previous Administrations] [2].","Catalog provenance: Catalog access Restricted - Possibly; NAID 470760874. Query hit(s): Greece, Cyprus, Turkey, Demirel, Greece / Turkey / Cyprus, NSC/DC. Digital object: 41-bpr-nsc-hfiles-if_trans-99016-011.pdf. Catalog: https://catalog.archives.gov/id/470760874.",https://catalog.archives.gov/id/470760874,https://s3.amazonaws.com/NARAprodstorage/lz/presidential-libraries/bush/gb-nsc/H-Files/IF_Transition_348937136/41-bpr-nsc-hfiles-if_trans-99016-011.pdf
,,,465,High-value source pool,RS 002-022,Requested source pool: Presidential Daily File,Review requested source-pool lead,High-value EastMed lead,Greece; Cyprus; Turkey; Regional,1991-07-19 to 1991-07-19,"Friday, July 19, 1991",Greece | Greek | Mitsotakis | Cyprus | Turkish | Greece / Turkey / Cyprus,75,470417259,Presidential Daily Files,"Source: George H.W. Bush Library, George H. W. Bush Papers, Presidential Daily Files, Friday, July 19, 1991.","Catalog provenance: Catalog access Restricted - Possibly; NAID 470417259. Query hit(s): Greece, Greek, Mitsotakis, Cyprus, Turkish, Greece / Turkey / Cyprus. Digital object: 41-bpr-ootp-daily_files-90610-001.pdf. Catalog: https://catalog.archives.gov/id/470417259.",https://catalog.archives.gov/id/470417259,https://s3.amazonaws.com/NARAprodstorage/lz/presidential-libraries/bush/gb-gbpp/Pres_Daily_Files_595141/1991/41-bpr-ootp-daily_files-90610-001.pdf
,,,464,High-value source pool,RS 009-004,Requested source pool: IF Transition,Review requested source-pool lead,High-value EastMed lead,Greece; Cyprus; Turkey,,Reagan-Bush Transition Briefing Book: National Security Activities,Greek | Cyprus | Turkey | Turkish | Ozal | Demirel,74,470760857,National Security Council (NSC) Institutional Files (IF) Transition Files,"Source: George H.W. Bush Library, Bush Presidential Records, National Security Council, National Security Council (NSC) Institutional Files (IF) Transition Files, Reagan-Bush Transition Briefing Book: National Security Activities.","Catalog provenance: Catalog access Restricted - Possibly; NAID 470760857. Query hit(s): Greek, Cyprus, Turkey, Turkish, Ozal, Demirel. Digital object: 41-bpr-nsc-hfiles-if_trans-99015-003.pdf. Catalog: https://catalog.archives.gov/id/470760857.",https://catalog.archives.gov/id/470760857,https://s3.amazonaws.com/NARAprodstorage/lz/presidential-libraries/bush/gb-nsc/H-Files/IF_Transition_348937136/41-bpr-nsc-hfiles-if_trans-99015-003.pdf
,,,464,High-value source pool,RS 002-023,Requested source pool: Presidential Daily File,Review requested source-pool lead,High-value EastMed lead,Greece; Cyprus; Turkey; Regional,1990-06-22 to 1990-06-22,"Friday, June 22, 1990",Cyprus | Cypriot | Vassiliou | Denktash | Greece / Turkey / Cyprus,74,470416750,Presidential Daily Files,"Source: George H.W. Bush Library, George H. W. Bush Papers, Presidential Daily Files, Friday, June 22, 1990.","Catalog provenance: Catalog access Restricted - Possibly; NAID 470416750. Query hit(s): Cyprus, Cypriot, Vassiliou, Denktash, Greece / Turkey / Cyprus. Digital object: 41-bpr-ootp-daily_files-90551-010.pdf. Catalog: https://catalog.archives.gov/id/470416750.",https://catalog.archives.gov/id/470416750,https://s3.amazonaws.com/NARAprodstorage/lz/presidential-libraries/bush/gb-gbpp/Pres_Daily_Files_595141/1990/41-bpr-ootp-daily_files-90551-010.pdf
,,,463,High-value source pool,RS 002-024,Requested source pool: Presidential Daily File,Review requested source-pool lead,High-value EastMed lead,Cyprus; Turkey,1992-03-30 to 1992-03-30,"Monday, March 30, 1992 [1]",Cyprus | Cypriot | Vassiliou | Denktash | Demirel,73,470417673,Presidential Daily Files,"Source: George H.W. Bush Library, George H. W. Bush Papers, Presidential Daily Files, Monday, March 30, 1992 [1].","Catalog provenance: Catalog access Restricted - Possibly; NAID 470417673. Query hit(s): Cyprus, Cypriot, Vassiliou, Denktash, Demirel. Digital object: 41-bpr-ootp-daily_files-90665-005.pdf. Catalog: https://catalog.archives.gov/id/470417673.",https://catalog.archives.gov/id/470417673,https://s3.amazonaws.com/NARAprodstorage/lz/presidential-libraries/bush/gb-gbpp/Pres_Daily_Files_595141/1992/41-bpr-ootp-daily_files-90665-005.pdf
,,,462,High-value source pool,RS 002-025,Requested source pool: Presidential Daily File,Review requested source-pool lead,High-value EastMed lead,Greece; Cyprus,1992-11-24 to 1992-11-24,"Tuesday, November 24, 1992 [1]",Mitsotakis | Cyprus | Cypriot | Vassiliou | Denktash,72,470418201,Presidential Daily Files,"Source: George H.W. Bush Library, George H. W. Bush Papers, Presidential Daily Files, Tuesday, November 24, 1992 [1].","Catalog provenance: Catalog access Restricted - Possibly; NAID 470418201. Query hit(s): Mitsotakis, Cyprus, Cypriot, Vassiliou, Denktash. Digital object: 41-bpr-ootp-daily_files-90737-003.pdf. Catalog: https://catalog.archives.gov/id/470418201.",https://catalog.archives.gov/id/470418201,https://s3.amazonaws.com/NARAprodstorage/lz/presidential-libraries/bush/gb-gbpp/Pres_Daily_Files_595141/1992/41-bpr-ootp-daily_files-90737-003.pdf
,,,462,High-value source pool,RS 002-026,Requested source pool: Presidential Daily File,Review requested source-pool lead,High-value EastMed lead,Greece; Cyprus; Turkey; Regional,1992-03-18 to 1992-03-18,"Wednesday, March 18, 1992 [2]",Greece | Mitsotakis | Cyprus | Demirel | Greece / Turkey / Cyprus,72,470417653,Presidential Daily Files,"Source: George H.W. Bush Library, George H. W. Bush Papers, Presidential Daily Files, Wednesday, March 18, 1992 [2].","Catalog provenance: Catalog access Restricted - Possibly; NAID 470417653. Query hit(s): Greece, Mitsotakis, Cyprus, Demirel, Greece / Turkey / Cyprus. Digital object: 41-bpr-ootp-daily_files-90662-004.pdf. Catalog: https://catalog.archives.gov/id/470417653.",https://catalog.archives.gov/id/470417653,https://s3.amazonaws.com/NARAprodstorage/lz/presidential-libraries/bush/gb-gbpp/Pres_Daily_Files_595141/1992/41-bpr-ootp-daily_files-90662-004.pdf
,,,460,High-value source pool,RS 002-027,Requested source pool: Presidential Daily File,Review requested source-pool lead,High-value EastMed lead,Cyprus; Turkey,1992-08-01 to 1992-08-01,"Saturday, August 1, 1992",Cyprus | Denktash | Turkey | Demirel | PKK,70,470417945,Presidential Daily Files,"Source: George H.W. Bush Library, George H. W. Bush Papers, Presidential Daily Files, Saturday, August 1, 1992.","Catalog provenance: Catalog access Restricted - Possibly; NAID 470417945. Query hit(s): Cyprus, Denktash, Turkey, Demirel, PKK. Digital object: 41-bpr-ootp-daily_files-90702-006.pdf. Catalog: https://catalog.archives.gov/id/470417945.",https://catalog.archives.gov/id/470417945,https://s3.amazonaws.com/NARAprodstorage/lz/presidential-libraries/bush/gb-gbpp/Pres_Daily_Files_595141/1992/41-bpr-ootp-daily_files-90702-006.pdf
,,,459,High-value source pool,RS 002-028,Requested source pool: Presidential Daily File,Review requested source-pool lead,High-value EastMed lead,Greece; Cyprus; Turkey; Regional,1991-06-04 to 1991-06-04,"Tuesday, June 4, 1991 [2]",Vassiliou | Denktash | Ozal | Greece / Turkey / Cyprus,69,470417189,Presidential Daily Files,"Source: George H.W. Bush Library, George H. W. Bush Papers, Presidential Daily Files, Tuesday, June 4, 1991 [2].","Catalog provenance: Catalog access Restricted - Possibly; NAID 470417189. Query hit(s): Vassiliou, Denktash, Ozal, Greece / Turkey / Cyprus. Digital object: 41-bpr-ootp-daily_files-90601-008.pdf. Catalog: https://catalog.archives.gov/id/470417189.",https://catalog.archives.gov/id/470417189,https://s3.amazonaws.com/NARAprodstorage/lz/presidential-libraries/bush/gb-gbpp/Pres_Daily_Files_595141/1991/41-bpr-ootp-daily_files-90601-008.pdf
,,,458,High-value source pool,RS 002-029,Requested source pool: Presidential Daily File,Review requested source-pool lead,High-value EastMed lead,Greece; Cyprus; Turkey; Regional,1990-08-14 to 1990-08-14,"Tuesday, August 14, 1990",Cypriot | Ozal | Greece / Turkey / Cyprus | memorandum of conversation | telephone conversation,68,470416813,Presidential Daily Files,"Source: George H.W. Bush Library, George H. W. Bush Papers, Presidential Daily Files, Tuesday, August 14, 1990.","Catalog provenance: Catalog access Restricted - Possibly; NAID 470416813. Query hit(s): Cypriot, Ozal, Greece / Turkey / Cyprus, memorandum of conversation, telephone conversation. Digital object: 41-bpr-ootp-daily_files-90557-001.pdf. Catalog: https://catalog.archives.gov/id/470416813.",https://catalog.archives.gov/id/470416813,https://s3.amazonaws.com/NARAprodstorage/lz/presidential-libraries/bush/gb-gbpp/Pres_Daily_Files_595141/1990/41-bpr-ootp-daily_files-90557-001.pdf
,,,456,High-value source pool,RS 002-030,Requested source pool: Presidential Daily File,Review requested source-pool lead,High-value EastMed lead,Greece; Cyprus; Turkey,1989-06-30 to 1989-06-30,"Friday, June 30, 1989",Papandreou | Vassiliou | Denktash | Yilmaz,66,470416338,Presidential Daily Files,"Source: George H.W. Bush Library, George H. W. Bush Papers, Presidential Daily Files, Friday, June 30, 1989.","Catalog provenance: Catalog access Restricted - Possibly; NAID 470416338. Query hit(s): Papandreou, Vassiliou, Denktash, Yilmaz. Digital object: 41-bpr-ootp-daily_files-90515-004.pdf. Catalog: https://catalog.archives.gov/id/470416338.",https://catalog.archives.gov/id/470416338,https://s3.amazonaws.com/NARAprodstorage/lz/presidential-libraries/bush/gb-gbpp/Pres_Daily_Files_595141/1989/41-bpr-ootp-daily_files-90515-004.pdf
,,,448,High-value source pool,RS 005-006,Requested source pool: NSC/DC Meetings,Review requested source-pool lead,High-value EastMed lead,Greece; Cyprus,1992-10-01 to 1992-10-01,"NSC/DC 380 - October 01, 1992 - NSC/DC Meeting on Yugoslavia, Keywords: Yugoslavia",Greece | Greek | Cyprus | Vassiliou | memorandum of conversation,58,470761415,H-Files - National Security Council (NSC)/Deputies Committee (DC) Meetings Files,"Source: George H.W. Bush Library, Bush Presidential Records, National Security Council, H-Files - National Security Council (NSC)/Deputies Committee (DC) Meetings Files, NSC/DC 380 - October 01, 1992 - NSC/DC Meeting on Yugoslavia, Keywords: Yugoslavia.","Catalog provenance: Catalog access Restricted - Possibly; NAID 470761415. Query hit(s): Greece, Greek, Cyprus, Vassiliou, memorandum of conversation. Digital object: 41-bpr-nsc-hfiles-dc_mtgs-380-90023-024.pdf. Catalog: https://catalog.archives.gov/id/470761415.",https://catalog.archives.gov/id/470761415,https://s3.amazonaws.com/NARAprodstorage/lz/presidential-libraries/bush/gb-nsc/H-Files/NSC-DC_Mtgs_312294079/41-bpr-nsc-hfiles-dc_mtgs-380-90023-024.pdf
,,,446,High-value source pool,BC 013,Blackwill Chronological Files,Open or screen chronological packet,High-value EastMed search lead,Turkey,1989-07-01,July 1989 [4],Greek | Cyprus | Turkey | Turkish | Ozal | Ozal + Turkey | memorandum of conversation | telephone conversation,96,453248093,Robert D. Blackwill Chronological Files,"Source: George H.W. Bush Library, Bush Presidential Records, National Security Council, Robert D. Blackwill Chronological Files, July 1989 [4].","Catalog provenance: Catalog access Restricted - Possibly; NAID 453248093. Query hit(s): Greek, Cyprus, Turkey, Turkish, Ozal, Ozal + Turkey, memorandum of conversation, telephone conversation. OCR status: First four pages OCR reviewed. PDF extent: 130 pages. Digital object: 41-bpr-nsc-blackwill_chron-30546-004.pdf. Catalog: https://catalog.archives.gov/id/453248093.",https://catalog.archives.gov/id/453248093,https://s3.dualstack.us-east-1.amazonaws.com/NARAprodstorage/lz/presidential-libraries/bush/gb-nsc/blackwill/chron_2554659/41-bpr-nsc-blackwill_chron-30546-004.pdf
,,,445,High-value source pool,RS 001-026,Requested source pool: Scowcroft Papers,Review requested source-pool lead,High-value EastMed lead,Turkey,,Presidential Telephone Calls--Memorandum of Conversations 11/5/92-1/2/93,Turkey | Ozal | Demirel | PKK | telcon | memorandum of conversation | telephone conversation,95,366551706,Presidential Correspondence Files,"Source: George H.W. Bush Library, Bush Presidential Records, Brent Scowcroft Collection, Presidential Correspondence Files, Presidential Telephone Calls--Memorandum of Conversations 11/5/92-1/2/93.","Catalog provenance: Catalog access Restricted - Possibly; NAID 366551706. Query hit(s): Turkey, Ozal, Demirel, PKK, telcon, memorandum of conversation, telephone conversation. Digital object: 41-bpr-scow-pcor-telcon-91113-006.pdf. Catalog: https://catalog.archives.gov/id/366551706.",https://catalog.archives.gov/id/366551706,https://s3.amazonaws.com/NARAprodstorage/lz/presidential-libraries/bush/gb-gbs/4545941/41-bpr-scow-pcor-telcon-91113-006.pdf
,,,435,High-value source pool,BC 014,Blackwill Chronological Files,Open or screen chronological packet,High-value EastMed search lead,Turkey,1989-07-01,July 1989 [5],Greece | Greek | Turkey | Ozal | Ozal + Turkey | memorandum of conversation | telephone conversation,85,453248094,Robert D. Blackwill Chronological Files,"Source: George H.W. Bush Library, Bush Presidential Records, National Security Council, Robert D. Blackwill Chronological Files, July 1989 [5].","Catalog provenance: Catalog access Restricted - Possibly; NAID 453248094. Query hit(s): Greece, Greek, Turkey, Ozal, Ozal + Turkey, memorandum of conversation, telephone conversation. OCR status: Not OCR sampled. Digital object: 41-bpr-nsc-blackwill_chron-30546-005.pdf. Catalog: https://catalog.archives.gov/id/453248094.",https://catalog.archives.gov/id/453248094,https://s3.dualstack.us-east-1.amazonaws.com/NARAprodstorage/lz/presidential-libraries/bush/gb-nsc/blackwill/chron_2554659/41-bpr-nsc-blackwill_chron-30546-005.pdf
,,,426,High-value source pool,BC 015,Blackwill Chronological Files,Open or screen chronological packet,High-value EastMed search lead,Turkey,1989-02-01,January-February 1989 [1],Turkey | Turkish | Ozal | Ozal + Turkey | memorandum of conversation | telephone conversation,76,453248053,Robert D. Blackwill Chronological Files,"Source: George H.W. Bush Library, Bush Presidential Records, National Security Council, Robert D. Blackwill Chronological Files, January-February 1989 [1].","Catalog provenance: Catalog access Restricted - Possibly; NAID 453248053. Query hit(s): Turkey, Turkish, Ozal, Ozal + Turkey, memorandum of conversation, telephone conversation. OCR status: Not OCR sampled. Digital object: 41-bpr-nsc-blackwill_chron-30540-001.pdf. Catalog: https://catalog.archives.gov/id/453248053.",https://catalog.archives.gov/id/453248053,https://s3.dualstack.us-east-1.amazonaws.com/NARAprodstorage/lz/presidential-libraries/bush/gb-nsc/blackwill/chron_2554659/41-bpr-nsc-blackwill_chron-30540-001.pdf
,,,426,High-value source pool,BC 016,Blackwill Chronological Files,Open or screen chronological packet,High-value EastMed search lead,Turkey,1989-08-01,August 1989 [1],Turkey | Turkish | Ozal | Ozal + Turkey | memorandum of conversation | telephone conversation,76,453248095,Robert D. Blackwill Chronological Files,"Source: George H.W. Bush Library, Bush Presidential Records, National Security Council, Robert D. Blackwill Chronological Files, August 1989 [1].","Catalog provenance: Catalog access Restricted - Possibly; NAID 453248095. Query hit(s): Turkey, Turkish, Ozal, Ozal + Turkey, memorandum of conversation, telephone conversation. OCR status: First four pages OCR reviewed. PDF extent: 100 pages. Digital object: 41-bpr-nsc-blackwill_chron-30546-006.pdf. Catalog: https://catalog.archives.gov/id/453248095.",https://catalog.archives.gov/id/453248095,https://s3.dualstack.us-east-1.amazonaws.com/NARAprodstorage/lz/presidential-libraries/bush/gb-nsc/blackwill/chron_2554659/41-bpr-nsc-blackwill_chron-30546-006.pdf
,,,424,High-value source pool,RS 005-004,Requested source pool: NSC/DC Meetings,Review requested source-pool lead,High-value EastMed lead,Turkey,1991-04-08 to 1991-04-08,"NSC/DC 268 - April 08, 1991 - NSC/DC Meeting on Iraqi Refugees via SVTS, Keywords: Iraq, Refugees",Turkey | Turkish | Ozal | Incirlik | memorandum of conversation | telephone conversation,74,470761286,H-Files - National Security Council (NSC)/Deputies Committee (DC) Meetings Files,"Source: George H.W. Bush Library, Bush Presidential Records, National Security Council, H-Files - National Security Council (NSC)/Deputies Committee (DC) Meetings Files, NSC/DC 268 - April 08, 1991 - NSC/DC Meeting on Iraqi Refugees via SVTS, Keywords: Iraq, Refugees.","Catalog provenance: Catalog access Restricted - Possibly; NAID 470761286. Query hit(s): Turkey, Turkish, Ozal, Incirlik, memorandum of conversation, telephone conversation. Digital object: 41-bpr-nsc-hfiles-dc_mtgs-268-90019-017.pdf. Catalog: https://catalog.archives.gov/id/470761286.",https://catalog.archives.gov/id/470761286,https://s3.amazonaws.com/NARAprodstorage/lz/presidential-libraries/bush/gb-nsc/H-Files/NSC-DC_Mtgs_312294079/41-bpr-nsc-hfiles-dc_mtgs-268-90019-017.pdf
,,,409,High-value source pool,RS 005-005,Requested source pool: NSC/DC Meetings,Review requested source-pool lead,High-value EastMed lead,Turkey,1991-06-04 to 1991-06-04,"NSC/DC 286 - June 04, 1991 - NSC/DC Meeting on Iraq, Keywords: Iraq",Turkey | Turkish | Ozal | memorandum of conversation | telephone conversation,59,470761305,H-Files - National Security Council (NSC)/Deputies Committee (DC) Meetings Files,"Source: George H.W. Bush Library, Bush Presidential Records, National Security Council, H-Files - National Security Council (NSC)/Deputies Committee (DC) Meetings Files, NSC/DC 286 - June 04, 1991 - NSC/DC Meeting on Iraq, Keywords: Iraq.","Catalog provenance: Catalog access Restricted - Possibly; NAID 470761305. Query hit(s): Turkey, Turkish, Ozal, memorandum of conversation, telephone conversation. Digital object: 41-bpr-nsc-hfiles-dc_mtgs-286-90020-005.pdf. Catalog: https://catalog.archives.gov/id/470761305.",https://catalog.archives.gov/id/470761305,https://s3.amazonaws.com/NARAprodstorage/lz/presidential-libraries/bush/gb-nsc/H-Files/NSC-DC_Mtgs_312294079/41-bpr-nsc-hfiles-dc_mtgs-286-90020-005.pdf
,,,408,High-value source pool,GC 014,Gates Chronological Files,Screen for copied or staff-context records,High-value EastMed search lead,Regional,1989-01-01,Chron File (Official): 1989 (Part I) [Unclassified] [3 of 6],Eastern Mediterranean,18,470436933,Robert M. Gates' Chronological Files,"Source: George H.W. Bush Library, Bush Presidential Records, National Security Council, Robert M. Gates' Chronological Files, Chron File (Official): 1989 (Part I) [Unclassified] [3 of 6].",Catalog provenance: Catalog access Restricted - Possibly; NAID 470436933. Query hit(s): Eastern Mediterranean. OCR status: Full PDF OCR reviewed. PDF extent: 170 pages. Digital object: 41-bpr-nsc-gates-chron-cf00948-003.pdf. Catalog: https://catalog.archives.gov/id/470436933.,https://catalog.archives.gov/id/470436933,https://s3.dualstack.us-east-1.amazonaws.com/NARAprodstorage/lz/presidential-libraries/bush/gb-nsc/gates/chron_2554841/41-bpr-nsc-gates-chron-cf00948-003.pdf
,,,408,High-value source pool,GC 015,Gates Chronological Files,Screen for copied or staff-context records,High-value EastMed search lead,Regional,1989-01-01,Chron File (Official): 1989 (Part I) [Unclassified] [4 of 6],Eastern Mediterranean,18,470436934,Robert M. Gates' Chronological Files,"Source: George H.W. Bush Library, Bush Presidential Records, National Security Council, Robert M. Gates' Chronological Files, Chron File (Official): 1989 (Part I) [Unclassified] [4 of 6].",Catalog provenance: Catalog access Restricted - Possibly; NAID 470436934. Query hit(s): Eastern Mediterranean. OCR status: Full PDF OCR reviewed. PDF extent: 100 pages. Digital object: 41-bpr-nsc-gates-chron-cf00948-004.pdf. Catalog: https://catalog.archives.gov/id/470436934.,https://catalog.archives.gov/id/470436934,https://s3.dualstack.us-east-1.amazonaws.com/NARAprodstorage/lz/presidential-libraries/bush/gb-nsc/gates/chron_2554841/41-bpr-nsc-gates-chron-cf00948-004.pdf
,,,400,High-value source pool,RS 005-008,Requested source pool: NSC/DC Meetings,Review requested source-pool lead,High-value EastMed lead,Turkey,1991-09-13 to 1991-09-13,"NSC/DC 310 - September 13, 1991 - NSC/DC Meeting on Persian Gulf, Keywords: Persian Gulf",Turkey | Ozal | Incirlik | NSD,50,470761331,H-Files - National Security Council (NSC)/Deputies Committee (DC) Meetings Files,"Source: George H.W. Bush Library, Bush Presidential Records, National Security Council, H-Files - National Security Council (NSC)/Deputies Committee (DC) Meetings Files, NSC/DC 310 - September 13, 1991 - NSC/DC Meeting on Persian Gulf, Keywords: Persian Gulf.","Catalog provenance: Catalog access Restricted - Possibly; NAID 470761331. Query hit(s): Turkey, Ozal, Incirlik, NSD. Digital object: 41-bpr-nsc-hfiles-dc_mtgs-310-90020-032.pdf. Catalog: https://catalog.archives.gov/id/470761331.",https://catalog.archives.gov/id/470761331,https://s3.amazonaws.com/NARAprodstorage/lz/presidential-libraries/bush/gb-nsc/H-Files/NSC-DC_Mtgs_312294079/41-bpr-nsc-hfiles-dc_mtgs-310-90020-032.pdf
,,,397,High-value source pool,RS 005-009,Requested source pool: NSC/DC Meetings,Review requested source-pool lead,High-value EastMed lead,Turkey,1992-04-01 to 1992-04-01,"NSC/DC 344 - April 01, 1992 - NSC/DC Meeting on Iraq, Keywords: Iraq",Turkey | Turkish | PKK | memcon,47,470761368,H-Files - National Security Council (NSC)/Deputies Committee (DC) Meetings Files,"Source: George H.W. Bush Library, Bush Presidential Records, National Security Council, H-Files - National Security Council (NSC)/Deputies Committee (DC) Meetings Files, NSC/DC 344 - April 01, 1992 - NSC/DC Meeting on Iraq, Keywords: Iraq.","Catalog provenance: Catalog access Restricted - Possibly; NAID 470761368. Query hit(s): Turkey, Turkish, PKK, memcon. Digital object: 41-bpr-nsc-hfiles-dc_mtgs-344-90022-003.pdf. Catalog: https://catalog.archives.gov/id/470761368.",https://catalog.archives.gov/id/470761368,https://s3.amazonaws.com/NARAprodstorage/lz/presidential-libraries/bush/gb-nsc/H-Files/NSC-DC_Mtgs_312294079/41-bpr-nsc-hfiles-dc_mtgs-344-90022-003.pdf
,,,395,High-value source pool,RS 005-010,Requested source pool: NSC/DC Meetings,Review requested source-pool lead,High-value EastMed lead,Turkey,1992-03-11 to 1992-03-11,"NSC/DC 339 - March 11, 1992 - NSC/DC Meeting on Iraq, Keywords: Iraq",Turkey | Turkish | PKK | NSC/DC,45,470761362,H-Files - National Security Council (NSC)/Deputies Committee (DC) Meetings Files,"Source: George H.W. Bush Library, Bush Presidential Records, National Security Council, H-Files - National Security Council (NSC)/Deputies Committee (DC) Meetings Files, NSC/DC 339 - March 11, 1992 - NSC/DC Meeting on Iraq, Keywords: Iraq.","Catalog provenance: Catalog access Restricted - Possibly; NAID 470761362. Query hit(s): Turkey, Turkish, PKK, NSC/DC. Digital object: 41-bpr-nsc-hfiles-dc_mtgs-339-90021-027.pdf. Catalog: https://catalog.archives.gov/id/470761362.",https://catalog.archives.gov/id/470761362,https://s3.amazonaws.com/NARAprodstorage/lz/presidential-libraries/bush/gb-nsc/H-Files/NSC-DC_Mtgs_312294079/41-bpr-nsc-hfiles-dc_mtgs-339-90021-027.pdf
,,,388,High-value source pool,RS 004-004,Requested source pool: NSC,Review requested source-pool lead,High-value EastMed lead,Turkey,1990-08-04 to 1990-08-04,"NSC0050 - August 04, 1990 - Iraqi Invasion of Kuwait, Persian Gulf",Turkey | Ozal | memorandum of conversation,38,470760955,H-Files - National Security Council (NSC) Meeting Files,"Source: George H.W. Bush Library, Bush Presidential Records, National Security Council, H-Files - National Security Council (NSC) Meeting Files, NSC0050 - August 04, 1990 - Iraqi Invasion of Kuwait, Persian Gulf.","Catalog provenance: Catalog access Restricted - Possibly; NAID 470760955. Query hit(s): Turkey, Ozal, memorandum of conversation. Digital object: 41-bpr-nsc-hfiles-nsc_mtgs-50-90002-017.pdf. Catalog: https://catalog.archives.gov/id/470760955.",https://catalog.archives.gov/id/470760955,https://s3.amazonaws.com/NARAprodstorage/lz/presidential-libraries/bush/gb-nsc/H-Files/NSC_Mtgs_312293887/41-bpr-nsc-hfiles-nsc_mtgs-50-90002-017.pdf
,,,387,High-value source pool,RS 005-012,Requested source pool: NSC/DC Meetings,Review requested source-pool lead,High-value EastMed lead,Turkey,1990-08-04 to 1990-08-04,"NSC/DC 163 - August 04, 1990 - NSC/DC Meeting on Gulf Crisis via SVTS, Keywords: Iraq, Kuwait, Persian Gulf",Turkey | Turkish | Ozal,37,470761156,H-Files - National Security Council (NSC)/Deputies Committee (DC) Meetings Files,"Source: George H.W. Bush Library, Bush Presidential Records, National Security Council, H-Files - National Security Council (NSC)/Deputies Committee (DC) Meetings Files, NSC/DC 163 - August 04, 1990 - NSC/DC Meeting on Gulf Crisis via SVTS, Keywords: Iraq, Kuwait, Persian Gulf.","Catalog provenance: Catalog access Restricted - Possibly; NAID 470761156. Query hit(s): Turkey, Turkish, Ozal. Digital object: 41-bpr-nsc-hfiles-dc_mtgs-163-90015-022.pdf. Catalog: https://catalog.archives.gov/id/470761156.",https://catalog.archives.gov/id/470761156,https://s3.amazonaws.com/NARAprodstorage/lz/presidential-libraries/bush/gb-nsc/H-Files/NSC-DC_Mtgs_312294079/41-bpr-nsc-hfiles-dc_mtgs-163-90015-022.pdf
,,,387,High-value source pool,RS 005-013,Requested source pool: NSC/DC Meetings,Review requested source-pool lead,High-value EastMed lead,Turkey,1991-04-06 to 1991-04-06,"NSC/DC 265A - April 06, 1991 - NSC/DC Meeting re: Persian Gulf Humanitarian Assistance via SVTS, Keywords: Persian Gulf Iraq",Turkey | Turkish | Ozal,37,470761283,H-Files - National Security Council (NSC)/Deputies Committee (DC) Meetings Files,"Source: George H.W. Bush Library, Bush Presidential Records, National Security Council, H-Files - National Security Council (NSC)/Deputies Committee (DC) Meetings Files, NSC/DC 265A - April 06, 1991 - NSC/DC Meeting re: Persian Gulf Humanitarian Assistance via SVTS, Keywords: Persian Gulf Iraq.","Catalog provenance: Catalog access Restricted - Possibly; NAID 470761283. Query hit(s): Turkey, Turkish, Ozal. Digital object: 41-bpr-nsc-hfiles-dc_mtgs-265a-90019-014.pdf. Catalog: https://catalog.archives.gov/id/470761283.",https://catalog.archives.gov/id/470761283,https://s3.amazonaws.com/NARAprodstorage/lz/presidential-libraries/bush/gb-nsc/H-Files/NSC-DC_Mtgs_312294079/41-bpr-nsc-hfiles-dc_mtgs-265a-90019-014.pdf
,,,386,High-value source pool,RS 005-015,Requested source pool: NSC/DC Meetings,Review requested source-pool lead,High-value EastMed lead,Turkey,1990-09-25 to 1990-09-25,"NSC/DC 202 - September 25, 1990 - NSC/DC Meeting on Iran Role in Gulf Crisis via SVTS, Keywords: Iran, Persian Gulf",Ozal | memorandum of conversation | NSD,36,470761201,H-Files - National Security Council (NSC)/Deputies Committee (DC) Meetings Files,"Source: George H.W. Bush Library, Bush Presidential Records, National Security Council, H-Files - National Security Council (NSC)/Deputies Committee (DC) Meetings Files, NSC/DC 202 - September 25, 1990 - NSC/DC Meeting on Iran Role in Gulf Crisis via SVTS, Keywords: Iran, Persian Gulf.","Catalog provenance: Catalog access Restricted - Possibly; NAID 470761201. Query hit(s): Ozal, memorandum of conversation, NSD. Digital object: 41-bpr-nsc-hfiles-dc_mtgs-202-90016-035.pdf. Catalog: https://catalog.archives.gov/id/470761201.",https://catalog.archives.gov/id/470761201,https://s3.amazonaws.com/NARAprodstorage/lz/presidential-libraries/bush/gb-nsc/H-Files/NSC-DC_Mtgs_312294079/41-bpr-nsc-hfiles-dc_mtgs-202-90016-035.pdf
,,,385,High-value source pool,RS 005-016,Requested source pool: NSC/DC Meetings,Review requested source-pool lead,High-value EastMed lead,Greece,1992-05-27 to 1992-05-27,"NSC/DC 354 - May 27, 1992 - NSC/DC Meeting on Bosnia-Herzegovina and Macedonia, Keywords: Bosnia-Herzegovina, Macedonia",Greece | Greek | Mitsotakis,35,470761381,H-Files - National Security Council (NSC)/Deputies Committee (DC) Meetings Files,"Source: George H.W. Bush Library, Bush Presidential Records, National Security Council, H-Files - National Security Council (NSC)/Deputies Committee (DC) Meetings Files, NSC/DC 354 - May 27, 1992 - NSC/DC Meeting on Bosnia-Herzegovina and Macedonia, Keywords: Bosnia-Herzegovina, Macedonia.","Catalog provenance: Catalog access Restricted - Possibly; NAID 470761381. Query hit(s): Greece, Greek, Mitsotakis. Digital object: 41-bpr-nsc-hfiles-dc_mtgs-354-90022-016.pdf. Catalog: https://catalog.archives.gov/id/470761381.",https://catalog.archives.gov/id/470761381,https://s3.amazonaws.com/NARAprodstorage/lz/presidential-libraries/bush/gb-nsc/H-Files/NSC-DC_Mtgs_312294079/41-bpr-nsc-hfiles-dc_mtgs-354-90022-016.pdf
,,,377,High-value source pool,RS 005-030,Requested source pool: NSC/DC Meetings,Review requested source-pool lead,High-value EastMed lead,Turkey,1991-02-01 to 1991-02-01,"NSC/DC 253 - February 01, 1991 - NSC/DC Meeting on Gulf Crisis via SVTS, Keywords: Persian Gulf, Kuwait, Iraq",Turkey | Ozal,27,470761261,H-Files - National Security Council (NSC)/Deputies Committee (DC) Meetings Files,"Source: George H.W. Bush Library, Bush Presidential Records, National Security Council, H-Files - National Security Council (NSC)/Deputies Committee (DC) Meetings Files, NSC/DC 253 - February 01, 1991 - NSC/DC Meeting on Gulf Crisis via SVTS, Keywords: Persian Gulf, Kuwait, Iraq.","Catalog provenance: Catalog access Restricted - Possibly; NAID 470761261. Query hit(s): Turkey, Ozal. Digital object: 41-bpr-nsc-hfiles-dc_mtgs-253-90018-032.pdf. Catalog: https://catalog.archives.gov/id/470761261.",https://catalog.archives.gov/id/470761261,https://s3.amazonaws.com/NARAprodstorage/lz/presidential-libraries/bush/gb-nsc/H-Files/NSC-DC_Mtgs_312294079/41-bpr-nsc-hfiles-dc_mtgs-253-90018-032.pdf
,,,345,Conversation signal,CC 001,Central Chronological Files,Open or screen packet index,Memcon/telcon search lead,Regional,1992-12-01,December 1992 [2],Mitsotakis + memcon | Mitsotakis + telcon | Mitsotakis + memorandum of conversation | Vassiliou + memcon | Vassiliou + telcon | Cyprus / Denktash / Vassiliou | Denktash + memorandum | Ozal + memcon,305,470761836,European and Eurasian Directorate Central Chronological Files,"Source: George H.W. Bush Library, Bush Presidential Records, National Security Council, European and Eurasian Directorate Central Chronological Files, December 1992 [2].","Catalog provenance: Catalog access Restricted - Possibly; NAID 470761836. Query hit(s): Mitsotakis + memcon, Mitsotakis + telcon, Mitsotakis + memorandum of conversation, Vassiliou + memcon, Vassiliou + telcon, Cyprus / Denktash / Vassiliou, Denktash + memorandum, Ozal + memcon, Ozal + telcon, Demirel + memcon, Demirel + telcon, Greek-Turkish + memorandum, Greece / Turkey / Cyprus + memcon, Greece / Turkey / Cyprus + telcon, Cyprus + memorandum of conversation, Turkey + memorandum of conversation. OCR status: Not OCR sampled. Digital object: 41-bpr-nsc-euro_eura-cen_chron-30531-002.pdf. Catalog: https://catalog.archives.gov/id/470761836.",https://catalog.archives.gov/id/470761836,https://s3.dualstack.us-east-1.amazonaws.com/NARAprodstorage/lz/presidential-libraries/bush/gb-nsc/euro_eura_dir_374000108/41-bpr-nsc-euro_eura-cen_chron-30531-002.pdf
,,,340,Conversation signal,CC 002,Central Chronological Files,Open or screen packet index,Memcon/telcon search lead,Regional,1991-07-01,July 1991 [2],Mitsotakis + memcon | Mitsotakis + telcon | Mitsotakis + memorandum of conversation | Papandreou + memcon | Vassiliou + memcon | Vassiliou + telcon | Cyprus / Denktash / Vassiliou | Denktash + memorandum,300,470761766,European and Eurasian Directorate Central Chronological Files,"Source: George H.W. Bush Library, Bush Presidential Records, National Security Council, European and Eurasian Directorate Central Chronological Files, July 1991 [2].","Catalog provenance: Catalog access Restricted - Possibly; NAID 470761766. Query hit(s): Mitsotakis + memcon, Mitsotakis + telcon, Mitsotakis + memorandum of conversation, Papandreou + memcon, Vassiliou + memcon, Vassiliou + telcon, Cyprus / Denktash / Vassiliou, Denktash + memorandum, Ozal + memcon, Ozal + telcon, Yilmaz + memcon, Greek-Turkish + memorandum, Greece / Turkey / Cyprus + memcon, Greece / Turkey / Cyprus + telcon, Cyprus + memorandum of conversation, Turkey + memorandum of conversation. OCR status: Not OCR sampled. Digital object: 41-bpr-nsc-euro_eura-cen_chron-30518-002.pdf. Catalog: https://catalog.archives.gov/id/470761766.",https://catalog.archives.gov/id/470761766,https://s3.dualstack.us-east-1.amazonaws.com/NARAprodstorage/lz/presidential-libraries/bush/gb-nsc/euro_eura_dir_374000108/41-bpr-nsc-euro_eura-cen_chron-30518-002.pdf
,,,304,Conversation signal,CC 004,Central Chronological Files,Open or screen packet index,Memcon/telcon search lead,Cyprus,1992-04-01,April 1992 [5],Mitsotakis + memcon | Mitsotakis + telcon | Mitsotakis + memorandum of conversation | Vassiliou + memcon | Vassiliou + telcon | Cyprus / Denktash / Vassiliou | Denktash + memorandum | Demirel + memcon,264,470761806,European and Eurasian Directorate Central Chronological Files,"Source: George H.W. Bush Library, Bush Presidential Records, National Security Council, European and Eurasian Directorate Central Chronological Files, April 1992 [5].","Catalog provenance: Catalog access Restricted - Possibly; NAID 470761806. Query hit(s): Mitsotakis + memcon, Mitsotakis + telcon, Mitsotakis + memorandum of conversation, Vassiliou + memcon, Vassiliou + telcon, Cyprus / Denktash / Vassiliou, Denktash + memorandum, Demirel + memcon, Demirel + telcon, Greek-Turkish + memorandum, Greece / Turkey / Cyprus + memcon, Greece / Turkey / Cyprus + telcon, Cyprus + memorandum of conversation, Turkey + memorandum of conversation. OCR status: Not OCR sampled. Digital object: 41-bpr-nsc-euro_eura-cen_chron-30525-003.pdf. Catalog: https://catalog.archives.gov/id/470761806.",https://catalog.archives.gov/id/470761806,https://s3.dualstack.us-east-1.amazonaws.com/NARAprodstorage/lz/presidential-libraries/bush/gb-nsc/euro_eura_dir_374000108/41-bpr-nsc-euro_eura-cen_chron-30525-003.pdf
,,,289,Conversation signal,CC 003,Central Chronological Files,Open or screen packet index,Memcon/telcon search lead,Turkey,1992-03-01,March 1992 [3],Mitsotakis + memcon | Mitsotakis + telcon | Mitsotakis + memorandum of conversation | Vassiliou + memcon | Vassiliou + telcon | Ozal + memcon | Ozal + telcon | Demirel + memcon,289,470761800,European and Eurasian Directorate Central Chronological Files,"Source: George H.W. Bush Library, Bush Presidential Records, National Security Council, European and Eurasian Directorate Central Chronological Files, March 1992 [3].","Catalog provenance: Catalog access Restricted - Possibly; NAID 470761800. Query hit(s): Mitsotakis + memcon, Mitsotakis + telcon, Mitsotakis + memorandum of conversation, Vassiliou + memcon, Vassiliou + telcon, Ozal + memcon, Ozal + telcon, Demirel + memcon, Demirel + telcon, Aegean + memcon, Greek-Turkish + memorandum, Greece / Turkey / Cyprus + memcon, Greece / Turkey / Cyprus + telcon, Cyprus + memorandum of conversation, Turkey + memorandum of conversation. OCR status: Not OCR sampled. Digital object: 41-bpr-nsc-euro_eura-cen_chron-30524-003.pdf. Catalog: https://catalog.archives.gov/id/470761800.",https://catalog.archives.gov/id/470761800,https://s3.dualstack.us-east-1.amazonaws.com/NARAprodstorage/lz/presidential-libraries/bush/gb-nsc/euro_eura_dir_374000108/41-bpr-nsc-euro_eura-cen_chron-30524-003.pdf
,,,283,Conversation signal,CC 006,Central Chronological Files,Open or screen packet index,Memcon/telcon search lead,Regional,1991-08-01,August 1991 [3],Mitsotakis + memcon | Mitsotakis + telcon | Mitsotakis + memorandum of conversation | Vassiliou + memcon | Vassiliou + telcon | Cyprus / Denktash / Vassiliou | Denktash + memorandum | Ozal + memcon,243,470761772,European and Eurasian Directorate Central Chronological Files,"Source: George H.W. Bush Library, Bush Presidential Records, National Security Council, European and Eurasian Directorate Central Chronological Files, August 1991 [3].","Catalog provenance: Catalog access Restricted - Possibly; NAID 470761772. Query hit(s): Mitsotakis + memcon, Mitsotakis + telcon, Mitsotakis + memorandum of conversation, Vassiliou + memcon, Vassiliou + telcon, Cyprus / Denktash / Vassiliou, Denktash + memorandum, Ozal + memcon, Ozal + telcon, Yilmaz + memcon, Greek-Turkish + memorandum, Cyprus + memorandum of conversation, Turkey + memorandum of conversation. OCR status: Not OCR sampled. Digital object: 41-bpr-nsc-euro_eura-cen_chron-30519-002.pdf. Catalog: https://catalog.archives.gov/id/470761772.",https://catalog.archives.gov/id/470761772,https://s3.dualstack.us-east-1.amazonaws.com/NARAprodstorage/lz/presidential-libraries/bush/gb-nsc/euro_eura_dir_374000108/41-bpr-nsc-euro_eura-cen_chron-30519-002.pdf
,,,281,Conversation signal,CC 008,Central Chronological Files,Open or screen packet index,Memcon/telcon search lead,Cyprus,1991-06-01,June 1991 [4],Mitsotakis + memcon | Mitsotakis + telcon | Mitsotakis + memorandum of conversation | Vassiliou + memcon | Vassiliou + telcon | Cyprus / Denktash / Vassiliou | Denktash + memorandum | Ozal + memcon,241,470761764,European and Eurasian Directorate Central Chronological Files,"Source: George H.W. Bush Library, Bush Presidential Records, National Security Council, European and Eurasian Directorate Central Chronological Files, June 1991 [4].","Catalog provenance: Catalog access Restricted - Possibly; NAID 470761764. Query hit(s): Mitsotakis + memcon, Mitsotakis + telcon, Mitsotakis + memorandum of conversation, Vassiliou + memcon, Vassiliou + telcon, Cyprus / Denktash / Vassiliou, Denktash + memorandum, Ozal + memcon, Ozal + telcon, Greece / Turkey / Cyprus + memcon, Greece / Turkey / Cyprus + telcon, Cyprus + memorandum of conversation, Turkey + memorandum of conversation. OCR status: Not OCR sampled. Digital object: 41-bpr-nsc-euro_eura-cen_chron-30517-006.pdf. Catalog: https://catalog.archives.gov/id/470761764.",https://catalog.archives.gov/id/470761764,https://s3.dualstack.us-east-1.amazonaws.com/NARAprodstorage/lz/presidential-libraries/bush/gb-nsc/euro_eura_dir_374000108/41-bpr-nsc-euro_eura-cen_chron-30517-006.pdf
,,,281,Conversation signal,CC 009,Central Chronological Files,Open or screen packet index,Memcon/telcon search lead,Regional,1991-08-01,August 1991 [4],Mitsotakis + memcon | Mitsotakis + telcon | Mitsotakis + memorandum of conversation | Vassiliou + memcon | Vassiliou + telcon | Cyprus / Denktash / Vassiliou | Denktash + memorandum | Ozal + memcon,241,470761773,European and Eurasian Directorate Central Chronological Files,"Source: George H.W. Bush Library, Bush Presidential Records, National Security Council, European and Eurasian Directorate Central Chronological Files, August 1991 [4].","Catalog provenance: Catalog access Restricted - Possibly; NAID 470761773. Query hit(s): Mitsotakis + memcon, Mitsotakis + telcon, Mitsotakis + memorandum of conversation, Vassiliou + memcon, Vassiliou + telcon, Cyprus / Denktash / Vassiliou, Denktash + memorandum, Ozal + memcon, Ozal + telcon, Yilmaz + memcon, Greek-Turkish + memorandum, Cyprus + memorandum of conversation, Turkey + memorandum of conversation. OCR status: Not OCR sampled. Digital object: 41-bpr-nsc-euro_eura-cen_chron-30519-003.pdf. Catalog: https://catalog.archives.gov/id/470761773.",https://catalog.archives.gov/id/470761773,https://s3.dualstack.us-east-1.amazonaws.com/NARAprodstorage/lz/presidential-libraries/bush/gb-nsc/euro_eura_dir_374000108/41-bpr-nsc-euro_eura-cen_chron-30519-003.pdf
,,,280,Conversation signal,CC 010,Central Chronological Files,Open or screen packet index,Memcon/telcon search lead,Regional,1991-08-01,August 1991 [1],Mitsotakis + memcon | Mitsotakis + memorandum of conversation | Papandreou + memcon | Vassiliou + memcon | Cyprus / Denktash / Vassiliou | Denktash + memorandum | Ozal + memcon | Yilmaz + memcon,240,470761770,European and Eurasian Directorate Central Chronological Files,"Source: George H.W. Bush Library, Bush Presidential Records, National Security Council, European and Eurasian Directorate Central Chronological Files, August 1991 [1].","Catalog provenance: Catalog access Restricted - Possibly; NAID 470761770. Query hit(s): Mitsotakis + memcon, Mitsotakis + memorandum of conversation, Papandreou + memcon, Vassiliou + memcon, Cyprus / Denktash / Vassiliou, Denktash + memorandum, Ozal + memcon, Yilmaz + memcon, Aegean + memcon, Greek-Turkish + memorandum, Greece / Turkey / Cyprus + memcon, Cyprus + memorandum of conversation, Turkey + memorandum of conversation. OCR status: Not OCR sampled. Digital object: 41-bpr-nsc-euro_eura-cen_chron-30518-006.pdf. Catalog: https://catalog.archives.gov/id/470761770.",https://catalog.archives.gov/id/470761770,https://s3.dualstack.us-east-1.amazonaws.com/NARAprodstorage/lz/presidential-libraries/bush/gb-nsc/euro_eura_dir_374000108/41-bpr-nsc-euro_eura-cen_chron-30518-006.pdf
,,,266,Conversation signal,CC 011,Central Chronological Files,Open or screen packet index,Memcon/telcon search lead,Regional,1991-06-01,June 1991 [1],Mitsotakis + memcon | Mitsotakis + telcon | Mitsotakis + memorandum of conversation | Papandreou + memcon | Ozal + memcon | Ozal + telcon | Aegean + memcon | Greek-Turkish + memorandum,226,470761761,European and Eurasian Directorate Central Chronological Files,"Source: George H.W. Bush Library, Bush Presidential Records, National Security Council, European and Eurasian Directorate Central Chronological Files, June 1991 [1].","Catalog provenance: Catalog access Restricted - Possibly; NAID 470761761. Query hit(s): Mitsotakis + memcon, Mitsotakis + telcon, Mitsotakis + memorandum of conversation, Papandreou + memcon, Ozal + memcon, Ozal + telcon, Aegean + memcon, Greek-Turkish + memorandum, Greece / Turkey / Cyprus + memcon, Greece / Turkey / Cyprus + telcon, Cyprus + memorandum of conversation, Turkey + memorandum of conversation. OCR status: Not OCR sampled. Digital object: 41-bpr-nsc-euro_eura-cen_chron-30517-003.pdf. Catalog: https://catalog.archives.gov/id/470761761.",https://catalog.archives.gov/id/470761761,https://s3.dualstack.us-east-1.amazonaws.com/NARAprodstorage/lz/presidential-libraries/bush/gb-nsc/euro_eura_dir_374000108/41-bpr-nsc-euro_eura-cen_chron-30517-003.pdf
,,,265,Conversation signal,CC 012,Central Chronological Files,Open or screen packet index,Memcon/telcon search lead,Cyprus,1991-09-01,September 1991 [4],Mitsotakis + memcon | Mitsotakis + telcon | Mitsotakis + memorandum of conversation | Vassiliou + memcon | Vassiliou + telcon | Cyprus / Denktash / Vassiliou | Denktash + memorandum | Greek-Turkish + memorandum,225,470761777,European and Eurasian Directorate Central Chronological Files,"Source: George H.W. Bush Library, Bush Presidential Records, National Security Council, European and Eurasian Directorate Central Chronological Files, September 1991 [4].","Catalog provenance: Catalog access Restricted - Possibly; NAID 470761777. Query hit(s): Mitsotakis + memcon, Mitsotakis + telcon, Mitsotakis + memorandum of conversation, Vassiliou + memcon, Vassiliou + telcon, Cyprus / Denktash / Vassiliou, Denktash + memorandum, Greek-Turkish + memorandum, Greece / Turkey / Cyprus + memcon, Greece / Turkey / Cyprus + telcon, Cyprus + memorandum of conversation, Turkey + memorandum of conversation. OCR status: Not OCR sampled. Digital object: 41-bpr-nsc-euro_eura-cen_chron-30520-002.pdf. Catalog: https://catalog.archives.gov/id/470761777.",https://catalog.archives.gov/id/470761777,https://s3.dualstack.us-east-1.amazonaws.com/NARAprodstorage/lz/presidential-libraries/bush/gb-nsc/euro_eura_dir_374000108/41-bpr-nsc-euro_eura-cen_chron-30520-002.pdf
,,,263,Conversation signal,CC 013,Central Chronological Files,Open or screen packet index,Memcon/telcon search lead,Cyprus,1990-08-01,August 1990 [6],Mitsotakis + memcon | Mitsotakis + telcon | Mitsotakis + memorandum of conversation | Vassiliou + memcon | Vassiliou + telcon | Cyprus / Denktash / Vassiliou | Denktash + memorandum | Greek-Turkish + memorandum,223,470761712,European and Eurasian Directorate Central Chronological Files,"Source: George H.W. Bush Library, Bush Presidential Records, National Security Council, European and Eurasian Directorate Central Chronological Files, August 1990 [6].","Catalog provenance: Catalog access Restricted - Possibly; NAID 470761712. Query hit(s): Mitsotakis + memcon, Mitsotakis + telcon, Mitsotakis + memorandum of conversation, Vassiliou + memcon, Vassiliou + telcon, Cyprus / Denktash / Vassiliou, Denktash + memorandum, Greek-Turkish + memorandum, Greece / Turkey / Cyprus + memcon, Greece / Turkey / Cyprus + telcon, Cyprus + memorandum of conversation, Turkey + memorandum of conversation. OCR status: Not OCR sampled. Digital object: 41-bpr-nsc-euro_eura-cen_chron-30509-003.pdf. Catalog: https://catalog.archives.gov/id/470761712.",https://catalog.archives.gov/id/470761712,https://s3.dualstack.us-east-1.amazonaws.com/NARAprodstorage/lz/presidential-libraries/bush/gb-nsc/euro_eura_dir_374000108/41-bpr-nsc-euro_eura-cen_chron-30509-003.pdf
,,,250,Conversation signal,CC 014,Central Chronological Files,Open or screen packet index,Memcon/telcon search lead,Regional,1991-12-01,December 1991 [1],Mitsotakis + memcon | Mitsotakis + telcon | Mitsotakis + memorandum of conversation | Ozal + memcon | Ozal + telcon | Demirel + memcon | Demirel + telcon | Greece / Turkey / Cyprus + memcon,210,470761786,European and Eurasian Directorate Central Chronological Files,"Source: George H.W. Bush Library, Bush Presidential Records, National Security Council, European and Eurasian Directorate Central Chronological Files, December 1991 [1].","Catalog provenance: Catalog access Restricted - Possibly; NAID 470761786. Query hit(s): Mitsotakis + memcon, Mitsotakis + telcon, Mitsotakis + memorandum of conversation, Ozal + memcon, Ozal + telcon, Demirel + memcon, Demirel + telcon, Greece / Turkey / Cyprus + memcon, Greece / Turkey / Cyprus + telcon, Cyprus + memorandum of conversation, Turkey + memorandum of conversation. OCR status: Not OCR sampled. Digital object: 41-bpr-nsc-euro_eura-cen_chron-30522-001.pdf. Catalog: https://catalog.archives.gov/id/470761786.",https://catalog.archives.gov/id/470761786,https://s3.dualstack.us-east-1.amazonaws.com/NARAprodstorage/lz/presidential-libraries/bush/gb-nsc/euro_eura_dir_374000108/41-bpr-nsc-euro_eura-cen_chron-30522-001.pdf
,,,245,Conversation signal,CC 015,Central Chronological Files,Open or screen packet index,Memcon/telcon search lead,Cyprus,1990-04-01,April 1990 [3],Vassiliou + memcon | Vassiliou + telcon | Cyprus / Denktash / Vassiliou | Denktash + memorandum | Ozal + memcon | Ozal + telcon | Greek-Turkish + memorandum | Greece / Turkey / Cyprus + memcon,205,470761688,European and Eurasian Directorate Central Chronological Files,"Source: George H.W. Bush Library, Bush Presidential Records, National Security Council, European and Eurasian Directorate Central Chronological Files, April 1990 [3].","Catalog provenance: Catalog access Restricted - Possibly; NAID 470761688. Query hit(s): Vassiliou + memcon, Vassiliou + telcon, Cyprus / Denktash / Vassiliou, Denktash + memorandum, Ozal + memcon, Ozal + telcon, Greek-Turkish + memorandum, Greece / Turkey / Cyprus + memcon, Greece / Turkey / Cyprus + telcon, Cyprus + memorandum of conversation, Turkey + memorandum of conversation. OCR status: Not OCR sampled. Digital object: 41-bpr-nsc-euro_eura-cen_chron-30505-004.pdf. Catalog: https://catalog.archives.gov/id/470761688.",https://catalog.archives.gov/id/470761688,https://s3.dualstack.us-east-1.amazonaws.com/NARAprodstorage/lz/presidential-libraries/bush/gb-nsc/euro_eura_dir_374000108/41-bpr-nsc-euro_eura-cen_chron-30505-004.pdf
,,,244,Conversation signal,CC 016,Central Chronological Files,Open or screen packet index,Memcon/telcon search lead,Regional,1992-03-01,March 1992 [2],Mitsotakis + telcon | Mitsotakis + memorandum of conversation | Vassiliou + telcon | Cyprus / Denktash / Vassiliou | Denktash + memorandum | Ozal + telcon | Demirel + telcon | Greek-Turkish + memorandum,204,470761799,European and Eurasian Directorate Central Chronological Files,"Source: George H.W. Bush Library, Bush Presidential Records, National Security Council, European and Eurasian Directorate Central Chronological Files, March 1992 [2].","Catalog provenance: Catalog access Restricted - Possibly; NAID 470761799. Query hit(s): Mitsotakis + telcon, Mitsotakis + memorandum of conversation, Vassiliou + telcon, Cyprus / Denktash / Vassiliou, Denktash + memorandum, Ozal + telcon, Demirel + telcon, Greek-Turkish + memorandum, Greece / Turkey / Cyprus + telcon, Cyprus + memorandum of conversation, Turkey + memorandum of conversation. OCR status: Not OCR sampled. Digital object: 41-bpr-nsc-euro_eura-cen_chron-30524-002.pdf. Catalog: https://catalog.archives.gov/id/470761799.",https://catalog.archives.gov/id/470761799,https://s3.dualstack.us-east-1.amazonaws.com/NARAprodstorage/lz/presidential-libraries/bush/gb-nsc/euro_eura_dir_374000108/41-bpr-nsc-euro_eura-cen_chron-30524-002.pdf
,,,243,Conversation signal,CC 019,Central Chronological Files,Open or screen packet index,Memcon/telcon search lead,Cyprus,1992-11-01,November 1992 [1],Mitsotakis + memcon | Mitsotakis + memorandum of conversation | Papandreou + memcon | Vassiliou + memcon | Cyprus / Denktash / Vassiliou | Denktash + memorandum | Demirel + memcon | Greek-Turkish + memorandum,203,470761833,European and Eurasian Directorate Central Chronological Files,"Source: George H.W. Bush Library, Bush Presidential Records, National Security Council, European and Eurasian Directorate Central Chronological Files, November 1992 [1].","Catalog provenance: Catalog access Restricted - Possibly; NAID 470761833. Query hit(s): Mitsotakis + memcon, Mitsotakis + memorandum of conversation, Papandreou + memcon, Vassiliou + memcon, Cyprus / Denktash / Vassiliou, Denktash + memorandum, Demirel + memcon, Greek-Turkish + memorandum, Greece / Turkey / Cyprus + memcon, Cyprus + memorandum of conversation, Turkey + memorandum of conversation. OCR status: First four pages OCR reviewed. PDF extent: 144 pages. Digital object: 41-bpr-nsc-euro_eura-cen_chron-30530-004.pdf. Catalog: https://catalog.archives.gov/id/470761833.",https://catalog.archives.gov/id/470761833,https://s3.dualstack.us-east-1.amazonaws.com/NARAprodstorage/lz/presidential-libraries/bush/gb-nsc/euro_eura_dir_374000108/41-bpr-nsc-euro_eura-cen_chron-30530-004.pdf
,,,230,Conversation signal,CC 020,Central Chronological Files,Open or screen packet index,Memcon/telcon search lead,Regional,1992-02-01,February 1992 [1],Mitsotakis + memcon | Mitsotakis + telcon | Mitsotakis + memorandum of conversation | Vassiliou + memcon | Vassiliou + telcon | Greek-Turkish + memorandum | Greece / Turkey / Cyprus + memcon | Greece / Turkey / Cyprus + telcon,190,470761794,European and Eurasian Directorate Central Chronological Files,"Source: George H.W. Bush Library, Bush Presidential Records, National Security Council, European and Eurasian Directorate Central Chronological Files, February 1992 [1].","Catalog provenance: Catalog access Restricted - Possibly; NAID 470761794. Query hit(s): Mitsotakis + memcon, Mitsotakis + telcon, Mitsotakis + memorandum of conversation, Vassiliou + memcon, Vassiliou + telcon, Greek-Turkish + memorandum, Greece / Turkey / Cyprus + memcon, Greece / Turkey / Cyprus + telcon, Cyprus + memorandum of conversation, Turkey + memorandum of conversation. OCR status: Not OCR sampled. Digital object: 41-bpr-nsc-euro_eura-cen_chron-30523-003.pdf. Catalog: https://catalog.archives.gov/id/470761794.",https://catalog.archives.gov/id/470761794,https://s3.dualstack.us-east-1.amazonaws.com/NARAprodstorage/lz/presidential-libraries/bush/gb-nsc/euro_eura_dir_374000108/41-bpr-nsc-euro_eura-cen_chron-30523-003.pdf
,,,226,Conversation signal,CC 022,Central Chronological Files,Open or screen packet index,Memcon/telcon search lead,Regional,1991-09-01,September 1991 [2],Mitsotakis + memcon | Mitsotakis + telcon | Mitsotakis + memorandum of conversation | Papandreou + memcon | Aegean + memcon | Greek-Turkish + memorandum | Greece / Turkey / Cyprus + memcon | Greece / Turkey / Cyprus + telcon,186,470761775,European and Eurasian Directorate Central Chronological Files,"Source: George H.W. Bush Library, Bush Presidential Records, National Security Council, European and Eurasian Directorate Central Chronological Files, September 1991 [2].","Catalog provenance: Catalog access Restricted - Possibly; NAID 470761775. Query hit(s): Mitsotakis + memcon, Mitsotakis + telcon, Mitsotakis + memorandum of conversation, Papandreou + memcon, Aegean + memcon, Greek-Turkish + memorandum, Greece / Turkey / Cyprus + memcon, Greece / Turkey / Cyprus + telcon, Cyprus + memorandum of conversation, Turkey + memorandum of conversation. OCR status: First four pages OCR reviewed. PDF extent: 133 pages. Digital object: 41-bpr-nsc-euro_eura-cen_chron-30519-005.pdf. Catalog: https://catalog.archives.gov/id/470761775.",https://catalog.archives.gov/id/470761775,https://s3.dualstack.us-east-1.amazonaws.com/NARAprodstorage/lz/presidential-libraries/bush/gb-nsc/euro_eura_dir_374000108/41-bpr-nsc-euro_eura-cen_chron-30519-005.pdf
,,,226,Conversation signal,CC 023,Central Chronological Files,Open or screen packet index,Memcon/telcon search lead,Regional,1991-10-01,October 1991 [2],Mitsotakis + memcon | Mitsotakis + telcon | Mitsotakis + memorandum of conversation | Ozal + memcon | Ozal + telcon | Greek-Turkish + memorandum | Greece / Turkey / Cyprus + memcon | Greece / Turkey / Cyprus + telcon,186,470761779,European and Eurasian Directorate Central Chronological Files,"Source: George H.W. Bush Library, Bush Presidential Records, National Security Council, European and Eurasian Directorate Central Chronological Files, October 1991 [2].","Catalog provenance: Catalog access Restricted - Possibly; NAID 470761779. Query hit(s): Mitsotakis + memcon, Mitsotakis + telcon, Mitsotakis + memorandum of conversation, Ozal + memcon, Ozal + telcon, Greek-Turkish + memorandum, Greece / Turkey / Cyprus + memcon, Greece / Turkey / Cyprus + telcon, Cyprus + memorandum of conversation, Turkey + memorandum of conversation. OCR status: Not OCR sampled. Digital object: 41-bpr-nsc-euro_eura-cen_chron-30520-004.pdf. Catalog: https://catalog.archives.gov/id/470761779.",https://catalog.archives.gov/id/470761779,https://s3.dualstack.us-east-1.amazonaws.com/NARAprodstorage/lz/presidential-libraries/bush/gb-nsc/euro_eura_dir_374000108/41-bpr-nsc-euro_eura-cen_chron-30520-004.pdf
,,,225,Conversation signal,CC 024,Central Chronological Files,Open or screen packet index,Memcon/telcon search lead,Cyprus,1991-07-01,July 1991 [3],Mitsotakis + telcon | Mitsotakis + memorandum of conversation | Vassiliou + telcon | Cyprus / Denktash / Vassiliou | Denktash + memorandum | Ozal + telcon | Greek-Turkish + memorandum | Greece / Turkey / Cyprus + telcon,185,470761767,European and Eurasian Directorate Central Chronological Files,"Source: George H.W. Bush Library, Bush Presidential Records, National Security Council, European and Eurasian Directorate Central Chronological Files, July 1991 [3].","Catalog provenance: Catalog access Restricted - Possibly; NAID 470761767. Query hit(s): Mitsotakis + telcon, Mitsotakis + memorandum of conversation, Vassiliou + telcon, Cyprus / Denktash / Vassiliou, Denktash + memorandum, Ozal + telcon, Greek-Turkish + memorandum, Greece / Turkey / Cyprus + telcon, Cyprus + memorandum of conversation, Turkey + memorandum of conversation. OCR status: Not OCR sampled. Digital object: 41-bpr-nsc-euro_eura-cen_chron-30518-003.pdf. Catalog: https://catalog.archives.gov/id/470761767.",https://catalog.archives.gov/id/470761767,https://s3.dualstack.us-east-1.amazonaws.com/NARAprodstorage/lz/presidential-libraries/bush/gb-nsc/euro_eura_dir_374000108/41-bpr-nsc-euro_eura-cen_chron-30518-003.pdf
,,,224,Conversation signal,CC 025,Central Chronological Files,Open or screen packet index,Memcon/telcon search lead,Cyprus,1991-01-01,January 1991 [2],Mitsotakis + telcon | Mitsotakis + memorandum of conversation | Vassiliou + telcon | Cyprus / Denktash / Vassiliou | Denktash + memorandum | Ozal + telcon | Greek-Turkish + memorandum | Greece / Turkey / Cyprus + telcon,184,470761736,European and Eurasian Directorate Central Chronological Files,"Source: George H.W. Bush Library, Bush Presidential Records, National Security Council, European and Eurasian Directorate Central Chronological Files, January 1991 [2].","Catalog provenance: Catalog access Restricted - Possibly; NAID 470761736. Query hit(s): Mitsotakis + telcon, Mitsotakis + memorandum of conversation, Vassiliou + telcon, Cyprus / Denktash / Vassiliou, Denktash + memorandum, Ozal + telcon, Greek-Turkish + memorandum, Greece / Turkey / Cyprus + telcon, Cyprus + memorandum of conversation, Turkey + memorandum of conversation. OCR status: Not OCR sampled. Digital object: 41-bpr-nsc-euro_eura-cen_chron-30513-002.pdf. Catalog: https://catalog.archives.gov/id/470761736.",https://catalog.archives.gov/id/470761736,https://s3.dualstack.us-east-1.amazonaws.com/NARAprodstorage/lz/presidential-libraries/bush/gb-nsc/euro_eura_dir_374000108/41-bpr-nsc-euro_eura-cen_chron-30513-002.pdf
,,,211,Restriction/MDR check,Scout 005,NARA Scout,Screen Scout lead,MDR / restriction candidate,Regional,1991-07-18,Presidential Briefing Book: The Visit of President Bush to Greece and Turkey 7/18-22/91 [2],Greece | Aegean | Eastern Mediterranean,81,470768987,Summit Briefing Books Files,"Source: George H.W. Bush Library, Bush Presidential Records, National Security Council, Summit Briefing Books Files, Presidential Briefing Book: The Visit of President Bush to Greece and Turkey 7/18-22/91 [2].","Catalog provenance: Catalog access Restricted - Possibly; NAID 470768987. Query hit(s): Greece, Aegean, Eastern Mediterranean. Digital object: 41-bpr-nsc-sum_brief_bks-cf01695-004.pdf. Catalog: https://catalog.archives.gov/id/470768987.",https://catalog.archives.gov/id/470768987,https://s3.dualstack.us-east-1.amazonaws.com/NARAprodstorage/lz/presidential-libraries/bush/gb-nsc/sum_brief_books_376217868/41-bpr-nsc-sum_brief_bks-cf01695-004.pdf
,,,210,Conversation signal,CC 027,Central Chronological Files,Open or screen packet index,Memcon/telcon search lead,Regional,1992-04-01,April 1992 [6],Mitsotakis + memcon | Mitsotakis + telcon | Mitsotakis + memorandum of conversation | Vassiliou + memcon | Vassiliou + telcon | Greece / Turkey / Cyprus + memcon | Greece / Turkey / Cyprus + telcon | Cyprus + memorandum of conversation,170,470761807,European and Eurasian Directorate Central Chronological Files,"Source: George H.W. Bush Library, Bush Presidential Records, National Security Council, European and Eurasian Directorate Central Chronological Files, April 1992 [6].","Catalog provenance: Catalog access Restricted - Possibly; NAID 470761807. Query hit(s): Mitsotakis + memcon, Mitsotakis + telcon, Mitsotakis + memorandum of conversation, Vassiliou + memcon, Vassiliou + telcon, Greece / Turkey / Cyprus + memcon, Greece / Turkey / Cyprus + telcon, Cyprus + memorandum of conversation, Turkey + memorandum of conversation. OCR status: Not OCR sampled. Digital object: 41-bpr-nsc-euro_eura-cen_chron-30525-004.pdf. Catalog: https://catalog.archives.gov/id/470761807.",https://catalog.archives.gov/id/470761807,https://s3.dualstack.us-east-1.amazonaws.com/NARAprodstorage/lz/presidential-libraries/bush/gb-nsc/euro_eura_dir_374000108/41-bpr-nsc-euro_eura-cen_chron-30525-004.pdf
,,,205,Conversation signal,CC 030,Central Chronological Files,Open or screen packet index,Memcon/telcon search lead,Regional,1991-11-01,November 1991 [4],Mitsotakis + memcon | Mitsotakis + memorandum of conversation | Vassiliou + memcon | Ozal + memcon | Yilmaz + memcon | Greek-Turkish + memorandum | Greece / Turkey / Cyprus + memcon | Cyprus + memorandum of conversation,165,470761785,European and Eurasian Directorate Central Chronological Files,"Source: George H.W. Bush Library, Bush Presidential Records, National Security Council, European and Eurasian Directorate Central Chronological Files, November 1991 [4].","Catalog provenance: Catalog access Restricted - Possibly; NAID 470761785. Query hit(s): Mitsotakis + memcon, Mitsotakis + memorandum of conversation, Vassiliou + memcon, Ozal + memcon, Yilmaz + memcon, Greek-Turkish + memorandum, Greece / Turkey / Cyprus + memcon, Cyprus + memorandum of conversation, Turkey + memorandum of conversation. OCR status: Not OCR sampled. Digital object: 41-bpr-nsc-euro_eura-cen_chron-30521-005.pdf. Catalog: https://catalog.archives.gov/id/470761785.",https://catalog.archives.gov/id/470761785,https://s3.dualstack.us-east-1.amazonaws.com/NARAprodstorage/lz/presidential-libraries/bush/gb-nsc/euro_eura_dir_374000108/41-bpr-nsc-euro_eura-cen_chron-30521-005.pdf
,,,205,Conversation signal,CC 031,Central Chronological Files,Open or screen packet index,Memcon/telcon search lead,Regional,1992-01-01,January 1992 [4],Mitsotakis + memcon | Mitsotakis + memorandum of conversation | Vassiliou + memcon | Demirel + memcon | Yilmaz + memcon | Greek-Turkish + memorandum | Greece / Turkey / Cyprus + memcon | Cyprus + memorandum of conversation,165,470761793,European and Eurasian Directorate Central Chronological Files,"Source: George H.W. Bush Library, Bush Presidential Records, National Security Council, European and Eurasian Directorate Central Chronological Files, January 1992 [4].","Catalog provenance: Catalog access Restricted - Possibly; NAID 470761793. Query hit(s): Mitsotakis + memcon, Mitsotakis + memorandum of conversation, Vassiliou + memcon, Demirel + memcon, Yilmaz + memcon, Greek-Turkish + memorandum, Greece / Turkey / Cyprus + memcon, Cyprus + memorandum of conversation, Turkey + memorandum of conversation. OCR status: Not OCR sampled. Digital object: 41-bpr-nsc-euro_eura-cen_chron-30523-002.pdf. Catalog: https://catalog.archives.gov/id/470761793.",https://catalog.archives.gov/id/470761793,https://s3.dualstack.us-east-1.amazonaws.com/NARAprodstorage/lz/presidential-libraries/bush/gb-nsc/euro_eura_dir_374000108/41-bpr-nsc-euro_eura-cen_chron-30523-002.pdf
,,,205,Conversation signal,CC 032,Central Chronological Files,Open or screen packet index,Memcon/telcon search lead,Regional,1992-02-01,February 1992 [2],Mitsotakis + memcon | Mitsotakis + memorandum of conversation | Denktash + memorandum | Ozal + memcon | Demirel + memcon | Greek-Turkish + memorandum | Greece / Turkey / Cyprus + memcon | Cyprus + memorandum of conversation,165,470761795,European and Eurasian Directorate Central Chronological Files,"Source: George H.W. Bush Library, Bush Presidential Records, National Security Council, European and Eurasian Directorate Central Chronological Files, February 1992 [2].","Catalog provenance: Catalog access Restricted - Possibly; NAID 470761795. Query hit(s): Mitsotakis + memcon, Mitsotakis + memorandum of conversation, Denktash + memorandum, Ozal + memcon, Demirel + memcon, Greek-Turkish + memorandum, Greece / Turkey / Cyprus + memcon, Cyprus + memorandum of conversation, Turkey + memorandum of conversation. OCR status: Not OCR sampled. Digital object: 41-bpr-nsc-euro_eura-cen_chron-30523-004.pdf. Catalog: https://catalog.archives.gov/id/470761795.",https://catalog.archives.gov/id/470761795,https://s3.dualstack.us-east-1.amazonaws.com/NARAprodstorage/lz/presidential-libraries/bush/gb-nsc/euro_eura_dir_374000108/41-bpr-nsc-euro_eura-cen_chron-30523-004.pdf
,,,205,Restriction/MDR check,Scout 007,NARA Scout,Screen Scout lead,MDR / restriction candidate,Regional,1991-07-18,Presidential Briefing Book: The Visit of President Bush to Greece and Turkey 7/18-22/91 [1],Greece,75,470768986,Summit Briefing Books Files,"Source: George H.W. Bush Library, Bush Presidential Records, National Security Council, Summit Briefing Books Files, Presidential Briefing Book: The Visit of President Bush to Greece and Turkey 7/18-22/91 [1].",Catalog provenance: Catalog access Restricted - Possibly; NAID 470768986. Query hit(s): Greece. Digital object: 41-bpr-nsc-sum_brief_bks-cf01695-003.pdf. Catalog: https://catalog.archives.gov/id/470768986.,https://catalog.archives.gov/id/470768986,https://s3.dualstack.us-east-1.amazonaws.com/NARAprodstorage/lz/presidential-libraries/bush/gb-nsc/sum_brief_books_376217868/41-bpr-nsc-sum_brief_bks-cf01695-003.pdf
,,,205,Restriction/MDR check,Scout 008,NARA Scout,Screen Scout lead,MDR / restriction candidate,Regional,1991-07-18,Presidential Briefing Book: The Visit of President Bush to Greece and Turkey 7/18-22/91 [3],Greece,75,470768988,Summit Briefing Books Files,"Source: George H.W. Bush Library, Bush Presidential Records, National Security Council, Summit Briefing Books Files, Presidential Briefing Book: The Visit of President Bush to Greece and Turkey 7/18-22/91 [3].",Catalog provenance: Catalog access Restricted - Possibly; NAID 470768988. Query hit(s): Greece. Digital object: 41-bpr-nsc-sum_brief_bks-cf01695-005.pdf. Catalog: https://catalog.archives.gov/id/470768988.,https://catalog.archives.gov/id/470768988,https://s3.dualstack.us-east-1.amazonaws.com/NARAprodstorage/lz/presidential-libraries/bush/gb-nsc/sum_brief_books_376217868/41-bpr-nsc-sum_brief_bks-cf01695-005.pdf
,,,203,Restriction/MDR check,Scout 010,NARA Scout,Screen Scout lead,MDR / restriction candidate,Cyprus,1991-01-01,Cyprus Diary 1991,Cyprus,73,470426153,Richard N. Haass' Correspondence Files,"Source: George H.W. Bush Library, Bush Presidential Records, National Security Council, Richard N. Haass' Correspondence Files, Cyprus Diary 1991.",Catalog provenance: Catalog access Restricted - Possibly; NAID 470426153. Query hit(s): Cyprus. Digital object: 41-bpr-nsc-haass_correspondence-cf01479-016.pdf. Catalog: https://catalog.archives.gov/id/470426153.,https://catalog.archives.gov/id/470426153,https://s3.dualstack.us-east-1.amazonaws.com/NARAprodstorage/lz/presidential-libraries/bush/gb-nsc/haass/correspondence_2554865/41-bpr-nsc-haass_correspondence-cf01479-016.pdf
,,,203,Restriction/MDR check,Scout 009,NARA Scout,Screen Scout lead,MDR / restriction candidate,Regional,1989-01-01,Visit to Greece and Turkey 7/91 [OA 4424],Greece | Cyprus | Turkey | Aegean | Eastern Mediterranean,73,323154678,Mary Kate Grant Subject Files,"Source: George H.W. Bush Library, Bush Presidential Records, White House Office of Speechwriting, Mary Kate Grant Subject Files, Visit to Greece and Turkey 7/91 [OA 4424].","Catalog provenance: Catalog access Restricted - Possibly; NAID 323154678. Query hit(s): Greece, Cyprus, Turkey, Aegean, Eastern Mediterranean. Digital object: 41-bpr-speech-grant-subj-13880-015_323154678.pdf. Catalog: https://catalog.archives.gov/id/323154678.",https://catalog.archives.gov/id/323154678,https://s3.amazonaws.com/NARAprodstorage/lz/presidential-libraries/bush/gb-spe/speechwriting_grant_284337256/41-bpr-speech-grant-subj-13880-015_323154678.pdf
,,,190,Restriction/MDR check,Scout 020,NARA Scout,Screen Scout lead,MDR / restriction candidate,Regional,1991-01-01,"Briefing Book: Foreign Presidential Travel - London, Greece, & Turkey - 1991",Greece | Turkey,60,563878198,Andrew Card Briefing Books Files,"Source: George H.W. Bush Library, Bush Presidential Records, White House Office of the Chief of Staff to the President, Andrew Card Briefing Books Files, Briefing Book: Foreign Presidential Travel - London, Greece, & Turkey - 1991.","Catalog provenance: Catalog access Restricted - Possibly; NAID 563878198. Query hit(s): Greece, Turkey. Digital object: bpr-cos-card-CF00555-007.pdf. Catalog: https://catalog.archives.gov/id/563878198.",https://catalog.archives.gov/id/563878198,https://s3.dualstack.us-east-1.amazonaws.com/NARAprodstorage/lz/presidential-libraries/bush/gb-cos/card_briefing_books_472248505/bpr-cos-card-CF00555-007.pdf
,,,186,Conversation signal,CC 034,Central Chronological Files,Open or screen packet index,Memcon/telcon search lead,Regional,1992-07-01,July 1992 [1],Denktash + memorandum | Demirel + memcon | Demirel + telcon | Greek-Turkish + memorandum | Greece / Turkey / Cyprus + memcon | Greece / Turkey / Cyprus + telcon | Cyprus + memorandum of conversation | Turkey + memorandum of conversation,146,470761818,European and Eurasian Directorate Central Chronological Files,"Source: George H.W. Bush Library, Bush Presidential Records, National Security Council, European and Eurasian Directorate Central Chronological Files, July 1992 [1].","Catalog provenance: Catalog access Restricted - Possibly; NAID 470761818. Query hit(s): Denktash + memorandum, Demirel + memcon, Demirel + telcon, Greek-Turkish + memorandum, Greece / Turkey / Cyprus + memcon, Greece / Turkey / Cyprus + telcon, Cyprus + memorandum of conversation, Turkey + memorandum of conversation. OCR status: Not OCR sampled. Digital object: 41-bpr-nsc-euro_eura-cen_chron-30527-004.pdf. Catalog: https://catalog.archives.gov/id/470761818.",https://catalog.archives.gov/id/470761818,https://s3.dualstack.us-east-1.amazonaws.com/NARAprodstorage/lz/presidential-libraries/bush/gb-nsc/euro_eura_dir_374000108/41-bpr-nsc-euro_eura-cen_chron-30527-004.pdf
,,,185,Conversation signal,CC 036,Central Chronological Files,Open or screen packet index,Memcon/telcon search lead,Cyprus,1992-09-01,September 1992 [1],Vassiliou + telcon | Cyprus / Denktash / Vassiliou | Denktash + memorandum | Ozal + telcon | Greek-Turkish + memorandum | Greece / Turkey / Cyprus + telcon | Cyprus + memorandum of conversation | Turkey + memorandum of conversation,145,470761825,European and Eurasian Directorate Central Chronological Files,"Source: George H.W. Bush Library, Bush Presidential Records, National Security Council, European and Eurasian Directorate Central Chronological Files, September 1992 [1].","Catalog provenance: Catalog access Restricted - Possibly; NAID 470761825. Query hit(s): Vassiliou + telcon, Cyprus / Denktash / Vassiliou, Denktash + memorandum, Ozal + telcon, Greek-Turkish + memorandum, Greece / Turkey / Cyprus + telcon, Cyprus + memorandum of conversation, Turkey + memorandum of conversation. OCR status: Not OCR sampled. Digital object: 41-bpr-nsc-euro_eura-cen_chron-30529-001.pdf. Catalog: https://catalog.archives.gov/id/470761825.",https://catalog.archives.gov/id/470761825,https://s3.dualstack.us-east-1.amazonaws.com/NARAprodstorage/lz/presidential-libraries/bush/gb-nsc/euro_eura_dir_374000108/41-bpr-nsc-euro_eura-cen_chron-30529-001.pdf
,,,185,Conversation signal,CC 035,Central Chronological Files,Open or screen packet index,Memcon/telcon search lead,Regional,1991-05-01,May 1991 [4],Mitsotakis + memcon | Mitsotakis + telcon | Mitsotakis + memorandum of conversation | Greek-Turkish + memorandum | Greece / Turkey / Cyprus + memcon | Greece / Turkey / Cyprus + telcon | Cyprus + memorandum of conversation | Turkey + memorandum of conversation,145,470761759,European and Eurasian Directorate Central Chronological Files,"Source: George H.W. Bush Library, Bush Presidential Records, National Security Council, European and Eurasian Directorate Central Chronological Files, May 1991 [4].","Catalog provenance: Catalog access Restricted - Possibly; NAID 470761759. Query hit(s): Mitsotakis + memcon, Mitsotakis + telcon, Mitsotakis + memorandum of conversation, Greek-Turkish + memorandum, Greece / Turkey / Cyprus + memcon, Greece / Turkey / Cyprus + telcon, Cyprus + memorandum of conversation, Turkey + memorandum of conversation. OCR status: Not OCR sampled. Digital object: 41-bpr-nsc-euro_eura-cen_chron-30517-001.pdf. Catalog: https://catalog.archives.gov/id/470761759.",https://catalog.archives.gov/id/470761759,https://s3.dualstack.us-east-1.amazonaws.com/NARAprodstorage/lz/presidential-libraries/bush/gb-nsc/euro_eura_dir_374000108/41-bpr-nsc-euro_eura-cen_chron-30517-001.pdf
,,,184,Conversation signal,CC 037,Central Chronological Files,Open or screen packet index,Memcon/telcon search lead,Cyprus,1991-04-01,April 1991 [6],Vassiliou + telcon | Cyprus / Denktash / Vassiliou | Denktash + memorandum | Ozal + telcon | Greek-Turkish + memorandum | Greece / Turkey / Cyprus + telcon | Cyprus + memorandum of conversation | Turkey + memorandum of conversation,144,470761755,European and Eurasian Directorate Central Chronological Files,"Source: George H.W. Bush Library, Bush Presidential Records, National Security Council, European and Eurasian Directorate Central Chronological Files, April 1991 [6].","Catalog provenance: Catalog access Restricted - Possibly; NAID 470761755. Query hit(s): Vassiliou + telcon, Cyprus / Denktash / Vassiliou, Denktash + memorandum, Ozal + telcon, Greek-Turkish + memorandum, Greece / Turkey / Cyprus + telcon, Cyprus + memorandum of conversation, Turkey + memorandum of conversation. OCR status: Not OCR sampled. Digital object: 41-bpr-nsc-euro_eura-cen_chron-30516-003.pdf. Catalog: https://catalog.archives.gov/id/470761755.",https://catalog.archives.gov/id/470761755,https://s3.dualstack.us-east-1.amazonaws.com/NARAprodstorage/lz/presidential-libraries/bush/gb-nsc/euro_eura_dir_374000108/41-bpr-nsc-euro_eura-cen_chron-30516-003.pdf
,,,183,Conversation signal,CC 038,Central Chronological Files,Open or screen packet index,Memcon/telcon search lead,Cyprus,1992-09-01,September 1992 [3],Vassiliou + telcon | Cyprus / Denktash / Vassiliou | Denktash + memorandum | Demirel + telcon | Greek-Turkish + memorandum | Greece / Turkey / Cyprus + telcon | Cyprus + memorandum of conversation | Turkey + memorandum of conversation,143,470761827,European and Eurasian Directorate Central Chronological Files,"Source: George H.W. Bush Library, Bush Presidential Records, National Security Council, European and Eurasian Directorate Central Chronological Files, September 1992 [3].","Catalog provenance: Catalog access Restricted - Possibly; NAID 470761827. Query hit(s): Vassiliou + telcon, Cyprus / Denktash / Vassiliou, Denktash + memorandum, Demirel + telcon, Greek-Turkish + memorandum, Greece / Turkey / Cyprus + telcon, Cyprus + memorandum of conversation, Turkey + memorandum of conversation. OCR status: Not OCR sampled. Digital object: 41-bpr-nsc-euro_eura-cen_chron-30529-003.pdf. Catalog: https://catalog.archives.gov/id/470761827.",https://catalog.archives.gov/id/470761827,https://s3.dualstack.us-east-1.amazonaws.com/NARAprodstorage/lz/presidential-libraries/bush/gb-nsc/euro_eura_dir_374000108/41-bpr-nsc-euro_eura-cen_chron-30529-003.pdf
,,,178,Signal review,Scout 001,NARA Scout,Screen Scout lead,Schedule corroboration,Regional,1991-01-30,"President's Daily Diary Entry, January 30, 1991",Ozal | Samaras | Greece,138,186336,Presidential Daily Diary and Presidential Daily Backup Materials,"Source: George H.W. Bush Library, Bush Presidential Records, White House Office of Appointments and Scheduling Files, Presidential Daily Diary and Presidential Daily Backup Materials, President's Daily Diary Entry, January 30, 1991.","Catalog provenance: Catalog access Unrestricted; NAID 186336. Match basis: Daily Diary item-level description. Query hit(s): Ozal, Samaras, Greece. Digital object: 40-1983a.gif. Catalog: https://catalog.archives.gov/id/186336.",https://catalog.archives.gov/id/186336,https://s3.amazonaws.com/NARAprodstorage/opastorage/live/36/1863/186336/content/arcmedia/media/images/40/20/40-1983a.gif
,,,178,Restriction/MDR check,Scout 026,NARA Scout,Screen Scout lead,MDR / restriction candidate,Regional,1989-01-01,"Preliminary Outline Press Schedules: Trip to [Paris], France; London, [England]; Athens, Greece and Turkey [OA/ID 07939]",Greece | Turkey,48,318368020,Michael J. Busch Files,"Source: George H.W. Bush Library, Bush Presidential Records, White House Office of Press Secretary, Michael J. Busch Files, Preliminary Outline Press Schedules: Trip to [Paris], France; London, [England]; Athens, Greece and Turkey [OA/ID 07939].","Catalog provenance: Catalog access Unrestricted; NAID 318368020. Query hit(s): Greece, Turkey. Catalog: https://catalog.archives.gov/id/318368020.",https://catalog.archives.gov/id/318368020,
,,,178,Restriction/MDR check,Scout 027,NARA Scout,Screen Scout lead,MDR / restriction candidate,Regional,1991-07-11,"President's Trip to Maine, France, 1991 London Economic Summit, Greece, Crete, and Turkey - July 11-22, 1991 - [1]",Greece | Turkey,48,498156204,Press Office Foreign and Domestic Trip and Schedule Files,"Source: George H.W. Bush Library, Bush Presidential Records, White House Office of Press Secretary, Press Office Foreign and Domestic Trip and Schedule Files, President's Trip to Maine, France, 1991 London Economic Summit, Greece, Crete, and Turkey - July 11-22, 1991 - [1].","Catalog provenance: Catalog access Restricted - Possibly; NAID 498156204. Query hit(s): Greece, Turkey. Catalog: https://catalog.archives.gov/id/498156204.",https://catalog.archives.gov/id/498156204,
,,,178,Restriction/MDR check,Scout 028,NARA Scout,Screen Scout lead,MDR / restriction candidate,Regional,1991-07-11,"President's Trip to Maine, France, 1991 London Economic Summit, Greece, Crete, and Turkey - July 11-22, 1991 - [2]",Greece | Turkey,48,498156205,Press Office Foreign and Domestic Trip and Schedule Files,"Source: George H.W. Bush Library, Bush Presidential Records, White House Office of Press Secretary, Press Office Foreign and Domestic Trip and Schedule Files, President's Trip to Maine, France, 1991 London Economic Summit, Greece, Crete, and Turkey - July 11-22, 1991 - [2].","Catalog provenance: Catalog access Restricted - Possibly; NAID 498156205. Query hit(s): Greece, Turkey. Catalog: https://catalog.archives.gov/id/498156205.",https://catalog.archives.gov/id/498156205,
,,,178,Restriction/MDR check,Scout 029,NARA Scout,Screen Scout lead,MDR / restriction candidate,Regional,1991-07-11,"President's Trip to Maine, France, 1991 London Economic Summit, Greece, Crete, and Turkey - July 11-22, 1991 - [3]",Greece | Turkey,48,498156206,Press Office Foreign and Domestic Trip and Schedule Files,"Source: George H.W. Bush Library, Bush Presidential Records, White House Office of Press Secretary, Press Office Foreign and Domestic Trip and Schedule Files, President's Trip to Maine, France, 1991 London Economic Summit, Greece, Crete, and Turkey - July 11-22, 1991 - [3].","Catalog provenance: Catalog access Restricted - Possibly; NAID 498156206. Query hit(s): Greece, Turkey. Catalog: https://catalog.archives.gov/id/498156206.",https://catalog.archives.gov/id/498156206,
,,,178,Restriction/MDR check,Scout 030,NARA Scout,Screen Scout lead,MDR / restriction candidate,Regional,1991-07-11,"President's Trip to Maine, France, 1991 London Economic Summit, Greece, Crete, and Turkey - July 11-22, 1991 - [4]",Greece | Turkey,48,498156207,Press Office Foreign and Domestic Trip and Schedule Files,"Source: George H.W. Bush Library, Bush Presidential Records, White House Office of Press Secretary, Press Office Foreign and Domestic Trip and Schedule Files, President's Trip to Maine, France, 1991 London Economic Summit, Greece, Crete, and Turkey - July 11-22, 1991 - [4].","Catalog provenance: Catalog access Restricted - Possibly; NAID 498156207. Query hit(s): Greece, Turkey. Catalog: https://catalog.archives.gov/id/498156207.",https://catalog.archives.gov/id/498156207,
,,,178,Restriction/MDR check,Scout 031,NARA Scout,Screen Scout lead,MDR / restriction candidate,Regional,1991-07-11,"President's Trip to Maine, France, 1991 London Economic Summit, Greece, Crete, and Turkey - July 11-22, 1991 - [5]",Greece | Turkey,48,498156208,Press Office Foreign and Domestic Trip and Schedule Files,"Source: George H.W. Bush Library, Bush Presidential Records, White House Office of Press Secretary, Press Office Foreign and Domestic Trip and Schedule Files, President's Trip to Maine, France, 1991 London Economic Summit, Greece, Crete, and Turkey - July 11-22, 1991 - [5].","Catalog provenance: Catalog access Restricted - Possibly; NAID 498156208. Query hit(s): Greece, Turkey. Catalog: https://catalog.archives.gov/id/498156208.",https://catalog.archives.gov/id/498156208,
,,,178,Restriction/MDR check,Scout 032,NARA Scout,Screen Scout lead,MDR / restriction candidate,Regional,1991-07-14,"[Past Presidential Event - Out of Country Visits]: London, England / Athens, Greece / Ankara, Turkey - July 14 -22, 1991: England",Greece | Turkey,48,503124610,Sig Rogich Foreign Trips Files,"Source: George H.W. Bush Library, Records of the Office of Public Events and Initiatives (George H. W. Bush Administration), Sig Rogich Foreign Trips Files, [Past Presidential Event - Out of Country Visits]: London, England / Athens, Greece / Ankara, Turkey - July 14 -22, 1991: England.","Catalog provenance: Catalog access Restricted - Possibly; NAID 503124610. Query hit(s): Greece, Turkey. Catalog: https://catalog.archives.gov/id/503124610.",https://catalog.archives.gov/id/503124610,
,,,178,Restriction/MDR check,Scout 033,NARA Scout,Screen Scout lead,MDR / restriction candidate,Regional,1991-07-14,"[Past Presidential Event - Out of Country Visits]: London, England / Athens, Greece / Ankara, Turkey - July 14 -22, 1991: Misc. - England/Greece/Turkey",Greece | Turkey,48,503124615,Sig Rogich Foreign Trips Files,"Source: George H.W. Bush Library, Records of the Office of Public Events and Initiatives (George H. W. Bush Administration), Sig Rogich Foreign Trips Files, [Past Presidential Event - Out of Country Visits]: London, England / Athens, Greece / Ankara, Turkey - July 14 -22, 1991: Misc. - England/Greece/Turkey.","Catalog provenance: Catalog access Restricted - Possibly; NAID 503124615. Query hit(s): Greece, Turkey. Catalog: https://catalog.archives.gov/id/503124615.",https://catalog.archives.gov/id/503124615,
,,,178,Restriction/MDR check,Scout 034,NARA Scout,Screen Scout lead,MDR / restriction candidate,Regional,1991-07-14,"[Past Presidential Event - Out of Country Visits]: London, England / Athens, Greece / Ankara, Turkey - July 14 -22, 1991: Pre-advance",Greece | Turkey,48,503124617,Sig Rogich Foreign Trips Files,"Source: George H.W. Bush Library, Records of the Office of Public Events and Initiatives (George H. W. Bush Administration), Sig Rogich Foreign Trips Files, [Past Presidential Event - Out of Country Visits]: London, England / Athens, Greece / Ankara, Turkey - July 14 -22, 1991: Pre-advance.","Catalog provenance: Catalog access Restricted - Possibly; NAID 503124617. Query hit(s): Greece, Turkey. Catalog: https://catalog.archives.gov/id/503124617.",https://catalog.archives.gov/id/503124617,
,,,178,Restriction/MDR check,Scout 035,NARA Scout,Screen Scout lead,MDR / restriction candidate,Regional,1991-07-14,"[Past Presidential Event - Out of Country Visits]: London, England / Athens, Greece / Ankara, Turkey - July 14 -22, 1991: Schedule",Greece | Turkey,48,503124618,Sig Rogich Foreign Trips Files,"Source: George H.W. Bush Library, Records of the Office of Public Events and Initiatives (George H. W. Bush Administration), Sig Rogich Foreign Trips Files, [Past Presidential Event - Out of Country Visits]: London, England / Athens, Greece / Ankara, Turkey - July 14 -22, 1991: Schedule.","Catalog provenance: Catalog access Restricted - Possibly; NAID 503124618. Query hit(s): Greece, Turkey. Catalog: https://catalog.archives.gov/id/503124618.",https://catalog.archives.gov/id/503124618,
,,,178,Restriction/MDR check,Scout 036,NARA Scout,Screen Scout lead,MDR / restriction candidate,Regional,1991-07-14,"[Past Presidential Events - Out of Country Visits]: London, England / Athens, Greece / Ankara, Turkey - July 14 -22, 1991: France",Greece | Turkey,48,503124611,Sig Rogich Foreign Trips Files,"Source: George H.W. Bush Library, Records of the Office of Public Events and Initiatives (George H. W. Bush Administration), Sig Rogich Foreign Trips Files, [Past Presidential Events - Out of Country Visits]: London, England / Athens, Greece / Ankara, Turkey - July 14 -22, 1991: France.","Catalog provenance: Catalog access Restricted - Possibly; NAID 503124611. Query hit(s): Greece, Turkey. Catalog: https://catalog.archives.gov/id/503124611.",https://catalog.archives.gov/id/503124611,
,,,178,Restriction/MDR check,Scout 037,NARA Scout,Screen Scout lead,MDR / restriction candidate,Regional,1991-07-14,"[Past Presidential Events - Out of Country Visits]: London, England / Athens, Greece / Ankara, Turkey - July 14 -22, 1991: Greece [1]",Greece | Turkey,48,503124612,Sig Rogich Foreign Trips Files,"Source: George H.W. Bush Library, Records of the Office of Public Events and Initiatives (George H. W. Bush Administration), Sig Rogich Foreign Trips Files, [Past Presidential Events - Out of Country Visits]: London, England / Athens, Greece / Ankara, Turkey - July 14 -22, 1991: Greece [1].","Catalog provenance: Catalog access Restricted - Possibly; NAID 503124612. Query hit(s): Greece, Turkey. Catalog: https://catalog.archives.gov/id/503124612.",https://catalog.archives.gov/id/503124612,
,,,178,Restriction/MDR check,Scout 038,NARA Scout,Screen Scout lead,MDR / restriction candidate,Regional,1991-07-14,"[Past Presidential Events - Out of Country Visits]: London, England / Athens, Greece / Ankara, Turkey - July 14 -22, 1991: Greece [2]",Greece | Turkey,48,503124613,Sig Rogich Foreign Trips Files,"Source: George H.W. Bush Library, Records of the Office of Public Events and Initiatives (George H. W. Bush Administration), Sig Rogich Foreign Trips Files, [Past Presidential Events - Out of Country Visits]: London, England / Athens, Greece / Ankara, Turkey - July 14 -22, 1991: Greece [2].","Catalog provenance: Catalog access Restricted - Possibly; NAID 503124613. Query hit(s): Greece, Turkey. Catalog: https://catalog.archives.gov/id/503124613.",https://catalog.archives.gov/id/503124613,
,,,178,Restriction/MDR check,Scout 039,NARA Scout,Screen Scout lead,MDR / restriction candidate,Regional,1991-07-14,"[Past Presidential Events - Out of Country Visits]: London, England / Athens, Greece / Ankara, Turkey - July 14 -22, 1991: Kennebunkport, Maine",Greece | Turkey,48,503124614,Sig Rogich Foreign Trips Files,"Source: George H.W. Bush Library, Records of the Office of Public Events and Initiatives (George H. W. Bush Administration), Sig Rogich Foreign Trips Files, [Past Presidential Events - Out of Country Visits]: London, England / Athens, Greece / Ankara, Turkey - July 14 -22, 1991: Kennebunkport, Maine.","Catalog provenance: Catalog access Restricted - Possibly; NAID 503124614. Query hit(s): Greece, Turkey. Catalog: https://catalog.archives.gov/id/503124614.",https://catalog.archives.gov/id/503124614,
,,,178,Restriction/MDR check,Scout 040,NARA Scout,Screen Scout lead,MDR / restriction candidate,Regional,1991-07-14,"[Past Presidential Events - Out of Country Visits]: London, England / Athens, Greece / Ankara, Turkey - July 14 -22, 1991: Spanos/Courtelis",Greece | Turkey,48,503124616,Sig Rogich Foreign Trips Files,"Source: George H.W. Bush Library, Records of the Office of Public Events and Initiatives (George H. W. Bush Administration), Sig Rogich Foreign Trips Files, [Past Presidential Events - Out of Country Visits]: London, England / Athens, Greece / Ankara, Turkey - July 14 -22, 1991: Spanos/Courtelis.","Catalog provenance: Catalog access Restricted - Possibly; NAID 503124616. Query hit(s): Greece, Turkey. Catalog: https://catalog.archives.gov/id/503124616.",https://catalog.archives.gov/id/503124616,
,,,178,Restriction/MDR check,Scout 041,NARA Scout,Screen Scout lead,MDR / restriction candidate,Regional,1991-07-14,"[Past Presidential Events - Out of Country Visits]: London, England / Athens, Greece / Ankara, Turkey - July 14 -22, 1991: Turkey",Greece | Turkey,48,503124619,Sig Rogich Foreign Trips Files,"Source: George H.W. Bush Library, Records of the Office of Public Events and Initiatives (George H. W. Bush Administration), Sig Rogich Foreign Trips Files, [Past Presidential Events - Out of Country Visits]: London, England / Athens, Greece / Ankara, Turkey - July 14 -22, 1991: Turkey.","Catalog provenance: Catalog access Restricted - Possibly; NAID 503124619. Query hit(s): Greece, Turkey. Catalog: https://catalog.archives.gov/id/503124619.",https://catalog.archives.gov/id/503124619,
,,,178,Restriction/MDR check,Scout 042,NARA Scout,Screen Scout lead,MDR / restriction candidate,Regional,1991-07-14,"[Trip of the President]: London, England; Athens, Greece; Ankara and Istanbul, Turkey - July 14-22, 1991 [1]",Greece | Turkey,48,498156486,Presidential Trip Files,"Source: George H.W. Bush Library, Bush Presidential Records, White House Office of Press Secretary, Presidential Trip Files, [Trip of the President]: London, England; Athens, Greece; Ankara and Istanbul, Turkey - July 14-22, 1991 [1].","Catalog provenance: Catalog access Restricted - Possibly; NAID 498156486. Query hit(s): Greece, Turkey. Catalog: https://catalog.archives.gov/id/498156486.",https://catalog.archives.gov/id/498156486,
,,,178,Restriction/MDR check,Scout 043,NARA Scout,Screen Scout lead,MDR / restriction candidate,Regional,1991-07-14,"[Trip of the President]: London, England; Athens, Greece; Ankara and Istanbul, Turkey - July 14-22, 1991 [2]",Greece | Turkey,48,498156487,Presidential Trip Files,"Source: George H.W. Bush Library, Bush Presidential Records, White House Office of Press Secretary, Presidential Trip Files, [Trip of the President]: London, England; Athens, Greece; Ankara and Istanbul, Turkey - July 14-22, 1991 [2].","Catalog provenance: Catalog access Restricted - Possibly; NAID 498156487. Query hit(s): Greece, Turkey. Catalog: https://catalog.archives.gov/id/498156487.",https://catalog.archives.gov/id/498156487,
,,,178,Restriction/MDR check,Scout 044,NARA Scout,Screen Scout lead,MDR / restriction candidate,Regional,1991-07-14,"[Trip of the President]: London, England; Athens, Greece; Ankara and Istanbul, Turkey - July 14-22, 1991 [3]",Greece | Turkey,48,498156488,Presidential Trip Files,"Source: George H.W. Bush Library, Bush Presidential Records, White House Office of Press Secretary, Presidential Trip Files, [Trip of the President]: London, England; Athens, Greece; Ankara and Istanbul, Turkey - July 14-22, 1991 [3].","Catalog provenance: Catalog access Restricted - Possibly; NAID 498156488. Query hit(s): Greece, Turkey. Catalog: https://catalog.archives.gov/id/498156488.",https://catalog.archives.gov/id/498156488,
,,,178,Restriction/MDR check,Scout 045,NARA Scout,Screen Scout lead,MDR / restriction candidate,Regional,1991-07-14,"The Visit of Mrs. Bush to the Economic Summit, London, England and Greece and Turkey, Sunday, July 14 to Monday, July 22, 1991 - Susan Porter Rose's Copy [1]",Greece | Turkey,48,492076917,Susan Porter Rose Files,"Source: George H.W. Bush Library, Records of the First Lady's Office of Chief of Staff (George H. W. Bush Administration), Susan Porter Rose Files, The Visit of Mrs. Bush to the Economic Summit, London, England and Greece and Turkey, Sunday, July 14 to Monday, July 22, 1991 - Susan Porter Rose's Copy [1].","Catalog provenance: Catalog access Restricted - Possibly; NAID 492076917. Query hit(s): Greece, Turkey. Catalog: https://catalog.archives.gov/id/492076917.",https://catalog.archives.gov/id/492076917,
,,,178,Restriction/MDR check,Scout 046,NARA Scout,Screen Scout lead,MDR / restriction candidate,Regional,1991-07-14,"The Visit of Mrs. Bush to the Economic Summit, London, England and Greece and Turkey, Sunday, July 14 to Monday, July 22, 1991 - Susan Porter Rose's Copy [2]",Greece | Turkey,48,492076918,Susan Porter Rose Files,"Source: George H.W. Bush Library, Records of the First Lady's Office of Chief of Staff (George H. W. Bush Administration), Susan Porter Rose Files, The Visit of Mrs. Bush to the Economic Summit, London, England and Greece and Turkey, Sunday, July 14 to Monday, July 22, 1991 - Susan Porter Rose's Copy [2].","Catalog provenance: Catalog access Restricted - Possibly; NAID 492076918. Query hit(s): Greece, Turkey. Catalog: https://catalog.archives.gov/id/492076918.",https://catalog.archives.gov/id/492076918,
,,,178,Restriction/MDR check,Scout 047,NARA Scout,Screen Scout lead,MDR / restriction candidate,Regional,1991-07-14,"The Visit of Mrs. Bush to the Economic Summit, London, England and Greece and Turkey, Sunday, July 14 to Monday, July 22, 1991 - Susan Porter Rose's Copy [3]",Greece | Turkey,48,492076919,Susan Porter Rose Files,"Source: George H.W. Bush Library, Records of the First Lady's Office of Chief of Staff (George H. W. Bush Administration), Susan Porter Rose Files, The Visit of Mrs. Bush to the Economic Summit, London, England and Greece and Turkey, Sunday, July 14 to Monday, July 22, 1991 - Susan Porter Rose's Copy [3].","Catalog provenance: Catalog access Restricted - Possibly; NAID 492076919. Query hit(s): Greece, Turkey. Catalog: https://catalog.archives.gov/id/492076919.",https://catalog.archives.gov/id/492076919,
,,,173,Restriction/MDR check,Scout 087,NARA Scout,Screen Scout lead,MDR / restriction candidate,Cyprus,1989-01-01,[Press Releases]: Cyprus [OA/ID 12713],Cyprus,43,559710171,Press Release Files,"Source: George H.W. Bush Library, Bush Presidential Records, White House Office of Management and Administration, Press Release Files, [Press Releases]: Cyprus [OA/ID 12713].",Catalog provenance: Catalog access Restricted - Possibly; NAID 559710171. Query hit(s): Cyprus. Catalog: https://catalog.archives.gov/id/559710171.,https://catalog.archives.gov/id/559710171,
,,,173,Restriction/MDR check,Scout 088,NARA Scout,Screen Scout lead,MDR / restriction candidate,Cyprus,1989-01-01,Cyprus,Cyprus,43,492061852,Trade Policy Review Group (TPRG) Staff Files,"Source: George H.W. Bush Library, Records of the Council of Economic Advisors (George H. W. Bush Administration), Trade Policy Review Group (TPRG) Staff Files, Cyprus.",Catalog provenance: Catalog access Restricted - Possibly; NAID 492061852. Query hit(s): Cyprus. Catalog: https://catalog.archives.gov/id/492061852.,https://catalog.archives.gov/id/492061852,
,,,173,Restriction/MDR check,Scout 089,NARA Scout,Screen Scout lead,MDR / restriction candidate,Cyprus,1989-01-01,Cyprus,Cyprus,43,518603720,Country Files,"Source: George H.W. Bush Library, Records of the National Security Affairs Office in the Office of the Vice President (George H. W. Bush Administration), Country Files, Cyprus.",Catalog provenance: Catalog access Restricted - Possibly; NAID 518603720. Query hit(s): Cyprus. Catalog: https://catalog.archives.gov/id/518603720.,https://catalog.archives.gov/id/518603720,
,,,171,Conversation signal,CC 039,Central Chronological Files,Open or screen packet index,Memcon/telcon search lead,Regional,1990-09-01,September 1990 [2],Mitsotakis + memcon | Mitsotakis + telcon | Mitsotakis + memorandum of conversation | Ozal + memcon | Ozal + telcon | Greek-Turkish + memorandum | Turkey + memorandum of conversation,131,470761715,European and Eurasian Directorate Central Chronological Files,"Source: George H.W. Bush Library, Bush Presidential Records, National Security Council, European and Eurasian Directorate Central Chronological Files, September 1990 [2].","Catalog provenance: Catalog access Restricted - Possibly; NAID 470761715. Query hit(s): Mitsotakis + memcon, Mitsotakis + telcon, Mitsotakis + memorandum of conversation, Ozal + memcon, Ozal + telcon, Greek-Turkish + memorandum, Turkey + memorandum of conversation. OCR status: Not OCR sampled. Digital object: 41-bpr-nsc-euro_eura-cen_chron-30509-006.pdf. Catalog: https://catalog.archives.gov/id/470761715.",https://catalog.archives.gov/id/470761715,https://s3.dualstack.us-east-1.amazonaws.com/NARAprodstorage/lz/presidential-libraries/bush/gb-nsc/euro_eura_dir_374000108/41-bpr-nsc-euro_eura-cen_chron-30509-006.pdf
,,,171,Conversation signal,CC 040,Central Chronological Files,Open or screen packet index,Memcon/telcon search lead,Regional,1991-03-01,March 1991 [4],Mitsotakis + memcon | Mitsotakis + telcon | Mitsotakis + memorandum of conversation | Ozal + memcon | Ozal + telcon | Greek-Turkish + memorandum | Turkey + memorandum of conversation,131,470761747,European and Eurasian Directorate Central Chronological Files,"Source: George H.W. Bush Library, Bush Presidential Records, National Security Council, European and Eurasian Directorate Central Chronological Files, March 1991 [4].","Catalog provenance: Catalog access Restricted - Possibly; NAID 470761747. Query hit(s): Mitsotakis + memcon, Mitsotakis + telcon, Mitsotakis + memorandum of conversation, Ozal + memcon, Ozal + telcon, Greek-Turkish + memorandum, Turkey + memorandum of conversation. OCR status: Not OCR sampled. Digital object: 41-bpr-nsc-euro_eura-cen_chron-30515-001.pdf. Catalog: https://catalog.archives.gov/id/470761747.",https://catalog.archives.gov/id/470761747,https://s3.dualstack.us-east-1.amazonaws.com/NARAprodstorage/lz/presidential-libraries/bush/gb-nsc/euro_eura_dir_374000108/41-bpr-nsc-euro_eura-cen_chron-30515-001.pdf
,,,170,Conversation signal,CC 041,Central Chronological Files,Open or screen packet index,Memcon/telcon search lead,Regional,1990-08-01,August 1990 [2],Mitsotakis + telcon | Mitsotakis + memorandum of conversation | Vassiliou + telcon | Ozal + telcon | Greece / Turkey / Cyprus + telcon | Cyprus + memorandum of conversation | Turkey + memorandum of conversation,130,470761708,European and Eurasian Directorate Central Chronological Files,"Source: George H.W. Bush Library, Bush Presidential Records, National Security Council, European and Eurasian Directorate Central Chronological Files, August 1990 [2].","Catalog provenance: Catalog access Restricted - Possibly; NAID 470761708. Query hit(s): Mitsotakis + telcon, Mitsotakis + memorandum of conversation, Vassiliou + telcon, Ozal + telcon, Greece / Turkey / Cyprus + telcon, Cyprus + memorandum of conversation, Turkey + memorandum of conversation. OCR status: Not OCR sampled. Digital object: 41-bpr-nsc-euro_eura-cen_chron-30508-006.pdf. Catalog: https://catalog.archives.gov/id/470761708.",https://catalog.archives.gov/id/470761708,https://s3.dualstack.us-east-1.amazonaws.com/NARAprodstorage/lz/presidential-libraries/bush/gb-nsc/euro_eura_dir_374000108/41-bpr-nsc-euro_eura-cen_chron-30508-006.pdf
,,,170,Conversation signal,CC 042,Central Chronological Files,Open or screen packet index,Memcon/telcon search lead,Regional,1991-04-01,April 1991 [1],Mitsotakis + memcon | Mitsotakis + telcon | Mitsotakis + memorandum of conversation | Ozal + memcon | Ozal + telcon | Greek-Turkish + memorandum | Turkey + memorandum of conversation,130,470761750,European and Eurasian Directorate Central Chronological Files,"Source: George H.W. Bush Library, Bush Presidential Records, National Security Council, European and Eurasian Directorate Central Chronological Files, April 1991 [1].","Catalog provenance: Catalog access Restricted - Possibly; NAID 470761750. Query hit(s): Mitsotakis + memcon, Mitsotakis + telcon, Mitsotakis + memorandum of conversation, Ozal + memcon, Ozal + telcon, Greek-Turkish + memorandum, Turkey + memorandum of conversation. OCR status: Not OCR sampled. Digital object: 41-bpr-nsc-euro_eura-cen_chron-30515-004.pdf. Catalog: https://catalog.archives.gov/id/470761750.",https://catalog.archives.gov/id/470761750,https://s3.dualstack.us-east-1.amazonaws.com/NARAprodstorage/lz/presidential-libraries/bush/gb-nsc/euro_eura_dir_374000108/41-bpr-nsc-euro_eura-cen_chron-30515-004.pdf
,,,169,Conversation signal,CC 044,Central Chronological Files,Open or screen packet index,Memcon/telcon search lead,Regional,1990-11-01,November 1990 [3],Mitsotakis + memcon | Mitsotakis + telcon | Mitsotakis + memorandum of conversation | Ozal + memcon | Ozal + telcon | Cyprus + memorandum of conversation | Turkey + memorandum of conversation,129,470761728,European and Eurasian Directorate Central Chronological Files,"Source: George H.W. Bush Library, Bush Presidential Records, National Security Council, European and Eurasian Directorate Central Chronological Files, November 1990 [3].","Catalog provenance: Catalog access Restricted - Possibly; NAID 470761728. Query hit(s): Mitsotakis + memcon, Mitsotakis + telcon, Mitsotakis + memorandum of conversation, Ozal + memcon, Ozal + telcon, Cyprus + memorandum of conversation, Turkey + memorandum of conversation. OCR status: Not OCR sampled. Digital object: 41-bpr-nsc-euro_eura-cen_chron-30511-007.pdf. Catalog: https://catalog.archives.gov/id/470761728.",https://catalog.archives.gov/id/470761728,https://s3.dualstack.us-east-1.amazonaws.com/NARAprodstorage/lz/presidential-libraries/bush/gb-nsc/euro_eura_dir_374000108/41-bpr-nsc-euro_eura-cen_chron-30511-007.pdf
,,,167,Signal review,GC 001,Gates Chronological Files,Screen for copied or staff-context records,Personnel / appointment context,Cyprus,1989-01-01,Chron File (Official): 1989 (Part II) [Unclassified] [4 of 4],"Vassiliou election. I hear, perhaps incorrectly, that the | correspond nicely to the evolving situation on the island | (for President Vassiliou was brought up in Budapest and | Greece | Greek | Cyprus | Cypriot | Vassiliou | Vassiliou + Cyprus | Turkey | Eastern Mediterranean",127,470436940,Robert M. Gates' Chronological Files,"Source: George H.W. Bush Library, Bush Presidential Records, National Security Council, Robert M. Gates' Chronological Files, Chron File (Official): 1989 (Part II) [Unclassified] [4 of 4].","Catalog provenance: Catalog access Restricted - Possibly; NAID 470436940. Query hit(s): Greece, Greek, Cyprus, Cypriot, Vassiliou, Vassiliou + Cyprus, Turkey, Eastern Mediterranean, Greece / Turkey / Cyprus. OCR status: Full PDF OCR reviewed. OCR signals: Vassiliou election. I hear, perhaps incorrectly, that the | correspond nicely to the evolving situation on the island | (for President Vassiliou was brought up in Budapest and. PDF extent: 123 pages. Digital object: 41-bpr-nsc-gates-chron-cf00948-010.pdf. Catalog: https://catalog.archives.gov/id/470436940.",https://catalog.archives.gov/id/470436940,https://s3.dualstack.us-east-1.amazonaws.com/NARAprodstorage/lz/presidential-libraries/bush/gb-nsc/gates/chron_2554841/41-bpr-nsc-gates-chron-cf00948-010.pdf
,,,167,Conversation signal,CC 046,Central Chronological Files,Open or screen packet index,Memcon/telcon search lead,Regional,1989-09-01,September 1989 [4],Papandreou + memcon | Vassiliou + memcon | Ozal + memcon | Greek-Turkish + memorandum | Greece / Turkey / Cyprus + memcon | Cyprus + memorandum of conversation | Turkey + memorandum of conversation,127,470761658,European and Eurasian Directorate Central Chronological Files,"Source: George H.W. Bush Library, Bush Presidential Records, National Security Council, European and Eurasian Directorate Central Chronological Files, September 1989 [4].","Catalog provenance: Catalog access Restricted - Possibly; NAID 470761658. Query hit(s): Papandreou + memcon, Vassiliou + memcon, Ozal + memcon, Greek-Turkish + memorandum, Greece / Turkey / Cyprus + memcon, Cyprus + memorandum of conversation, Turkey + memorandum of conversation. OCR status: Not OCR sampled. Digital object: 41-bpr-nsc-euro_eura-cen_chron-30500-004.pdf. Catalog: https://catalog.archives.gov/id/470761658.",https://catalog.archives.gov/id/470761658,https://s3.dualstack.us-east-1.amazonaws.com/NARAprodstorage/lz/presidential-libraries/bush/gb-nsc/euro_eura_dir_374000108/41-bpr-nsc-euro_eura-cen_chron-30500-004.pdf
,,,166,Conversation signal,CC 047,Central Chronological Files,Open or screen packet index,Memcon/telcon search lead,Regional,1990-11-01,November 1990 [5],Mitsotakis + memcon | Mitsotakis + memorandum of conversation | Ozal + memcon | Greek-Turkish + memorandum | Greece / Turkey / Cyprus + memcon | Cyprus + memorandum of conversation | Turkey + memorandum of conversation,126,470761730,European and Eurasian Directorate Central Chronological Files,"Source: George H.W. Bush Library, Bush Presidential Records, National Security Council, European and Eurasian Directorate Central Chronological Files, November 1990 [5].","Catalog provenance: Catalog access Restricted - Possibly; NAID 470761730. Query hit(s): Mitsotakis + memcon, Mitsotakis + memorandum of conversation, Ozal + memcon, Greek-Turkish + memorandum, Greece / Turkey / Cyprus + memcon, Cyprus + memorandum of conversation, Turkey + memorandum of conversation. OCR status: Not OCR sampled. Digital object: 41-bpr-nsc-euro_eura-cen_chron-30512-002.pdf. Catalog: https://catalog.archives.gov/id/470761730.",https://catalog.archives.gov/id/470761730,https://s3.dualstack.us-east-1.amazonaws.com/NARAprodstorage/lz/presidential-libraries/bush/gb-nsc/euro_eura_dir_374000108/41-bpr-nsc-euro_eura-cen_chron-30512-002.pdf
,,,166,Conversation signal,CC 048,Central Chronological Files,Open or screen packet index,Memcon/telcon search lead,Regional,1991-05-01,May 1991 [2],Mitsotakis + telcon | Mitsotakis + memorandum of conversation | Vassiliou + telcon | Ozal + telcon | Greece / Turkey / Cyprus + telcon | Cyprus + memorandum of conversation | Turkey + memorandum of conversation,126,470761757,European and Eurasian Directorate Central Chronological Files,"Source: George H.W. Bush Library, Bush Presidential Records, National Security Council, European and Eurasian Directorate Central Chronological Files, May 1991 [2].","Catalog provenance: Catalog access Restricted - Possibly; NAID 470761757. Query hit(s): Mitsotakis + telcon, Mitsotakis + memorandum of conversation, Vassiliou + telcon, Ozal + telcon, Greece / Turkey / Cyprus + telcon, Cyprus + memorandum of conversation, Turkey + memorandum of conversation. OCR status: Not OCR sampled. Digital object: 41-bpr-nsc-euro_eura-cen_chron-30516-005.pdf. Catalog: https://catalog.archives.gov/id/470761757.",https://catalog.archives.gov/id/470761757,https://s3.dualstack.us-east-1.amazonaws.com/NARAprodstorage/lz/presidential-libraries/bush/gb-nsc/euro_eura_dir_374000108/41-bpr-nsc-euro_eura-cen_chron-30516-005.pdf
,,,166,Conversation signal,CC 049,Central Chronological Files,Open or screen packet index,Memcon/telcon search lead,Regional,1991-10-01,October 1991 [1],Mitsotakis + telcon | Mitsotakis + memorandum of conversation | Vassiliou + telcon | Greek-Turkish + memorandum | Greece / Turkey / Cyprus + telcon | Cyprus + memorandum of conversation | Turkey + memorandum of conversation,126,470761778,European and Eurasian Directorate Central Chronological Files,"Source: George H.W. Bush Library, Bush Presidential Records, National Security Council, European and Eurasian Directorate Central Chronological Files, October 1991 [1].","Catalog provenance: Catalog access Restricted - Possibly; NAID 470761778. Query hit(s): Mitsotakis + telcon, Mitsotakis + memorandum of conversation, Vassiliou + telcon, Greek-Turkish + memorandum, Greece / Turkey / Cyprus + telcon, Cyprus + memorandum of conversation, Turkey + memorandum of conversation. OCR status: Not OCR sampled. Digital object: 41-bpr-nsc-euro_eura-cen_chron-30520-003.pdf. Catalog: https://catalog.archives.gov/id/470761778.",https://catalog.archives.gov/id/470761778,https://s3.dualstack.us-east-1.amazonaws.com/NARAprodstorage/lz/presidential-libraries/bush/gb-nsc/euro_eura_dir_374000108/41-bpr-nsc-euro_eura-cen_chron-30520-003.pdf
,,,165,Conversation signal,CC 050,Central Chronological Files,Open or screen packet index,Memcon/telcon search lead,Regional,1991-09-01,September 1991 [3],Mitsotakis + telcon | Mitsotakis + memorandum of conversation | Ozal + telcon | Greek-Turkish + memorandum | Greece / Turkey / Cyprus + telcon | Cyprus + memorandum of conversation | Turkey + memorandum of conversation,125,470761776,European and Eurasian Directorate Central Chronological Files,"Source: George H.W. Bush Library, Bush Presidential Records, National Security Council, European and Eurasian Directorate Central Chronological Files, September 1991 [3].","Catalog provenance: Catalog access Restricted - Possibly; NAID 470761776. Query hit(s): Mitsotakis + telcon, Mitsotakis + memorandum of conversation, Ozal + telcon, Greek-Turkish + memorandum, Greece / Turkey / Cyprus + telcon, Cyprus + memorandum of conversation, Turkey + memorandum of conversation. OCR status: Not OCR sampled. Digital object: 41-bpr-nsc-euro_eura-cen_chron-30520-001.pdf. Catalog: https://catalog.archives.gov/id/470761776.",https://catalog.archives.gov/id/470761776,https://s3.dualstack.us-east-1.amazonaws.com/NARAprodstorage/lz/presidential-libraries/bush/gb-nsc/euro_eura_dir_374000108/41-bpr-nsc-euro_eura-cen_chron-30520-001.pdf
,,,165,Conversation signal,CC 051,Central Chronological Files,Open or screen packet index,Memcon/telcon search lead,Regional,1992-04-01,April 1992 [1],Denktash + memorandum | Ozal + memcon | Demirel + memcon | Greek-Turkish + memorandum | Greece / Turkey / Cyprus + memcon | Cyprus + memorandum of conversation | Turkey + memorandum of conversation,125,470761802,European and Eurasian Directorate Central Chronological Files,"Source: George H.W. Bush Library, Bush Presidential Records, National Security Council, European and Eurasian Directorate Central Chronological Files, April 1992 [1].","Catalog provenance: Catalog access Restricted - Possibly; NAID 470761802. Query hit(s): Denktash + memorandum, Ozal + memcon, Demirel + memcon, Greek-Turkish + memorandum, Greece / Turkey / Cyprus + memcon, Cyprus + memorandum of conversation, Turkey + memorandum of conversation. OCR status: Not OCR sampled. Digital object: 41-bpr-nsc-euro_eura-cen_chron-30524-005.pdf. Catalog: https://catalog.archives.gov/id/470761802.",https://catalog.archives.gov/id/470761802,https://s3.dualstack.us-east-1.amazonaws.com/NARAprodstorage/lz/presidential-libraries/bush/gb-nsc/euro_eura_dir_374000108/41-bpr-nsc-euro_eura-cen_chron-30524-005.pdf
,,,165,Restriction/MDR check,Scout 006,NARA Scout,Screen Scout lead,MDR / restriction candidate,Turkey,1991-06-06,"Richard Haass, Trip to NY, Germany, and Turkey - June 6-11, 1991",Turkey,75,470426507,Richard N. Haass' Trip Files,"Source: George H.W. Bush Library, Bush Presidential Records, National Security Council, Richard N. Haass' Trip Files, Richard Haass, Trip to NY, Germany, and Turkey - June 6-11, 1991.",Catalog provenance: Catalog access Restricted - Possibly; NAID 470426507. Query hit(s): Turkey. Digital object: 41-bpr-nsc-haass_trip-cf01352-011.pdf. Catalog: https://catalog.archives.gov/id/470426507.,https://catalog.archives.gov/id/470426507,https://s3.dualstack.us-east-1.amazonaws.com/NARAprodstorage/lz/presidential-libraries/bush/gb-nsc/haass/trip_2554876/41-bpr-nsc-haass_trip-cf01352-011.pdf
,,,160,Restriction/MDR check,Scout 098,NARA Scout,Screen Scout lead,MDR / restriction candidate,Regional,1991-07-14,"France, England, Greece, Turkey - 7/14-22/91",Greece | Turkey,30,472437749,John F. Herrick Jr. Subject Files,"Source: George H.W. Bush Library, Bush Presidential Records, White House Office of Advance, John F. Herrick Jr. Subject Files, France, England, Greece, Turkey - 7/14-22/91.","Catalog provenance: Catalog access Restricted - Possibly; NAID 472437749. Query hit(s): Greece, Turkey. Catalog: https://catalog.archives.gov/id/472437749.",https://catalog.archives.gov/id/472437749,
,,,160,Restriction/MDR check,Scout 099,NARA Scout,Screen Scout lead,MDR / restriction candidate,Regional,1991-07-14,"Paris, France - 7/14/91; London, England - 7/14/01; Athens, Greece - 7/18/91; Crete - 7/19/91 and Turkey - 7/20/91",Greece | Turkey,30,472437591,Peggy Hazelrigg Files,"Source: George H.W. Bush Library, Bush Presidential Records, White House Office of Advance, Peggy Hazelrigg Files, Paris, France - 7/14/91; London, England - 7/14/01; Athens, Greece - 7/18/91; Crete - 7/19/91 and Turkey - 7/20/91.","Catalog provenance: Catalog access Restricted - Possibly; NAID 472437591. Query hit(s): Greece, Turkey. Catalog: https://catalog.archives.gov/id/472437591.",https://catalog.archives.gov/id/472437591,
,,,160,Restriction/MDR check,Scout 100,NARA Scout,Screen Scout lead,MDR / restriction candidate,Regional,1991-07-14,"Park, London, England; Athens, Greece, Souda Bay, Crete; Ankara, Turkey, Istanbul, Turkey - Diagrams [7/14/91-7/22/91]",Greece | Turkey,30,472437629,Peggy Hazelrigg Files,"Source: George H.W. Bush Library, Bush Presidential Records, White House Office of Advance, Peggy Hazelrigg Files, Park, London, England; Athens, Greece, Souda Bay, Crete; Ankara, Turkey, Istanbul, Turkey - Diagrams [7/14/91-7/22/91].","Catalog provenance: Catalog access Restricted - Possibly; NAID 472437629. Query hit(s): Greece, Turkey. Catalog: https://catalog.archives.gov/id/472437629.",https://catalog.archives.gov/id/472437629,
,,,160,Restriction/MDR check,Scout 101,NARA Scout,Screen Scout lead,MDR / restriction candidate,Regional,1991-07-14,"Park, London, England; Athens, Greece, Souda Bay, Crete; Ankara, Turkey, Istanbul, Turkey - Hotel Information [7/14/91-7/22/91]",Greece | Turkey,30,472437630,Peggy Hazelrigg Files,"Source: George H.W. Bush Library, Bush Presidential Records, White House Office of Advance, Peggy Hazelrigg Files, Park, London, England; Athens, Greece, Souda Bay, Crete; Ankara, Turkey, Istanbul, Turkey - Hotel Information [7/14/91-7/22/91].","Catalog provenance: Catalog access Restricted - Possibly; NAID 472437630. Query hit(s): Greece, Turkey. Catalog: https://catalog.archives.gov/id/472437630.",https://catalog.archives.gov/id/472437630,
,,,160,Restriction/MDR check,Scout 102,NARA Scout,Screen Scout lead,MDR / restriction candidate,Regional,1991-07-14,"Park, London, England; Athens, Greece, Souda Bay, Crete; Ankara, Turkey, Istanbul, Turkey - Manifest [7/14/91-7/22/91]",Greece | Turkey,30,472437628,Peggy Hazelrigg Files,"Source: George H.W. Bush Library, Bush Presidential Records, White House Office of Advance, Peggy Hazelrigg Files, Park, London, England; Athens, Greece, Souda Bay, Crete; Ankara, Turkey, Istanbul, Turkey - Manifest [7/14/91-7/22/91].","Catalog provenance: Catalog access Restricted - Possibly; NAID 472437628. Query hit(s): Greece, Turkey. Catalog: https://catalog.archives.gov/id/472437628.",https://catalog.archives.gov/id/472437628,
,,,160,Restriction/MDR check,Scout 103,NARA Scout,Screen Scout lead,MDR / restriction candidate,Regional,1991-07-14,"Park, London, England; Athens, Greece, Souda Bay, Crete; Ankara, Turkey, Istanbul, Turkey - Official Delegation [7/14/91-7/22/91]",Greece | Turkey,30,472437625,Peggy Hazelrigg Files,"Source: George H.W. Bush Library, Bush Presidential Records, White House Office of Advance, Peggy Hazelrigg Files, Park, London, England; Athens, Greece, Souda Bay, Crete; Ankara, Turkey, Istanbul, Turkey - Official Delegation [7/14/91-7/22/91].","Catalog provenance: Catalog access Restricted - Possibly; NAID 472437625. Query hit(s): Greece, Turkey. Catalog: https://catalog.archives.gov/id/472437625.",https://catalog.archives.gov/id/472437625,
,,,160,Restriction/MDR check,Scout 104,NARA Scout,Screen Scout lead,MDR / restriction candidate,Regional,1991-07-14,"Park, London, England; Athens, Greece, Souda Bay, Crete; Ankara, Turkey, Istanbul, Turkey - Schedules [7/14/91-7/22/91] [1]",Greece | Turkey,30,472437626,Peggy Hazelrigg Files,"Source: George H.W. Bush Library, Bush Presidential Records, White House Office of Advance, Peggy Hazelrigg Files, Park, London, England; Athens, Greece, Souda Bay, Crete; Ankara, Turkey, Istanbul, Turkey - Schedules [7/14/91-7/22/91] [1].","Catalog provenance: Catalog access Restricted - Possibly; NAID 472437626. Query hit(s): Greece, Turkey. Catalog: https://catalog.archives.gov/id/472437626.",https://catalog.archives.gov/id/472437626,
,,,160,Restriction/MDR check,Scout 105,NARA Scout,Screen Scout lead,MDR / restriction candidate,Regional,1991-07-14,"Park, London, England; Athens, Greece, Souda Bay, Crete; Ankara, Turkey, Istanbul, Turkey - Schedules [7/14/91-7/22/91] [2]",Greece | Turkey,30,472437627,Peggy Hazelrigg Files,"Source: George H.W. Bush Library, Bush Presidential Records, White House Office of Advance, Peggy Hazelrigg Files, Park, London, England; Athens, Greece, Souda Bay, Crete; Ankara, Turkey, Istanbul, Turkey - Schedules [7/14/91-7/22/91] [2].","Catalog provenance: Catalog access Restricted - Possibly; NAID 472437627. Query hit(s): Greece, Turkey. Catalog: https://catalog.archives.gov/id/472437627.",https://catalog.archives.gov/id/472437627,
,,,160,Restriction/MDR check,Scout 106,NARA Scout,Screen Scout lead,MDR / restriction candidate,Regional,1991-07-20,"Kennebunkport, ME: 7/11-13/91; London, England: 7/14-17/91; Athens, Greece: 7/18-19/91; Ankara, Turkey: 7/20/91; Istanbul, Turkey: 7/21/91; Paris, France: 7/14/91 [1]",Greece | Turkey,30,503119747,Chris Vein Files,"Source: George H.W. Bush Library, Bush Presidential Records, White House Office of Management and Administration, Chris Vein Files, Kennebunkport, ME: 7/11-13/91; London, England: 7/14-17/91; Athens, Greece: 7/18-19/91; Ankara, Turkey: 7/20/91; Istanbul, Turkey: 7/21/91; Paris, France: 7/14/91 [1].","Catalog provenance: Catalog access Restricted - Possibly; NAID 503119747. Query hit(s): Greece, Turkey. Catalog: https://catalog.archives.gov/id/503119747.",https://catalog.archives.gov/id/503119747,
,,,160,Restriction/MDR check,Scout 107,NARA Scout,Screen Scout lead,MDR / restriction candidate,Regional,1991-07-20,"Kennebunkport, ME: 7/11-13/91; London, England: 7/14-17/91; Athens, Greece: 7/18-19/91; Ankara, Turkey: 7/20/91; Istanbul, Turkey: 7/21/91; Paris, France: 7/14/91 [2]",Greece | Turkey,30,503119748,Chris Vein Files,"Source: George H.W. Bush Library, Bush Presidential Records, White House Office of Management and Administration, Chris Vein Files, Kennebunkport, ME: 7/11-13/91; London, England: 7/14-17/91; Athens, Greece: 7/18-19/91; Ankara, Turkey: 7/20/91; Istanbul, Turkey: 7/21/91; Paris, France: 7/14/91 [2].","Catalog provenance: Catalog access Restricted - Possibly; NAID 503119748. Query hit(s): Greece, Turkey. Catalog: https://catalog.archives.gov/id/503119748.",https://catalog.archives.gov/id/503119748,
,,,160,Restriction/MDR check,Scout 108,NARA Scout,Screen Scout lead,MDR / restriction candidate,Regional,1991-07-20,"Kennebunkport, ME: 7/11-13/91; London, England: 7/14-17/91; Athens, Greece: 7/18-19/91; Ankara, Turkey: 7/20/91; Istanbul, Turkey: 7/21/91; Paris, France: 7/14/91 [3]",Greece | Turkey,30,503119749,Chris Vein Files,"Source: George H.W. Bush Library, Bush Presidential Records, White House Office of Management and Administration, Chris Vein Files, Kennebunkport, ME: 7/11-13/91; London, England: 7/14-17/91; Athens, Greece: 7/18-19/91; Ankara, Turkey: 7/20/91; Istanbul, Turkey: 7/21/91; Paris, France: 7/14/91 [3].","Catalog provenance: Catalog access Restricted - Possibly; NAID 503119749. Query hit(s): Greece, Turkey. Catalog: https://catalog.archives.gov/id/503119749.",https://catalog.archives.gov/id/503119749,
,,,155,Restriction/MDR check,Scout 011,NARA Scout,Screen Scout lead,MDR / restriction candidate,Turkey,1990-09-25,President Turgut Ozal of Turkey Departure Ceremony 9/25/90 [OA 5377],Turkey | Eastern Mediterranean,65,323151171,Speech Draft Files,"Source: George H.W. Bush Library, Bush Presidential Records, White House Office of Speechwriting, Speech Draft Files, President Turgut Ozal of Turkey Departure Ceremony 9/25/90 [OA 5377].","Catalog provenance: Catalog access Restricted - Possibly; NAID 323151171. Query hit(s): Turkey, Eastern Mediterranean. Digital object: 41-bpr-speech-draft-chron-13541-006_323151171.pdf. Catalog: https://catalog.archives.gov/id/323151171.",https://catalog.archives.gov/id/323151171,https://s3.amazonaws.com/NARAprodstorage/lz/presidential-libraries/bush/gb-spe/speechwriting_draft_chron_578973/41-bpr-speech-draft-chron-13541-006_323151171.pdf
,,,155,Restriction/MDR check,Scout 012,NARA Scout,Screen Scout lead,MDR / restriction candidate,Turkey,1992-02-11,Prime Minister Demirel [Turkey] Departure 2/11/92 [OA 7568],Turkey | Eastern Mediterranean,65,323153875,Speech Backup Chronological Files,"Source: George H.W. Bush Library, Bush Presidential Records, White House Office of Speechwriting, Speech Backup Chronological Files, Prime Minister Demirel [Turkey] Departure 2/11/92 [OA 7568].","Catalog provenance: Catalog access Restricted - Possibly; NAID 323153875. Query hit(s): Turkey, Eastern Mediterranean. Digital object: 41-bpr-speech-backup-chron-13797-011_323153875.pdf. Catalog: https://catalog.archives.gov/id/323153875.",https://catalog.archives.gov/id/323153875,https://s3.amazonaws.com/NARAprodstorage/lz/presidential-libraries/bush/gb-spe/speechwriting_backup_chron_579003/41-bpr-speech-backup-chron-13797-011_323153875.pdf
,,,153,Conversation signal,CC 054,Central Chronological Files,Open or screen packet index,Memcon/telcon search lead,Regional,1992-05-01,May 1992 [3],Mitsotakis + memcon | Mitsotakis + telcon | Mitsotakis + memorandum of conversation | Demirel + memcon | Demirel + telcon | Turkey + memorandum of conversation,113,470761810,European and Eurasian Directorate Central Chronological Files,"Source: George H.W. Bush Library, Bush Presidential Records, National Security Council, European and Eurasian Directorate Central Chronological Files, May 1992 [3].","Catalog provenance: Catalog access Restricted - Possibly; NAID 470761810. Query hit(s): Mitsotakis + memcon, Mitsotakis + telcon, Mitsotakis + memorandum of conversation, Demirel + memcon, Demirel + telcon, Turkey + memorandum of conversation. OCR status: Not OCR sampled. Digital object: 41-bpr-nsc-euro_eura-cen_chron-30526-001.pdf. Catalog: https://catalog.archives.gov/id/470761810.",https://catalog.archives.gov/id/470761810,https://s3.dualstack.us-east-1.amazonaws.com/NARAprodstorage/lz/presidential-libraries/bush/gb-nsc/euro_eura_dir_374000108/41-bpr-nsc-euro_eura-cen_chron-30526-001.pdf
,,,153,Restriction/MDR check,Scout 013,NARA Scout,Screen Scout lead,MDR / restriction candidate,Turkey,1991-10-02,"[1991]: Meeting with Turkish Ambassador and Boskin, re: Presidential Trip to Turkey [10/2/91]",Turkey,63,492062477,Michael J. Boskin National Security Council (NSC) Meeting Files,"Source: George H.W. Bush Library, Records of the Council of Economic Advisors (George H. W. Bush Administration), Michael J. Boskin National Security Council (NSC) Meeting Files, [1991]: Meeting with Turkish Ambassador and Boskin, re: Presidential Trip to Turkey [10/2/91].",Catalog provenance: Catalog access Restricted - Possibly; NAID 492062477. Query hit(s): Turkey. Catalog: https://catalog.archives.gov/id/492062477.,https://catalog.archives.gov/id/492062477,
,,,152,Restriction/MDR check,Scout 017,NARA Scout,Screen Scout lead,MDR / restriction candidate,Greece,1991-12-06,Prime Minister Mitsotakis Departure 12/6/91 [OA 6040],Greece,62,323151746,Speech Draft Files,"Source: George H.W. Bush Library, Bush Presidential Records, White House Office of Speechwriting, Speech Draft Files, Prime Minister Mitsotakis Departure 12/6/91 [OA 6040].",Catalog provenance: Catalog access Restricted - Possibly; NAID 323151746. Query hit(s): Greece. Digital object: 41-bpr-speech-draft-chron-13593-003_323151746.pdf. Catalog: https://catalog.archives.gov/id/323151746.,https://catalog.archives.gov/id/323151746,https://s3.amazonaws.com/NARAprodstorage/lz/presidential-libraries/bush/gb-spe/speechwriting_draft_chron_578973/41-bpr-speech-draft-chron-13593-003_323151746.pdf
,,,152,Restriction/MDR check,Scout 018,NARA Scout,Screen Scout lead,MDR / restriction candidate,Greece,1991-12-12,Mitsotakis Departure 12/12/91 [OA 8332],Greece,62,323153724,Speech Backup Chronological Files,"Source: George H.W. Bush Library, Bush Presidential Records, White House Office of Speechwriting, Speech Backup Chronological Files, Mitsotakis Departure 12/12/91 [OA 8332].",Catalog provenance: Catalog access Restricted - Possibly; NAID 323153724. Query hit(s): Greece. Digital object: 41-bpr-speech-backup-chron-13786-008_323153724.pdf. Catalog: https://catalog.archives.gov/id/323153724.,https://catalog.archives.gov/id/323153724,https://s3.amazonaws.com/NARAprodstorage/lz/presidential-libraries/bush/gb-spe/speechwriting_backup_chron_579003/41-bpr-speech-backup-chron-13786-008_323153724.pdf
,,,152,Restriction/MDR check,Scout 014,NARA Scout,Screen Scout lead,MDR / restriction candidate,Turkey,1989-01-01,[Snow Gift from Turgut Ozal],Turkey,62,415892719,Tony Snow Subject Files,"Source: George H.W. Bush Library, Bush Presidential Records, White House Office of Speechwriting, Tony Snow Subject Files, [Snow Gift from Turgut Ozal].",Catalog provenance: Catalog access Restricted - Possibly; NAID 415892719. Query hit(s): Turkey. Digital object: 41-bpr-speech-snow-subj-13899-004_415892719.pdf. Catalog: https://catalog.archives.gov/id/415892719.,https://catalog.archives.gov/id/415892719,https://s3.amazonaws.com/NARAprodstorage/lz/presidential-libraries/bush/gb-spe/speechwriting_snow_313173092/41-bpr-speech-snow-subj-13899-004_415892719.pdf
,,,152,Restriction/MDR check,Scout 015,NARA Scout,Screen Scout lead,MDR / restriction candidate,Turkey,1990-09-25,[Turgut] Ozal Departure 9/25/90 [OA 8316],Turkey,62,323153044,Speech Backup Chronological Files,"Source: George H.W. Bush Library, Bush Presidential Records, White House Office of Speechwriting, Speech Backup Chronological Files, [Turgut] Ozal Departure 9/25/90 [OA 8316].",Catalog provenance: Catalog access Restricted - Possibly; NAID 323153044. Query hit(s): Turkey. Digital object: 41-bpr-speech-backup-chron-13729-010_323153044.pdf. Catalog: https://catalog.archives.gov/id/323153044.,https://catalog.archives.gov/id/323153044,https://s3.amazonaws.com/NARAprodstorage/lz/presidential-libraries/bush/gb-spe/speechwriting_backup_chron_579003/41-bpr-speech-backup-chron-13729-010_323153044.pdf
,,,152,Restriction/MDR check,Scout 016,NARA Scout,Screen Scout lead,MDR / restriction candidate,Turkey,1990-09-25,"Ozal Departure, Washington, DC 9/25/90 [OA 8130]",Turkey,62,323154834,Curt Smith Chronological Files,"Source: George H.W. Bush Library, Bush Presidential Records, White House Office of Speechwriting, Curt Smith Chronological Files, Ozal Departure, Washington, DC 9/25/90 [OA 8130].",Catalog provenance: Catalog access Restricted - Possibly; NAID 323154834. Query hit(s): Turkey. Digital object: 41-bpr-speech-smith-chron-13889-025_323154834.pdf. Catalog: https://catalog.archives.gov/id/323154834.,https://catalog.archives.gov/id/323154834,https://s3.amazonaws.com/NARAprodstorage/lz/presidential-libraries/bush/gb-spe/speechwriting_smith_284337261/41-bpr-speech-smith-chron-13889-025_323154834.pdf
,,,152,Restriction/MDR check,Scout 019,NARA Scout,Screen Scout lead,MDR / restriction candidate,Turkey,1992-02-11,[Prime Minister] Demirel Departure Statement 2/11/92 [OA 6097],Turkey,62,323151852,Speech Draft Files,"Source: George H.W. Bush Library, Bush Presidential Records, White House Office of Speechwriting, Speech Draft Files, [Prime Minister] Demirel Departure Statement 2/11/92 [OA 6097].",Catalog provenance: Catalog access Restricted - Possibly; NAID 323151852. Query hit(s): Turkey. Digital object: 41-bpr-speech-draft-chron-13604-001_323151852.pdf. Catalog: https://catalog.archives.gov/id/323151852.,https://catalog.archives.gov/id/323151852,https://s3.amazonaws.com/NARAprodstorage/lz/presidential-libraries/bush/gb-spe/speechwriting_draft_chron_578973/41-bpr-speech-draft-chron-13604-001_323151852.pdf
,,,150,Conversation signal,CC 056,Central Chronological Files,Open or screen packet index,Memcon/telcon search lead,Cyprus,1989-12-01,December 1989 [1],Vassiliou + memcon | Vassiliou + telcon | Cyprus / Denktash / Vassiliou | Denktash + memorandum | Greek-Turkish + memorandum | Cyprus + memorandum of conversation,110,470761671,European and Eurasian Directorate Central Chronological Files,"Source: George H.W. Bush Library, Bush Presidential Records, National Security Council, European and Eurasian Directorate Central Chronological Files, December 1989 [1].","Catalog provenance: Catalog access Restricted - Possibly; NAID 470761671. Query hit(s): Vassiliou + memcon, Vassiliou + telcon, Cyprus / Denktash / Vassiliou, Denktash + memorandum, Greek-Turkish + memorandum, Cyprus + memorandum of conversation. OCR status: Not OCR sampled. Digital object: 41-bpr-nsc-euro_eura-cen_chron-30503-001.pdf. Catalog: https://catalog.archives.gov/id/470761671.",https://catalog.archives.gov/id/470761671,https://s3.dualstack.us-east-1.amazonaws.com/NARAprodstorage/lz/presidential-libraries/bush/gb-nsc/euro_eura_dir_374000108/41-bpr-nsc-euro_eura-cen_chron-30503-001.pdf
,,,148,Conversation signal,CC 058,Central Chronological Files,Open or screen packet index,Memcon/telcon search lead,Regional,1990-11-01,November 1990 [4],Mitsotakis + memcon | Mitsotakis + memorandum of conversation | Ozal + memcon | Greece / Turkey / Cyprus + memcon | Cyprus + memorandum of conversation | Turkey + memorandum of conversation,108,470761729,European and Eurasian Directorate Central Chronological Files,"Source: George H.W. Bush Library, Bush Presidential Records, National Security Council, European and Eurasian Directorate Central Chronological Files, November 1990 [4].","Catalog provenance: Catalog access Restricted - Possibly; NAID 470761729. Query hit(s): Mitsotakis + memcon, Mitsotakis + memorandum of conversation, Ozal + memcon, Greece / Turkey / Cyprus + memcon, Cyprus + memorandum of conversation, Turkey + memorandum of conversation. OCR status: Not OCR sampled. Digital object: 41-bpr-nsc-euro_eura-cen_chron-30512-001.pdf. Catalog: https://catalog.archives.gov/id/470761729.",https://catalog.archives.gov/id/470761729,https://s3.dualstack.us-east-1.amazonaws.com/NARAprodstorage/lz/presidential-libraries/bush/gb-nsc/euro_eura_dir_374000108/41-bpr-nsc-euro_eura-cen_chron-30512-001.pdf
,,,147,Conversation signal,CC 059,Central Chronological Files,Open or screen packet index,Memcon/telcon search lead,Regional,1992-10-01,October 1992 [2],Mitsotakis + telcon | Mitsotakis + memorandum of conversation | Greek-Turkish + memorandum | Greece / Turkey / Cyprus + telcon | Cyprus + memorandum of conversation | Turkey + memorandum of conversation,107,470761830,European and Eurasian Directorate Central Chronological Files,"Source: George H.W. Bush Library, Bush Presidential Records, National Security Council, European and Eurasian Directorate Central Chronological Files, October 1992 [2].","Catalog provenance: Catalog access Restricted - Possibly; NAID 470761830. Query hit(s): Mitsotakis + telcon, Mitsotakis + memorandum of conversation, Greek-Turkish + memorandum, Greece / Turkey / Cyprus + telcon, Cyprus + memorandum of conversation, Turkey + memorandum of conversation. OCR status: Not OCR sampled. Digital object: 41-bpr-nsc-euro_eura-cen_chron-30530-001.pdf. Catalog: https://catalog.archives.gov/id/470761830.",https://catalog.archives.gov/id/470761830,https://s3.dualstack.us-east-1.amazonaws.com/NARAprodstorage/lz/presidential-libraries/bush/gb-nsc/euro_eura_dir_374000108/41-bpr-nsc-euro_eura-cen_chron-30530-001.pdf
,,,146,Conversation signal,CC 060,Central Chronological Files,Open or screen packet index,Memcon/telcon search lead,Regional,1992-06-01,June 1992 [3],Mitsotakis + telcon | Mitsotakis + memorandum of conversation | Greek-Turkish + memorandum | Greece / Turkey / Cyprus + telcon | Cyprus + memorandum of conversation | Turkey + memorandum of conversation,106,470761815,European and Eurasian Directorate Central Chronological Files,"Source: George H.W. Bush Library, Bush Presidential Records, National Security Council, European and Eurasian Directorate Central Chronological Files, June 1992 [3].","Catalog provenance: Catalog access Restricted - Possibly; NAID 470761815. Query hit(s): Mitsotakis + telcon, Mitsotakis + memorandum of conversation, Greek-Turkish + memorandum, Greece / Turkey / Cyprus + telcon, Cyprus + memorandum of conversation, Turkey + memorandum of conversation. OCR status: Not OCR sampled. Digital object: 41-bpr-nsc-euro_eura-cen_chron-30527-001.pdf. Catalog: https://catalog.archives.gov/id/470761815.",https://catalog.archives.gov/id/470761815,https://s3.dualstack.us-east-1.amazonaws.com/NARAprodstorage/lz/presidential-libraries/bush/gb-nsc/euro_eura_dir_374000108/41-bpr-nsc-euro_eura-cen_chron-30527-001.pdf
,,,145,Conversation signal,CC 061,Central Chronological Files,Open or screen packet index,Memcon/telcon search lead,Cyprus,1989-10-01,October 1989 [4],Mitsotakis + memorandum of conversation | Cyprus / Denktash / Vassiliou | Denktash + memorandum | Greek-Turkish + memorandum | Cyprus + memorandum of conversation | Turkey + memorandum of conversation,105,470761664,European and Eurasian Directorate Central Chronological Files,"Source: George H.W. Bush Library, Bush Presidential Records, National Security Council, European and Eurasian Directorate Central Chronological Files, October 1989 [4].","Catalog provenance: Catalog access Restricted - Possibly; NAID 470761664. Query hit(s): Mitsotakis + memorandum of conversation, Cyprus / Denktash / Vassiliou, Denktash + memorandum, Greek-Turkish + memorandum, Cyprus + memorandum of conversation, Turkey + memorandum of conversation. OCR status: First four pages OCR reviewed. PDF extent: 130 pages. Digital object: 41-bpr-nsc-euro_eura-cen_chron-30501-005.pdf. Catalog: https://catalog.archives.gov/id/470761664.",https://catalog.archives.gov/id/470761664,https://s3.dualstack.us-east-1.amazonaws.com/NARAprodstorage/lz/presidential-libraries/bush/gb-nsc/euro_eura_dir_374000108/41-bpr-nsc-euro_eura-cen_chron-30501-005.pdf
,,,145,Conversation signal,CC 062,Central Chronological Files,Open or screen packet index,Memcon/telcon search lead,Cyprus,1992-06-01,June 1992 [1],Mitsotakis + memorandum of conversation | Cyprus / Denktash / Vassiliou | Denktash + memorandum | Greek-Turkish + memorandum | Cyprus + memorandum of conversation | Turkey + memorandum of conversation,105,470761813,European and Eurasian Directorate Central Chronological Files,"Source: George H.W. Bush Library, Bush Presidential Records, National Security Council, European and Eurasian Directorate Central Chronological Files, June 1992 [1].","Catalog provenance: Catalog access Restricted - Possibly; NAID 470761813. Query hit(s): Mitsotakis + memorandum of conversation, Cyprus / Denktash / Vassiliou, Denktash + memorandum, Greek-Turkish + memorandum, Cyprus + memorandum of conversation, Turkey + memorandum of conversation. OCR status: Not OCR sampled. Digital object: 41-bpr-nsc-euro_eura-cen_chron-30526-004.pdf. Catalog: https://catalog.archives.gov/id/470761813.",https://catalog.archives.gov/id/470761813,https://s3.dualstack.us-east-1.amazonaws.com/NARAprodstorage/lz/presidential-libraries/bush/gb-nsc/euro_eura_dir_374000108/41-bpr-nsc-euro_eura-cen_chron-30526-004.pdf
,,,144,Conversation signal,CC 063,Central Chronological Files,Open or screen packet index,Memcon/telcon search lead,Cyprus,1991-03-01,March 1991 [2],Mitsotakis + memorandum of conversation | Cyprus / Denktash / Vassiliou | Denktash + memorandum | Greek-Turkish + memorandum | Cyprus + memorandum of conversation | Turkey + memorandum of conversation,104,470761745,European and Eurasian Directorate Central Chronological Files,"Source: George H.W. Bush Library, Bush Presidential Records, National Security Council, European and Eurasian Directorate Central Chronological Files, March 1991 [2].","Catalog provenance: Catalog access Restricted - Possibly; NAID 470761745. Query hit(s): Mitsotakis + memorandum of conversation, Cyprus / Denktash / Vassiliou, Denktash + memorandum, Greek-Turkish + memorandum, Cyprus + memorandum of conversation, Turkey + memorandum of conversation. OCR status: Not OCR sampled. Digital object: 41-bpr-nsc-euro_eura-cen_chron-30514-004.pdf. Catalog: https://catalog.archives.gov/id/470761745.",https://catalog.archives.gov/id/470761745,https://s3.dualstack.us-east-1.amazonaws.com/NARAprodstorage/lz/presidential-libraries/bush/gb-nsc/euro_eura_dir_374000108/41-bpr-nsc-euro_eura-cen_chron-30514-004.pdf
,,,144,Conversation signal,CC 064,Central Chronological Files,Open or screen packet index,Memcon/telcon search lead,Cyprus,1992-04-01,April 1992 [3],Mitsotakis + memorandum of conversation | Cyprus / Denktash / Vassiliou | Denktash + memorandum | Greek-Turkish + memorandum | Cyprus + memorandum of conversation | Turkey + memorandum of conversation,104,470761804,European and Eurasian Directorate Central Chronological Files,"Source: George H.W. Bush Library, Bush Presidential Records, National Security Council, European and Eurasian Directorate Central Chronological Files, April 1992 [3].","Catalog provenance: Catalog access Restricted - Possibly; NAID 470761804. Query hit(s): Mitsotakis + memorandum of conversation, Cyprus / Denktash / Vassiliou, Denktash + memorandum, Greek-Turkish + memorandum, Cyprus + memorandum of conversation, Turkey + memorandum of conversation. OCR status: Not OCR sampled. Digital object: 41-bpr-nsc-euro_eura-cen_chron-30525-001.pdf. Catalog: https://catalog.archives.gov/id/470761804.",https://catalog.archives.gov/id/470761804,https://s3.dualstack.us-east-1.amazonaws.com/NARAprodstorage/lz/presidential-libraries/bush/gb-nsc/euro_eura_dir_374000108/41-bpr-nsc-euro_eura-cen_chron-30525-001.pdf
,,,139,Restriction/MDR check,Scout 022,NARA Scout,Screen Scout lead,MDR / restriction candidate,Greece,1991-07-10,Greece 7/10/91 [OA 8326] [1],Greece | Eastern Mediterranean,49,323153427,Speech Backup Chronological Files,"Source: George H.W. Bush Library, Bush Presidential Records, White House Office of Speechwriting, Speech Backup Chronological Files, Greece 7/10/91 [OA 8326] [1].","Catalog provenance: Catalog access Restricted - Possibly; NAID 323153427. Query hit(s): Greece, Eastern Mediterranean. Digital object: 41-bpr-speech-backup-chron-13763-004_323153427.pdf. Catalog: https://catalog.archives.gov/id/323153427.",https://catalog.archives.gov/id/323153427,https://s3.amazonaws.com/NARAprodstorage/lz/presidential-libraries/bush/gb-spe/speechwriting_backup_chron_579003/41-bpr-speech-backup-chron-13763-004_323153427.pdf
,,,139,Restriction/MDR check,Scout 024,NARA Scout,Screen Scout lead,MDR / restriction candidate,Greece,1991-07-19,Greece 7/19/91 [OA 8325] [3],Greece | Eastern Mediterranean,49,323153437,Speech Backup Chronological Files,"Source: George H.W. Bush Library, Bush Presidential Records, White House Office of Speechwriting, Speech Backup Chronological Files, Greece 7/19/91 [OA 8325] [3].","Catalog provenance: Catalog access Restricted - Possibly; NAID 323153437. Query hit(s): Greece, Eastern Mediterranean. Digital object: 41-bpr-speech-backup-chron-13764-003_323153437.pdf. Catalog: https://catalog.archives.gov/id/323153437.",https://catalog.archives.gov/id/323153437,https://s3.amazonaws.com/NARAprodstorage/lz/presidential-libraries/bush/gb-spe/speechwriting_backup_chron_579003/41-bpr-speech-backup-chron-13764-003_323153437.pdf
,,,139,Restriction/MDR check,Scout 021,NARA Scout,Screen Scout lead,MDR / restriction candidate,Turkey,1989-01-01,Turkey 7/19/20 [OA 8325],Turkey | Eastern Mediterranean,49,323153443,Speech Backup Chronological Files,"Source: George H.W. Bush Library, Bush Presidential Records, White House Office of Speechwriting, Speech Backup Chronological Files, Turkey 7/19/20 [OA 8325].","Catalog provenance: Catalog access Restricted - Possibly; NAID 323153443. Query hit(s): Turkey, Eastern Mediterranean. Digital object: 41-bpr-speech-backup-chron-13764-009_323153443.pdf. Catalog: https://catalog.archives.gov/id/323153443.",https://catalog.archives.gov/id/323153443,https://s3.amazonaws.com/NARAprodstorage/lz/presidential-libraries/bush/gb-spe/speechwriting_backup_chron_579003/41-bpr-speech-backup-chron-13764-009_323153443.pdf
,,,139,Restriction/MDR check,Scout 023,NARA Scout,Screen Scout lead,MDR / restriction candidate,Turkey,1991-07-10,Turkey 7/10/91 [OA 8326] [2],Turkey | Eastern Mediterranean,49,323153430,Speech Backup Chronological Files,"Source: George H.W. Bush Library, Bush Presidential Records, White House Office of Speechwriting, Speech Backup Chronological Files, Turkey 7/10/91 [OA 8326] [2].","Catalog provenance: Catalog access Restricted - Possibly; NAID 323153430. Query hit(s): Turkey, Eastern Mediterranean. Digital object: 41-bpr-speech-backup-chron-13763-007_323153430.pdf. Catalog: https://catalog.archives.gov/id/323153430.",https://catalog.archives.gov/id/323153430,https://s3.amazonaws.com/NARAprodstorage/lz/presidential-libraries/bush/gb-spe/speechwriting_backup_chron_579003/41-bpr-speech-backup-chron-13763-007_323153430.pdf
,,,139,Restriction/MDR check,Scout 025,NARA Scout,Screen Scout lead,MDR / restriction candidate,Turkey,1991-07-19,Turkey 7/19/91 [OA 8325] [2],Turkey | Eastern Mediterranean,49,323153442,Speech Backup Chronological Files,"Source: George H.W. Bush Library, Bush Presidential Records, White House Office of Speechwriting, Speech Backup Chronological Files, Turkey 7/19/91 [OA 8325] [2].","Catalog provenance: Catalog access Restricted - Possibly; NAID 323153442. Query hit(s): Turkey, Eastern Mediterranean. Digital object: 41-bpr-speech-backup-chron-13764-008_323153442.pdf. Catalog: https://catalog.archives.gov/id/323153442.",https://catalog.archives.gov/id/323153442,https://s3.amazonaws.com/NARAprodstorage/lz/presidential-libraries/bush/gb-spe/speechwriting_backup_chron_579003/41-bpr-speech-backup-chron-13764-008_323153442.pdf
,,,136,Restriction/MDR check,Scout 049,NARA Scout,Screen Scout lead,MDR / restriction candidate,Greece,1991-03-25,Greek Independence Day Proclamation Signing 3/25/91 [OA 6031],Greece,46,323151398,Speech Draft Files,"Source: George H.W. Bush Library, Bush Presidential Records, White House Office of Speechwriting, Speech Draft Files, Greek Independence Day Proclamation Signing 3/25/91 [OA 6031].",Catalog provenance: Catalog access Restricted - Possibly; NAID 323151398. Query hit(s): Greece. Digital object: 41-bpr-speech-draft-chron-13560-007_323151398.pdf. Catalog: https://catalog.archives.gov/id/323151398.,https://catalog.archives.gov/id/323151398,https://s3.amazonaws.com/NARAprodstorage/lz/presidential-libraries/bush/gb-spe/speechwriting_draft_chron_578973/41-bpr-speech-draft-chron-13560-007_323151398.pdf
,,,136,Restriction/MDR check,Scout 050,NARA Scout,Screen Scout lead,MDR / restriction candidate,Greece,1991-03-25,Greek Independence Day Proclamation Signing 3/25/91 [OA 6856],Greece,46,323153259,Speech Backup Chronological Files,"Source: George H.W. Bush Library, Bush Presidential Records, White House Office of Speechwriting, Speech Backup Chronological Files, Greek Independence Day Proclamation Signing 3/25/91 [OA 6856].",Catalog provenance: Catalog access Restricted - Possibly; NAID 323153259. Query hit(s): Greece. Digital object: 41-bpr-speech-backup-chron-13750-006_323153259.pdf. Catalog: https://catalog.archives.gov/id/323153259.,https://catalog.archives.gov/id/323153259,https://s3.amazonaws.com/NARAprodstorage/lz/presidential-libraries/bush/gb-spe/speechwriting_backup_chron_579003/41-bpr-speech-backup-chron-13750-006_323153259.pdf
,,,136,Restriction/MDR check,Scout 051,NARA Scout,Screen Scout lead,MDR / restriction candidate,Greece,1991-07-10,Greece 7/10/91 [OA 8326] [2],Greece,46,323153428,Speech Backup Chronological Files,"Source: George H.W. Bush Library, Bush Presidential Records, White House Office of Speechwriting, Speech Backup Chronological Files, Greece 7/10/91 [OA 8326] [2].",Catalog provenance: Catalog access Restricted - Possibly; NAID 323153428. Query hit(s): Greece. Digital object: 41-bpr-speech-backup-chron-13763-005_323153428.pdf. Catalog: https://catalog.archives.gov/id/323153428.,https://catalog.archives.gov/id/323153428,https://s3.amazonaws.com/NARAprodstorage/lz/presidential-libraries/bush/gb-spe/speechwriting_backup_chron_579003/41-bpr-speech-backup-chron-13763-005_323153428.pdf
,,,136,Restriction/MDR check,Scout 055,NARA Scout,Screen Scout lead,MDR / restriction candidate,Greece,1991-07-18,Arrival Statement - Greece 7/18/91 [OA 6035],Greece,46,323151538,Speech Draft Files,"Source: George H.W. Bush Library, Bush Presidential Records, White House Office of Speechwriting, Speech Draft Files, Arrival Statement - Greece 7/18/91 [OA 6035].",Catalog provenance: Catalog access Restricted - Possibly; NAID 323151538. Query hit(s): Greece. Digital object: 41-bpr-speech-draft-chron-13575-007_323151538.pdf. Catalog: https://catalog.archives.gov/id/323151538.,https://catalog.archives.gov/id/323151538,https://s3.amazonaws.com/NARAprodstorage/lz/presidential-libraries/bush/gb-spe/speechwriting_draft_chron_578973/41-bpr-speech-draft-chron-13575-007_323151538.pdf
,,,136,Restriction/MDR check,Scout 056,NARA Scout,Screen Scout lead,MDR / restriction candidate,Greece,1991-07-18,Greek Parliament 7/18/91 [OA 6035],Greece,46,323151539,Speech Draft Files,"Source: George H.W. Bush Library, Bush Presidential Records, White House Office of Speechwriting, Speech Draft Files, Greek Parliament 7/18/91 [OA 6035].",Catalog provenance: Catalog access Restricted - Possibly; NAID 323151539. Query hit(s): Greece. Digital object: 41-bpr-speech-draft-chron-13575-008_323151539.pdf. Catalog: https://catalog.archives.gov/id/323151539.,https://catalog.archives.gov/id/323151539,https://s3.amazonaws.com/NARAprodstorage/lz/presidential-libraries/bush/gb-spe/speechwriting_draft_chron_578973/41-bpr-speech-draft-chron-13575-008_323151539.pdf
,,,136,Restriction/MDR check,Scout 057,NARA Scout,Screen Scout lead,MDR / restriction candidate,Greece,1991-07-18,"State Dinner Toast, Athens 7/18/91 [OA 8325]",Greece,46,323153433,Speech Backup Chronological Files,"Source: George H.W. Bush Library, Bush Presidential Records, White House Office of Speechwriting, Speech Backup Chronological Files, State Dinner Toast, Athens 7/18/91 [OA 8325].",Catalog provenance: Catalog access Restricted - Possibly; NAID 323153433. Query hit(s): Greece. Digital object: 41-bpr-speech-backup-chron-13763-010_323153433.pdf. Catalog: https://catalog.archives.gov/id/323153433.,https://catalog.archives.gov/id/323153433,https://s3.amazonaws.com/NARAprodstorage/lz/presidential-libraries/bush/gb-spe/speechwriting_backup_chron_579003/41-bpr-speech-backup-chron-13763-010_323153433.pdf
,,,136,Restriction/MDR check,Scout 058,NARA Scout,Screen Scout lead,MDR / restriction candidate,Greece,1991-07-18,Toast - Greece 7/18/91 [OA 6035],Greece,46,323151540,Speech Draft Files,"Source: George H.W. Bush Library, Bush Presidential Records, White House Office of Speechwriting, Speech Draft Files, Toast - Greece 7/18/91 [OA 6035].",Catalog provenance: Catalog access Restricted - Possibly; NAID 323151540. Query hit(s): Greece. Digital object: 41-bpr-speech-draft-chron-13575-009_323151540.pdf. Catalog: https://catalog.archives.gov/id/323151540.,https://catalog.archives.gov/id/323151540,https://s3.amazonaws.com/NARAprodstorage/lz/presidential-libraries/bush/gb-spe/speechwriting_draft_chron_578973/41-bpr-speech-draft-chron-13575-009_323151540.pdf
,,,136,Restriction/MDR check,Scout 059,NARA Scout,Screen Scout lead,MDR / restriction candidate,Greece,1991-07-19,"Cocktail Reception, Athens 7/19/91 [OA 8325]",Greece,46,323153434,Speech Backup Chronological Files,"Source: George H.W. Bush Library, Bush Presidential Records, White House Office of Speechwriting, Speech Backup Chronological Files, Cocktail Reception, Athens 7/19/91 [OA 8325].",Catalog provenance: Catalog access Restricted - Possibly; NAID 323153434. Query hit(s): Greece. Digital object: 41-bpr-speech-backup-chron-13763-011_323153434.pdf. Catalog: https://catalog.archives.gov/id/323153434.,https://catalog.archives.gov/id/323153434,https://s3.amazonaws.com/NARAprodstorage/lz/presidential-libraries/bush/gb-spe/speechwriting_backup_chron_579003/41-bpr-speech-backup-chron-13763-011_323153434.pdf
,,,136,Restriction/MDR check,Scout 060,NARA Scout,Screen Scout lead,MDR / restriction candidate,Greece,1991-07-19,Democracy Speech - Athens 7/19/91 [OA 6035],Greece,46,323151543,Speech Draft Files,"Source: George H.W. Bush Library, Bush Presidential Records, White House Office of Speechwriting, Speech Draft Files, Democracy Speech - Athens 7/19/91 [OA 6035].",Catalog provenance: Catalog access Restricted - Possibly; NAID 323151543. Query hit(s): Greece. Digital object: 41-bpr-speech-draft-chron-13575-012_323151543.pdf. Catalog: https://catalog.archives.gov/id/323151543.,https://catalog.archives.gov/id/323151543,https://s3.amazonaws.com/NARAprodstorage/lz/presidential-libraries/bush/gb-spe/speechwriting_draft_chron_578973/41-bpr-speech-draft-chron-13575-012_323151543.pdf
,,,136,Restriction/MDR check,Scout 061,NARA Scout,Screen Scout lead,MDR / restriction candidate,Greece,1991-07-19,"Embassy Greeting, Athens, 7/19/91",Greece,46,415892575,Speech Backup Chronological Files,"Source: George H.W. Bush Library, Bush Presidential Records, White House Office of Speechwriting, Speech Backup Chronological Files, Embassy Greeting, Athens, 7/19/91.",Catalog provenance: Catalog access Restricted - Possibly; NAID 415892575. Query hit(s): Greece. Digital object: 41-bpr-speech-backup-chron-13763-012_415892575.pdf. Catalog: https://catalog.archives.gov/id/415892575.,https://catalog.archives.gov/id/415892575,https://s3.amazonaws.com/NARAprodstorage/lz/presidential-libraries/bush/gb-spe/speechwriting_backup_chron_579003/41-bpr-speech-backup-chron-13763-012_415892575.pdf
,,,136,Restriction/MDR check,Scout 062,NARA Scout,Screen Scout lead,MDR / restriction candidate,Greece,1991-07-19,Greece 7/19/91 [OA 8325] [1],Greece,46,323153435,Speech Backup Chronological Files,"Source: George H.W. Bush Library, Bush Presidential Records, White House Office of Speechwriting, Speech Backup Chronological Files, Greece 7/19/91 [OA 8325] [1].",Catalog provenance: Catalog access Restricted - Possibly; NAID 323153435. Query hit(s): Greece. Digital object: 41-bpr-speech-backup-chron-13764-001_323153435.pdf. Catalog: https://catalog.archives.gov/id/323153435.,https://catalog.archives.gov/id/323153435,https://s3.amazonaws.com/NARAprodstorage/lz/presidential-libraries/bush/gb-spe/speechwriting_backup_chron_579003/41-bpr-speech-backup-chron-13764-001_323153435.pdf
,,,136,Restriction/MDR check,Scout 063,NARA Scout,Screen Scout lead,MDR / restriction candidate,Greece,1991-07-19,Greece 7/19/91 [OA 8325] [2],Greece,46,323153436,Speech Backup Chronological Files,"Source: George H.W. Bush Library, Bush Presidential Records, White House Office of Speechwriting, Speech Backup Chronological Files, Greece 7/19/91 [OA 8325] [2].",Catalog provenance: Catalog access Restricted - Possibly; NAID 323153436. Query hit(s): Greece. Digital object: 41-bpr-speech-backup-chron-13764-002_323153436.pdf. Catalog: https://catalog.archives.gov/id/323153436.,https://catalog.archives.gov/id/323153436,https://s3.amazonaws.com/NARAprodstorage/lz/presidential-libraries/bush/gb-spe/speechwriting_backup_chron_579003/41-bpr-speech-backup-chron-13764-002_323153436.pdf
,,,136,Restriction/MDR check,Scout 064,NARA Scout,Screen Scout lead,MDR / restriction candidate,Greece,1991-07-19,Greece 7/19/91 [OA 8325] [4],Greece,46,323153438,Speech Backup Chronological Files,"Source: George H.W. Bush Library, Bush Presidential Records, White House Office of Speechwriting, Speech Backup Chronological Files, Greece 7/19/91 [OA 8325] [4].",Catalog provenance: Catalog access Restricted - Possibly; NAID 323153438. Query hit(s): Greece. Digital object: 41-bpr-speech-backup-chron-13764-004_323153438.pdf. Catalog: https://catalog.archives.gov/id/323153438.,https://catalog.archives.gov/id/323153438,https://s3.amazonaws.com/NARAprodstorage/lz/presidential-libraries/bush/gb-spe/speechwriting_backup_chron_579003/41-bpr-speech-backup-chron-13764-004_323153438.pdf
,,,136,Restriction/MDR check,Scout 065,NARA Scout,Screen Scout lead,MDR / restriction candidate,Greece,1991-07-19,Greece 7/19/91 [OA 8325] [5],Greece,46,323153439,Speech Backup Chronological Files,"Source: George H.W. Bush Library, Bush Presidential Records, White House Office of Speechwriting, Speech Backup Chronological Files, Greece 7/19/91 [OA 8325] [5].",Catalog provenance: Catalog access Restricted - Possibly; NAID 323153439. Query hit(s): Greece. Digital object: 41-bpr-speech-backup-chron-13764-005_323153439.pdf. Catalog: https://catalog.archives.gov/id/323153439.,https://catalog.archives.gov/id/323153439,https://s3.amazonaws.com/NARAprodstorage/lz/presidential-libraries/bush/gb-spe/speechwriting_backup_chron_579003/41-bpr-speech-backup-chron-13764-005_323153439.pdf
,,,136,Restriction/MDR check,Scout 066,NARA Scout,Screen Scout lead,MDR / restriction candidate,Greece,1991-07-19,Greek Parliament 7/19/91 [OA 8325],Greece,46,323153440,Speech Backup Chronological Files,"Source: George H.W. Bush Library, Bush Presidential Records, White House Office of Speechwriting, Speech Backup Chronological Files, Greek Parliament 7/19/91 [OA 8325].",Catalog provenance: Catalog access Restricted - Possibly; NAID 323153440. Query hit(s): Greece. Digital object: 41-bpr-speech-backup-chron-13764-006_323153440.pdf. Catalog: https://catalog.archives.gov/id/323153440.,https://catalog.archives.gov/id/323153440,https://s3.amazonaws.com/NARAprodstorage/lz/presidential-libraries/bush/gb-spe/speechwriting_backup_chron_579003/41-bpr-speech-backup-chron-13764-006_323153440.pdf
,,,136,Restriction/MDR check,Scout 067,NARA Scout,Screen Scout lead,MDR / restriction candidate,Greece,1991-07-19,Greek Reciprocal Reception 7/19/91 [OA 6035],Greece,46,323151542,Speech Draft Files,"Source: George H.W. Bush Library, Bush Presidential Records, White House Office of Speechwriting, Speech Draft Files, Greek Reciprocal Reception 7/19/91 [OA 6035].",Catalog provenance: Catalog access Restricted - Possibly; NAID 323151542. Query hit(s): Greece. Digital object: 41-bpr-speech-draft-chron-13575-011_323151542.pdf. Catalog: https://catalog.archives.gov/id/323151542.,https://catalog.archives.gov/id/323151542,https://s3.amazonaws.com/NARAprodstorage/lz/presidential-libraries/bush/gb-spe/speechwriting_draft_chron_578973/41-bpr-speech-draft-chron-13575-011_323151542.pdf
,,,136,Restriction/MDR check,Scout 069,NARA Scout,Screen Scout lead,MDR / restriction candidate,Greece,1991-07-19,Wreath Laying - Greece 7/19/91 [OA 6035],Greece,46,323151541,Speech Draft Files,"Source: George H.W. Bush Library, Bush Presidential Records, White House Office of Speechwriting, Speech Draft Files, Wreath Laying - Greece 7/19/91 [OA 6035].",Catalog provenance: Catalog access Restricted - Possibly; NAID 323151541. Query hit(s): Greece. Digital object: 41-bpr-speech-draft-chron-13575-010_323151541.pdf. Catalog: https://catalog.archives.gov/id/323151541.,https://catalog.archives.gov/id/323151541,https://s3.amazonaws.com/NARAprodstorage/lz/presidential-libraries/bush/gb-spe/speechwriting_draft_chron_578973/41-bpr-speech-draft-chron-13575-010_323151541.pdf
,,,136,Restriction/MDR check,Scout 072,NARA Scout,Screen Scout lead,MDR / restriction candidate,Greece,1991-07-20,Souda Bay Naval Station - Crete 7/20/91 [OA 8325] [1],Greece,46,323153446,Speech Backup Chronological Files,"Source: George H.W. Bush Library, Bush Presidential Records, White House Office of Speechwriting, Speech Backup Chronological Files, Souda Bay Naval Station - Crete 7/20/91 [OA 8325] [1].",Catalog provenance: Catalog access Restricted - Possibly; NAID 323153446. Query hit(s): Greece. Digital object: 41-bpr-speech-backup-chron-13764-012_323153446.pdf. Catalog: https://catalog.archives.gov/id/323153446.,https://catalog.archives.gov/id/323153446,https://s3.amazonaws.com/NARAprodstorage/lz/presidential-libraries/bush/gb-spe/speechwriting_backup_chron_579003/41-bpr-speech-backup-chron-13764-012_323153446.pdf
,,,136,Restriction/MDR check,Scout 073,NARA Scout,Screen Scout lead,MDR / restriction candidate,Greece,1991-07-20,Souda Bay Naval Stationn - Crete 7/20/91 [OA 8325] [2],Greece,46,323153447,Speech Backup Chronological Files,"Source: George H.W. Bush Library, Bush Presidential Records, White House Office of Speechwriting, Speech Backup Chronological Files, Souda Bay Naval Stationn - Crete 7/20/91 [OA 8325] [2].",Catalog provenance: Catalog access Restricted - Possibly; NAID 323153447. Query hit(s): Greece. Digital object: 41-bpr-speech-backup-chron-13765-001_323153447.pdf. Catalog: https://catalog.archives.gov/id/323153447.,https://catalog.archives.gov/id/323153447,https://s3.amazonaws.com/NARAprodstorage/lz/presidential-libraries/bush/gb-spe/speechwriting_backup_chron_579003/41-bpr-speech-backup-chron-13765-001_323153447.pdf
,,,136,Restriction/MDR check,Scout 078,NARA Scout,Screen Scout lead,MDR / restriction candidate,Greece,1991-07-20,U.S. Embassy Greeting - Greece 7/20/91 [OA 6035],Greece,46,323151545,Speech Draft Files,"Source: George H.W. Bush Library, Bush Presidential Records, White House Office of Speechwriting, Speech Draft Files, U.S. Embassy Greeting - Greece 7/20/91 [OA 6035].",Catalog provenance: Catalog access Restricted - Possibly; NAID 323151545. Query hit(s): Greece. Digital object: 41-bpr-speech-draft-chron-13575-014_323151545.pdf. Catalog: https://catalog.archives.gov/id/323151545.,https://catalog.archives.gov/id/323151545,https://s3.amazonaws.com/NARAprodstorage/lz/presidential-libraries/bush/gb-spe/speechwriting_draft_chron_578973/41-bpr-speech-draft-chron-13575-014_323151545.pdf
,,,136,Restriction/MDR check,Scout 082,NARA Scout,Screen Scout lead,MDR / restriction candidate,Greece,1992-03-25,Greek Independence Day 3/25/92 [OA 6099],Greece,46,323151938,Speech Draft Files,"Source: George H.W. Bush Library, Bush Presidential Records, White House Office of Speechwriting, Speech Draft Files, Greek Independence Day 3/25/92 [OA 6099].",Catalog provenance: Catalog access Restricted - Possibly; NAID 323151938. Query hit(s): Greece. Digital object: 41-bpr-speech-draft-chron-13613-007_323151938.pdf. Catalog: https://catalog.archives.gov/id/323151938.,https://catalog.archives.gov/id/323151938,https://s3.amazonaws.com/NARAprodstorage/lz/presidential-libraries/bush/gb-spe/speechwriting_draft_chron_578973/41-bpr-speech-draft-chron-13613-007_323151938.pdf
,,,136,Restriction/MDR check,Scout 083,NARA Scout,Screen Scout lead,MDR / restriction candidate,Greece,1992-03-25,Greek Independence Day 3/25/92 [OA 7570] [1],Greece,46,323153974,Speech Backup Chronological Files,"Source: George H.W. Bush Library, Bush Presidential Records, White House Office of Speechwriting, Speech Backup Chronological Files, Greek Independence Day 3/25/92 [OA 7570] [1].",Catalog provenance: Catalog access Restricted - Possibly; NAID 323153974. Query hit(s): Greece. Digital object: 41-bpr-speech-backup-chron-13804-016_323153974.pdf. Catalog: https://catalog.archives.gov/id/323153974.,https://catalog.archives.gov/id/323153974,https://s3.amazonaws.com/NARAprodstorage/lz/presidential-libraries/bush/gb-spe/speechwriting_backup_chron_579003/41-bpr-speech-backup-chron-13804-016_323153974.pdf
,,,136,Restriction/MDR check,Scout 084,NARA Scout,Screen Scout lead,MDR / restriction candidate,Greece,1992-03-25,Greek Independence Day 3/25/92 [OA 7570] [2],Greece,46,323153975,Speech Backup Chronological Files,"Source: George H.W. Bush Library, Bush Presidential Records, White House Office of Speechwriting, Speech Backup Chronological Files, Greek Independence Day 3/25/92 [OA 7570] [2].",Catalog provenance: Catalog access Restricted - Possibly; NAID 323153975. Query hit(s): Greece. Digital object: 41-bpr-speech-backup-chron-13805-001_323153975.pdf. Catalog: https://catalog.archives.gov/id/323153975.,https://catalog.archives.gov/id/323153975,https://s3.amazonaws.com/NARAprodstorage/lz/presidential-libraries/bush/gb-spe/speechwriting_backup_chron_579003/41-bpr-speech-backup-chron-13805-001_323153975.pdf
,,,136,Restriction/MDR check,Scout 048,NARA Scout,Screen Scout lead,MDR / restriction candidate,Turkey,1990-11-14,[Thanksgiving] Turkey Presentation 11/14/90 [OA 8318],Turkey,46,323153111,Speech Backup Chronological Files,"Source: George H.W. Bush Library, Bush Presidential Records, White House Office of Speechwriting, Speech Backup Chronological Files, [Thanksgiving] Turkey Presentation 11/14/90 [OA 8318].",Catalog provenance: Catalog access Restricted - Possibly; NAID 323153111. Query hit(s): Turkey. Digital object: 41-bpr-speech-backup-chron-13737-003_323153111.pdf. Catalog: https://catalog.archives.gov/id/323153111.,https://catalog.archives.gov/id/323153111,https://s3.amazonaws.com/NARAprodstorage/lz/presidential-libraries/bush/gb-spe/speechwriting_backup_chron_579003/41-bpr-speech-backup-chron-13737-003_323153111.pdf
,,,136,Restriction/MDR check,Scout 052,NARA Scout,Screen Scout lead,MDR / restriction candidate,Turkey,1991-07-10,Turkey 7/10/91 [OA 8326] [1],Turkey,46,323153429,Speech Backup Chronological Files,"Source: George H.W. Bush Library, Bush Presidential Records, White House Office of Speechwriting, Speech Backup Chronological Files, Turkey 7/10/91 [OA 8326] [1].",Catalog provenance: Catalog access Restricted - Possibly; NAID 323153429. Query hit(s): Turkey. Digital object: 41-bpr-speech-backup-chron-13763-006_323153429.pdf. Catalog: https://catalog.archives.gov/id/323153429.,https://catalog.archives.gov/id/323153429,https://s3.amazonaws.com/NARAprodstorage/lz/presidential-libraries/bush/gb-spe/speechwriting_backup_chron_579003/41-bpr-speech-backup-chron-13763-006_323153429.pdf
,,,136,Restriction/MDR check,Scout 053,NARA Scout,Screen Scout lead,MDR / restriction candidate,Turkey,1991-07-10,Turkey 7/10/91 [OA 8326] [3],Turkey,46,323153431,Speech Backup Chronological Files,"Source: George H.W. Bush Library, Bush Presidential Records, White House Office of Speechwriting, Speech Backup Chronological Files, Turkey 7/10/91 [OA 8326] [3].",Catalog provenance: Catalog access Restricted - Possibly; NAID 323153431. Query hit(s): Turkey. Digital object: 41-bpr-speech-backup-chron-13763-008_323153431.pdf. Catalog: https://catalog.archives.gov/id/323153431.,https://catalog.archives.gov/id/323153431,https://s3.amazonaws.com/NARAprodstorage/lz/presidential-libraries/bush/gb-spe/speechwriting_backup_chron_579003/41-bpr-speech-backup-chron-13763-008_323153431.pdf
,,,136,Restriction/MDR check,Scout 054,NARA Scout,Screen Scout lead,MDR / restriction candidate,Turkey,1991-07-10,Turkey 7/10/91 [OA 8326] [4],Turkey,46,323153432,Speech Backup Chronological Files,"Source: George H.W. Bush Library, Bush Presidential Records, White House Office of Speechwriting, Speech Backup Chronological Files, Turkey 7/10/91 [OA 8326] [4].",Catalog provenance: Catalog access Restricted - Possibly; NAID 323153432. Query hit(s): Turkey. Digital object: 41-bpr-speech-backup-chron-13763-009_323153432.pdf. Catalog: https://catalog.archives.gov/id/323153432.,https://catalog.archives.gov/id/323153432,https://s3.amazonaws.com/NARAprodstorage/lz/presidential-libraries/bush/gb-spe/speechwriting_backup_chron_579003/41-bpr-speech-backup-chron-13763-009_323153432.pdf
,,,136,Restriction/MDR check,Scout 068,NARA Scout,Screen Scout lead,MDR / restriction candidate,Turkey,1991-07-19,Turkey 7/19/91 [OA 8325] [1],Turkey,46,323153441,Speech Backup Chronological Files,"Source: George H.W. Bush Library, Bush Presidential Records, White House Office of Speechwriting, Speech Backup Chronological Files, Turkey 7/19/91 [OA 8325] [1].",Catalog provenance: Catalog access Restricted - Possibly; NAID 323153441. Query hit(s): Turkey. Digital object: 41-bpr-speech-backup-chron-13764-007_323153441.pdf. Catalog: https://catalog.archives.gov/id/323153441.,https://catalog.archives.gov/id/323153441,https://s3.amazonaws.com/NARAprodstorage/lz/presidential-libraries/bush/gb-spe/speechwriting_backup_chron_579003/41-bpr-speech-backup-chron-13764-007_323153441.pdf
,,,136,Restriction/MDR check,Scout 070,NARA Scout,Screen Scout lead,MDR / restriction candidate,Turkey,1991-07-20,Embassy Greeting - Turkey 7/20/91 [OA 6035],Turkey,46,323151548,Speech Draft Files,"Source: George H.W. Bush Library, Bush Presidential Records, White House Office of Speechwriting, Speech Draft Files, Embassy Greeting - Turkey 7/20/91 [OA 6035].",Catalog provenance: Catalog access Restricted - Possibly; NAID 323151548. Query hit(s): Turkey. Digital object: 41-bpr-speech-draft-chron-13576-003_323151548.pdf. Catalog: https://catalog.archives.gov/id/323151548.,https://catalog.archives.gov/id/323151548,https://s3.amazonaws.com/NARAprodstorage/lz/presidential-libraries/bush/gb-spe/speechwriting_draft_chron_578973/41-bpr-speech-draft-chron-13576-003_323151548.pdf
,,,136,Restriction/MDR check,Scout 071,NARA Scout,Screen Scout lead,MDR / restriction candidate,Turkey,1991-07-20,"Embassy Greeting, Ankara 7/20/91 [OA 8325]",Turkey,46,323153445,Speech Backup Chronological Files,"Source: George H.W. Bush Library, Bush Presidential Records, White House Office of Speechwriting, Speech Backup Chronological Files, Embassy Greeting, Ankara 7/20/91 [OA 8325].",Catalog provenance: Catalog access Restricted - Possibly; NAID 323153445. Query hit(s): Turkey. Digital object: 41-bpr-speech-backup-chron-13764-011_323153445.pdf. Catalog: https://catalog.archives.gov/id/323153445.,https://catalog.archives.gov/id/323153445,https://s3.amazonaws.com/NARAprodstorage/lz/presidential-libraries/bush/gb-spe/speechwriting_backup_chron_579003/41-bpr-speech-backup-chron-13764-011_323153445.pdf
,,,136,Restriction/MDR check,Scout 074,NARA Scout,Screen Scout lead,MDR / restriction candidate,Turkey,1991-07-20,State Dinner - Turkey 7/20/91 [OA 6035],Turkey,46,323151549,Speech Draft Files,"Source: George H.W. Bush Library, Bush Presidential Records, White House Office of Speechwriting, Speech Draft Files, State Dinner - Turkey 7/20/91 [OA 6035].",Catalog provenance: Catalog access Restricted - Possibly; NAID 323151549. Query hit(s): Turkey. Digital object: 41-bpr-speech-draft-chron-13576-004_323151549.pdf. Catalog: https://catalog.archives.gov/id/323151549.,https://catalog.archives.gov/id/323151549,https://s3.amazonaws.com/NARAprodstorage/lz/presidential-libraries/bush/gb-spe/speechwriting_draft_chron_578973/41-bpr-speech-draft-chron-13576-004_323151549.pdf
,,,136,Restriction/MDR check,Scout 075,NARA Scout,Screen Scout lead,MDR / restriction candidate,Turkey,1991-07-20,"State Dinner Toast, Ankara 7/20/91 [OA 8325]",Turkey,46,323153444,Speech Backup Chronological Files,"Source: George H.W. Bush Library, Bush Presidential Records, White House Office of Speechwriting, Speech Backup Chronological Files, State Dinner Toast, Ankara 7/20/91 [OA 8325].",Catalog provenance: Catalog access Restricted - Possibly; NAID 323153444. Query hit(s): Turkey. Digital object: 41-bpr-speech-backup-chron-13764-010_323153444.pdf. Catalog: https://catalog.archives.gov/id/323153444.,https://catalog.archives.gov/id/323153444,https://s3.amazonaws.com/NARAprodstorage/lz/presidential-libraries/bush/gb-spe/speechwriting_backup_chron_579003/41-bpr-speech-backup-chron-13764-010_323153444.pdf
,,,136,Restriction/MDR check,Scout 076,NARA Scout,Screen Scout lead,MDR / restriction candidate,Turkey,1991-07-20,Turkey Arrival 7/20/91 [OA 6035] [1],Turkey,46,323151546,Speech Draft Files,"Source: George H.W. Bush Library, Bush Presidential Records, White House Office of Speechwriting, Speech Draft Files, Turkey Arrival 7/20/91 [OA 6035] [1].",Catalog provenance: Catalog access Restricted - Possibly; NAID 323151546. Query hit(s): Turkey. Digital object: 41-bpr-speech-draft-chron-13576-001_323151546.pdf. Catalog: https://catalog.archives.gov/id/323151546.,https://catalog.archives.gov/id/323151546,https://s3.amazonaws.com/NARAprodstorage/lz/presidential-libraries/bush/gb-spe/speechwriting_draft_chron_578973/41-bpr-speech-draft-chron-13576-001_323151546.pdf
,,,136,Restriction/MDR check,Scout 077,NARA Scout,Screen Scout lead,MDR / restriction candidate,Turkey,1991-07-20,Turkey Arrival 7/20/91 [OA 6035] [2],Turkey,46,323151547,Speech Draft Files,"Source: George H.W. Bush Library, Bush Presidential Records, White House Office of Speechwriting, Speech Draft Files, Turkey Arrival 7/20/91 [OA 6035] [2].",Catalog provenance: Catalog access Restricted - Possibly; NAID 323151547. Query hit(s): Turkey. Digital object: 41-bpr-speech-draft-chron-13576-002_323151547.pdf. Catalog: https://catalog.archives.gov/id/323151547.,https://catalog.archives.gov/id/323151547,https://s3.amazonaws.com/NARAprodstorage/lz/presidential-libraries/bush/gb-spe/speechwriting_draft_chron_578973/41-bpr-speech-draft-chron-13576-002_323151547.pdf
,,,136,Restriction/MDR check,Scout 079,NARA Scout,Screen Scout lead,MDR / restriction candidate,Turkey,1991-07-21,Dolmabahce Palace - Turkey 7/21/91 [OA 8325] [1],Turkey,46,323153448,Speech Backup Chronological Files,"Source: George H.W. Bush Library, Bush Presidential Records, White House Office of Speechwriting, Speech Backup Chronological Files, Dolmabahce Palace - Turkey 7/21/91 [OA 8325] [1].",Catalog provenance: Catalog access Restricted - Possibly; NAID 323153448. Query hit(s): Turkey. Digital object: 41-bpr-speech-backup-chron-13765-002_323153448.pdf. Catalog: https://catalog.archives.gov/id/323153448.,https://catalog.archives.gov/id/323153448,https://s3.amazonaws.com/NARAprodstorage/lz/presidential-libraries/bush/gb-spe/speechwriting_backup_chron_579003/41-bpr-speech-backup-chron-13765-002_323153448.pdf
,,,136,Restriction/MDR check,Scout 080,NARA Scout,Screen Scout lead,MDR / restriction candidate,Turkey,1991-07-21,Dolmabahce Palace - Turkey 7/21/91 [OA 8325] [2],Turkey,46,323153449,Speech Backup Chronological Files,"Source: George H.W. Bush Library, Bush Presidential Records, White House Office of Speechwriting, Speech Backup Chronological Files, Dolmabahce Palace - Turkey 7/21/91 [OA 8325] [2].",Catalog provenance: Catalog access Restricted - Possibly; NAID 323153449. Query hit(s): Turkey. Digital object: 41-bpr-speech-backup-chron-13765-003_323153449.pdf. Catalog: https://catalog.archives.gov/id/323153449.,https://catalog.archives.gov/id/323153449,https://s3.amazonaws.com/NARAprodstorage/lz/presidential-libraries/bush/gb-spe/speechwriting_backup_chron_579003/41-bpr-speech-backup-chron-13765-003_323153449.pdf
,,,136,Restriction/MDR check,Scout 081,NARA Scout,Screen Scout lead,MDR / restriction candidate,Turkey,1991-11-20,Turkey Presentation 11/20/91 [OA 8312],Turkey,46,323153674,Speech Backup Chronological Files,"Source: George H.W. Bush Library, Bush Presidential Records, White House Office of Speechwriting, Speech Backup Chronological Files, Turkey Presentation 11/20/91 [OA 8312].",Catalog provenance: Catalog access Restricted - Possibly; NAID 323153674. Query hit(s): Turkey. Digital object: 41-bpr-speech-backup-chron-13782-003_323153674.pdf. Catalog: https://catalog.archives.gov/id/323153674.,https://catalog.archives.gov/id/323153674,https://s3.amazonaws.com/NARAprodstorage/lz/presidential-libraries/bush/gb-spe/speechwriting_backup_chron_579003/41-bpr-speech-backup-chron-13782-003_323153674.pdf
,,,136,Restriction/MDR check,Scout 085,NARA Scout,Screen Scout lead,MDR / restriction candidate,Turkey,1992-11-24,Turkey Presentation 11/24/92 [OA 8485],Turkey,46,323152291,Speech Draft Files,"Source: George H.W. Bush Library, Bush Presidential Records, White House Office of Speechwriting, Speech Draft Files, Turkey Presentation 11/24/92 [OA 8485].",Catalog provenance: Catalog access Restricted - Possibly; NAID 323152291. Query hit(s): Turkey. Digital object: 41-bpr-speech-draft-chron-13648-022_323152291.pdf. Catalog: https://catalog.archives.gov/id/323152291.,https://catalog.archives.gov/id/323152291,https://s3.amazonaws.com/NARAprodstorage/lz/presidential-libraries/bush/gb-spe/speechwriting_draft_chron_578973/41-bpr-speech-draft-chron-13648-022_323152291.pdf
,,,135,Restriction/MDR check,Scout 086,NARA Scout,Screen Scout lead,MDR / restriction candidate,Turkey,1991-02-22,2/22/91 VP Meetings - Meeting with American Friends of Turkey Annual Conference,Turkey,45,518603164,Meetings Files,"Source: George H.W. Bush Library, Records of the National Security Affairs Office in the Office of the Vice President (George H. W. Bush Administration), Meetings Files, 2/22/91 VP Meetings - Meeting with American Friends of Turkey Annual Conference.",Catalog provenance: Catalog access Restricted - Possibly; NAID 518603164. Query hit(s): Turkey. Catalog: https://catalog.archives.gov/id/518603164.,https://catalog.archives.gov/id/518603164,
,,,133,Restriction/MDR check,Scout 090,NARA Scout,Screen Scout lead,MDR / restriction candidate,Greece,1990-06-06,"6/6/90 Tea, Mrs. Mitsotakis of Greece, Wife of the Prime Minister",Greece,43,492080059,Cathy Fenton Subject Files,"Source: George H.W. Bush Library, Records of the White House Social Office (George H. W. Bush Administration), Cathy Fenton Subject Files, 6/6/90 Tea, Mrs. Mitsotakis of Greece, Wife of the Prime Minister.",Catalog provenance: Catalog access Restricted - Possibly; NAID 492080059. Query hit(s): Greece. Catalog: https://catalog.archives.gov/id/492080059.,https://catalog.archives.gov/id/492080059,
,,,133,Restriction/MDR check,Scout 091,NARA Scout,Screen Scout lead,MDR / restriction candidate,Turkey,1990-09-25,"9/25/90 Tea, Mrs. Ozal of Turkey",Turkey,43,492080072,Cathy Fenton Subject Files,"Source: George H.W. Bush Library, Records of the White House Social Office (George H. W. Bush Administration), Cathy Fenton Subject Files, 9/25/90 Tea, Mrs. Ozal of Turkey.",Catalog provenance: Catalog access Restricted - Possibly; NAID 492080072. Query hit(s): Turkey. Catalog: https://catalog.archives.gov/id/492080072.,https://catalog.archives.gov/id/492080072,
,,,133,Restriction/MDR check,Scout 092,NARA Scout,Screen Scout lead,MDR / restriction candidate,Turkey,1990-09-25,"Tea with Mrs. Ozal (Turkey) - 9/25/90, Residence",Turkey,43,486208695,Ann Brock Subject Files,"Source: George H.W. Bush Library, Records of the First Lady's Office of Scheduling (George H. W. Bush Administration), Ann Brock Subject Files, Tea with Mrs. Ozal (Turkey) - 9/25/90, Residence.",Catalog provenance: Catalog access Restricted - Possibly; NAID 486208695. Query hit(s): Turkey. Catalog: https://catalog.archives.gov/id/486208695.,https://catalog.archives.gov/id/486208695,
,,,133,Restriction/MDR check,Scout 093,NARA Scout,Screen Scout lead,MDR / restriction candidate,Turkey,1990-09-25,"Tuesday, 9/25/90 Tea with Mrs. Ozal, Wife of the President of Turkey 4:30 PM",Turkey,43,492079874,Laurie Firestone Subject Files,"Source: George H.W. Bush Library, Records of the White House Social Office (George H. W. Bush Administration), Laurie Firestone Subject Files, Tuesday, 9/25/90 Tea with Mrs. Ozal, Wife of the President of Turkey 4:30 PM.",Catalog provenance: Catalog access Restricted - Possibly; NAID 492079874. Query hit(s): Turkey. Catalog: https://catalog.archives.gov/id/492079874.,https://catalog.archives.gov/id/492079874,
,,,133,Restriction/MDR check,Scout 094,NARA Scout,Screen Scout lead,MDR / restriction candidate,Turkey,1992-04-28,4/28/92 3:00 PM Tea with Mrs. Ozal (Turkey) (Private Residence),Turkey,43,492080372,Laurie Firestone Subject Files,"Source: George H.W. Bush Library, Records of the White House Social Office (George H. W. Bush Administration), Laurie Firestone Subject Files, 4/28/92 3:00 PM Tea with Mrs. Ozal (Turkey) (Private Residence).",Catalog provenance: Catalog access Restricted - Possibly; NAID 492080372. Query hit(s): Turkey. Catalog: https://catalog.archives.gov/id/492080372.,https://catalog.archives.gov/id/492080372,
,,,133,Restriction/MDR check,Scout 095,NARA Scout,Screen Scout lead,MDR / restriction candidate,Turkey,1992-04-28,"4/28/92 Tea, Mrs. Ozal of Turkey (Wife of the President)",Turkey,43,492080191,Cathy Fenton Subject Files,"Source: George H.W. Bush Library, Records of the White House Social Office (George H. W. Bush Administration), Cathy Fenton Subject Files, 4/28/92 Tea, Mrs. Ozal of Turkey (Wife of the President).",Catalog provenance: Catalog access Restricted - Possibly; NAID 492080191. Query hit(s): Turkey. Catalog: https://catalog.archives.gov/id/492080191.,https://catalog.archives.gov/id/492080191,
,,,133,Restriction/MDR check,Scout 096,NARA Scout,Screen Scout lead,MDR / restriction candidate,Turkey,1992-04-28,Tea with Mrs. Turgut Ozal of Turkey - 4/28/92 - Yellow Oval Room,Turkey,43,486208897,Ann Brock Subject Files,"Source: George H.W. Bush Library, Records of the First Lady's Office of Scheduling (George H. W. Bush Administration), Ann Brock Subject Files, Tea with Mrs. Turgut Ozal of Turkey - 4/28/92 - Yellow Oval Room.",Catalog provenance: Catalog access Restricted - Possibly; NAID 486208897. Query hit(s): Turkey. Catalog: https://catalog.archives.gov/id/486208897.,https://catalog.archives.gov/id/486208897,
,,,132,Conversation signal,CC 066,Central Chronological Files,Open or screen packet index,Memcon/telcon search lead,Regional,1990-04-01,April 1990 [4],Mitsotakis + memcon | Mitsotakis + memorandum of conversation | Ozal + memcon | Greek-Turkish + memorandum | Turkey + memorandum of conversation,92,470761689,European and Eurasian Directorate Central Chronological Files,"Source: George H.W. Bush Library, Bush Presidential Records, National Security Council, European and Eurasian Directorate Central Chronological Files, April 1990 [4].","Catalog provenance: Catalog access Restricted - Possibly; NAID 470761689. Query hit(s): Mitsotakis + memcon, Mitsotakis + memorandum of conversation, Ozal + memcon, Greek-Turkish + memorandum, Turkey + memorandum of conversation. OCR status: Not OCR sampled. Digital object: 41-bpr-nsc-euro_eura-cen_chron-30505-005.pdf. Catalog: https://catalog.archives.gov/id/470761689.",https://catalog.archives.gov/id/470761689,https://s3.dualstack.us-east-1.amazonaws.com/NARAprodstorage/lz/presidential-libraries/bush/gb-nsc/euro_eura_dir_374000108/41-bpr-nsc-euro_eura-cen_chron-30505-005.pdf
,,,132,Conversation signal,CC 067,Central Chronological Files,Open or screen packet index,Memcon/telcon search lead,Regional,1990-08-01,August 1990 [4],Mitsotakis + telcon | Mitsotakis + memorandum of conversation | Ozal + telcon | Greek-Turkish + memorandum | Turkey + memorandum of conversation,92,470761710,European and Eurasian Directorate Central Chronological Files,"Source: George H.W. Bush Library, Bush Presidential Records, National Security Council, European and Eurasian Directorate Central Chronological Files, August 1990 [4].","Catalog provenance: Catalog access Restricted - Possibly; NAID 470761710. Query hit(s): Mitsotakis + telcon, Mitsotakis + memorandum of conversation, Ozal + telcon, Greek-Turkish + memorandum, Turkey + memorandum of conversation. OCR status: Not OCR sampled. Digital object: 41-bpr-nsc-euro_eura-cen_chron-30509-001.pdf. Catalog: https://catalog.archives.gov/id/470761710.",https://catalog.archives.gov/id/470761710,https://s3.dualstack.us-east-1.amazonaws.com/NARAprodstorage/lz/presidential-libraries/bush/gb-nsc/euro_eura_dir_374000108/41-bpr-nsc-euro_eura-cen_chron-30509-001.pdf
,,,132,Conversation signal,CC 068,Central Chronological Files,Open or screen packet index,Memcon/telcon search lead,Regional,1991-01-01,January 1991 [1],Mitsotakis + telcon | Mitsotakis + memorandum of conversation | Ozal + telcon | Greek-Turkish + memorandum | Turkey + memorandum of conversation,92,470761735,European and Eurasian Directorate Central Chronological Files,"Source: George H.W. Bush Library, Bush Presidential Records, National Security Council, European and Eurasian Directorate Central Chronological Files, January 1991 [1].","Catalog provenance: Catalog access Restricted - Possibly; NAID 470761735. Query hit(s): Mitsotakis + telcon, Mitsotakis + memorandum of conversation, Ozal + telcon, Greek-Turkish + memorandum, Turkey + memorandum of conversation. OCR status: Not OCR sampled. Digital object: 41-bpr-nsc-euro_eura-cen_chron-30513-001.pdf. Catalog: https://catalog.archives.gov/id/470761735.",https://catalog.archives.gov/id/470761735,https://s3.dualstack.us-east-1.amazonaws.com/NARAprodstorage/lz/presidential-libraries/bush/gb-nsc/euro_eura_dir_374000108/41-bpr-nsc-euro_eura-cen_chron-30513-001.pdf
,,,132,Conversation signal,CC 069,Central Chronological Files,Open or screen packet index,Memcon/telcon search lead,Regional,1991-07-01,July 1991 [4],Mitsotakis + memcon | Mitsotakis + memorandum of conversation | Ozal + memcon | Greek-Turkish + memorandum | Turkey + memorandum of conversation,92,470761768,European and Eurasian Directorate Central Chronological Files,"Source: George H.W. Bush Library, Bush Presidential Records, National Security Council, European and Eurasian Directorate Central Chronological Files, July 1991 [4].","Catalog provenance: Catalog access Restricted - Possibly; NAID 470761768. Query hit(s): Mitsotakis + memcon, Mitsotakis + memorandum of conversation, Ozal + memcon, Greek-Turkish + memorandum, Turkey + memorandum of conversation. OCR status: Not OCR sampled. Digital object: 41-bpr-nsc-euro_eura-cen_chron-30518-004.pdf. Catalog: https://catalog.archives.gov/id/470761768.",https://catalog.archives.gov/id/470761768,https://s3.dualstack.us-east-1.amazonaws.com/NARAprodstorage/lz/presidential-libraries/bush/gb-nsc/euro_eura_dir_374000108/41-bpr-nsc-euro_eura-cen_chron-30518-004.pdf
,,,132,Signal review,Scout 002,NARA Scout,Screen Scout lead,Schedule corroboration,Turkey,1991-02-05,"President's Daily Diary Entry, February 5, 1991",Ozal | Turkey,132,186342,Presidential Daily Diary and Presidential Daily Backup Materials,"Source: George H.W. Bush Library, Bush Presidential Records, White House Office of Appointments and Scheduling Files, Presidential Daily Diary and Presidential Daily Backup Materials, President's Daily Diary Entry, February 5, 1991.","Catalog provenance: Catalog access Unrestricted; NAID 186342. Match basis: Daily Diary item-level description. Query hit(s): Ozal, Turkey. Digital object: 40-2053a.gif. Catalog: https://catalog.archives.gov/id/186342.",https://catalog.archives.gov/id/186342,https://s3.amazonaws.com/NARAprodstorage/opastorage/live/42/1863/186342/content/arcmedia/media/images/40/21/40-2053a.gif
,,,131,Conversation signal,CC 070,Central Chronological Files,Open or screen packet index,Memcon/telcon search lead,Cyprus,1990-01-01,January 1990 [3],Vassiliou + memcon | Cyprus / Denktash / Vassiliou | Denktash + memorandum | Greek-Turkish + memorandum | Cyprus + memorandum of conversation,91,470761676,European and Eurasian Directorate Central Chronological Files,"Source: George H.W. Bush Library, Bush Presidential Records, National Security Council, European and Eurasian Directorate Central Chronological Files, January 1990 [3].","Catalog provenance: Catalog access Restricted - Possibly; NAID 470761676. Query hit(s): Vassiliou + memcon, Cyprus / Denktash / Vassiliou, Denktash + memorandum, Greek-Turkish + memorandum, Cyprus + memorandum of conversation. OCR status: Not OCR sampled. Digital object: 41-bpr-nsc-euro_eura-cen_chron-30503-006.pdf. Catalog: https://catalog.archives.gov/id/470761676.",https://catalog.archives.gov/id/470761676,https://s3.dualstack.us-east-1.amazonaws.com/NARAprodstorage/lz/presidential-libraries/bush/gb-nsc/euro_eura_dir_374000108/41-bpr-nsc-euro_eura-cen_chron-30503-006.pdf
,,,131,Conversation signal,CC 071,Central Chronological Files,Open or screen packet index,Memcon/telcon search lead,Regional,1991-06-01,June 1991 [2],Mitsotakis + telcon | Mitsotakis + memorandum of conversation | Ozal + telcon | Greek-Turkish + memorandum | Turkey + memorandum of conversation,91,470761762,European and Eurasian Directorate Central Chronological Files,"Source: George H.W. Bush Library, Bush Presidential Records, National Security Council, European and Eurasian Directorate Central Chronological Files, June 1991 [2].","Catalog provenance: Catalog access Restricted - Possibly; NAID 470761762. Query hit(s): Mitsotakis + telcon, Mitsotakis + memorandum of conversation, Ozal + telcon, Greek-Turkish + memorandum, Turkey + memorandum of conversation. OCR status: Not OCR sampled. Digital object: 41-bpr-nsc-euro_eura-cen_chron-30517-004.pdf. Catalog: https://catalog.archives.gov/id/470761762.",https://catalog.archives.gov/id/470761762,https://s3.dualstack.us-east-1.amazonaws.com/NARAprodstorage/lz/presidential-libraries/bush/gb-nsc/euro_eura_dir_374000108/41-bpr-nsc-euro_eura-cen_chron-30517-004.pdf
,,,130,Conversation signal,CC 043,Central Chronological Files,Open or screen packet index,Memcon/telcon search lead,Turkey,1992-10-01,October 1992 [1],Ozal + memcon | Ozal + telcon | Greek-Turkish + memorandum | Greece / Turkey / Cyprus + memcon | Greece / Turkey / Cyprus + telcon | Cyprus + memorandum of conversation | Turkey + memorandum of conversation,130,470761829,European and Eurasian Directorate Central Chronological Files,"Source: George H.W. Bush Library, Bush Presidential Records, National Security Council, European and Eurasian Directorate Central Chronological Files, October 1992 [1].","Catalog provenance: Catalog access Restricted - Possibly; NAID 470761829. Query hit(s): Ozal + memcon, Ozal + telcon, Greek-Turkish + memorandum, Greece / Turkey / Cyprus + memcon, Greece / Turkey / Cyprus + telcon, Cyprus + memorandum of conversation, Turkey + memorandum of conversation. OCR status: Not OCR sampled. Digital object: 41-bpr-nsc-euro_eura-cen_chron-30529-005.pdf. Catalog: https://catalog.archives.gov/id/470761829.",https://catalog.archives.gov/id/470761829,https://s3.dualstack.us-east-1.amazonaws.com/NARAprodstorage/lz/presidential-libraries/bush/gb-nsc/euro_eura_dir_374000108/41-bpr-nsc-euro_eura-cen_chron-30529-005.pdf
,,,129,Conversation signal,CC 072,Central Chronological Files,Open or screen packet index,Memcon/telcon search lead,Regional,1990-01-01,January 1990 [4],Greek-Turkish + memorandum | Greece / Turkey / Cyprus + memcon | Greece / Turkey / Cyprus + telcon | Cyprus + memorandum of conversation | Turkey + memorandum of conversation,89,470761677,European and Eurasian Directorate Central Chronological Files,"Source: George H.W. Bush Library, Bush Presidential Records, National Security Council, European and Eurasian Directorate Central Chronological Files, January 1990 [4].","Catalog provenance: Catalog access Restricted - Possibly; NAID 470761677. Query hit(s): Greek-Turkish + memorandum, Greece / Turkey / Cyprus + memcon, Greece / Turkey / Cyprus + telcon, Cyprus + memorandum of conversation, Turkey + memorandum of conversation. OCR status: Not OCR sampled. Digital object: 41-bpr-nsc-euro_eura-cen_chron-30503-007.pdf. Catalog: https://catalog.archives.gov/id/470761677.",https://catalog.archives.gov/id/470761677,https://s3.dualstack.us-east-1.amazonaws.com/NARAprodstorage/lz/presidential-libraries/bush/gb-nsc/euro_eura_dir_374000108/41-bpr-nsc-euro_eura-cen_chron-30503-007.pdf
,,,126,Signal review,Scout 003,NARA Scout,Screen Scout lead,Schedule corroboration,Turkey,1991-01-21,"President's Daily Diary Entry, January 21, 1991",Turkey,126,186327,Presidential Daily Diary and Presidential Daily Backup Materials,"Source: George H.W. Bush Library, Bush Presidential Records, White House Office of Appointments and Scheduling Files, Presidential Daily Diary and Presidential Daily Backup Materials, President's Daily Diary Entry, January 21, 1991.",Catalog provenance: Catalog access Unrestricted; NAID 186327. Match basis: Daily Diary item-level description. Query hit(s): Turkey. Digital object: 40-1899a.gif. Catalog: https://catalog.archives.gov/id/186327.,https://catalog.archives.gov/id/186327,https://s3.amazonaws.com/NARAprodstorage/opastorage/live/27/1863/186327/content/arcmedia/media/images/40/19/40-1899a.gif
,,,126,Signal review,Scout 004,NARA Scout,Screen Scout lead,Schedule corroboration,Turkey,1991-02-22,"President's Daily Diary Entry, February 22, 1991",Turkey,126,186359,Presidential Daily Diary and Presidential Daily Backup Materials,"Source: George H.W. Bush Library, Bush Presidential Records, White House Office of Appointments and Scheduling Files, Presidential Daily Diary and Presidential Daily Backup Materials, President's Daily Diary Entry, February 22, 1991.",Catalog provenance: Catalog access Unrestricted; NAID 186359. Match basis: Daily Diary item-level description. Query hit(s): Turkey. Digital object: 40-2225a.gif. Catalog: https://catalog.archives.gov/id/186359.,https://catalog.archives.gov/id/186359,https://s3.amazonaws.com/NARAprodstorage/opastorage/live/59/1863/186359/content/arcmedia/media/images/40/23/40-2225a.gif
,,,125,Conversation signal,CC 073,Central Chronological Files,Open or screen packet index,Memcon/telcon search lead,Cyprus,1989-10-01,October 1989 [2],Cyprus / Denktash / Vassiliou | Denktash + memorandum | Greek-Turkish + memorandum | Cyprus + memorandum of conversation | Turkey + memorandum of conversation,85,470761662,European and Eurasian Directorate Central Chronological Files,"Source: George H.W. Bush Library, Bush Presidential Records, National Security Council, European and Eurasian Directorate Central Chronological Files, October 1989 [2].","Catalog provenance: Catalog access Restricted - Possibly; NAID 470761662. Query hit(s): Cyprus / Denktash / Vassiliou, Denktash + memorandum, Greek-Turkish + memorandum, Cyprus + memorandum of conversation, Turkey + memorandum of conversation. OCR status: First four pages OCR reviewed. PDF extent: 103 pages. Digital object: 41-bpr-nsc-euro_eura-cen_chron-30501-003.pdf. Catalog: https://catalog.archives.gov/id/470761662.",https://catalog.archives.gov/id/470761662,https://s3.dualstack.us-east-1.amazonaws.com/NARAprodstorage/lz/presidential-libraries/bush/gb-nsc/euro_eura_dir_374000108/41-bpr-nsc-euro_eura-cen_chron-30501-003.pdf
,,,125,Conversation signal,CC 052,Central Chronological Files,Open or screen packet index,Memcon/telcon search lead,Turkey,1992-12-01,December 1992 [3],Ozal + memcon | Ozal + telcon | Greek-Turkish + memorandum | Greece / Turkey / Cyprus + memcon | Greece / Turkey / Cyprus + telcon | Cyprus + memorandum of conversation | Turkey + memorandum of conversation,125,470761837,European and Eurasian Directorate Central Chronological Files,"Source: George H.W. Bush Library, Bush Presidential Records, National Security Council, European and Eurasian Directorate Central Chronological Files, December 1992 [3].","Catalog provenance: Catalog access Restricted - Possibly; NAID 470761837. Query hit(s): Ozal + memcon, Ozal + telcon, Greek-Turkish + memorandum, Greece / Turkey / Cyprus + memcon, Greece / Turkey / Cyprus + telcon, Cyprus + memorandum of conversation, Turkey + memorandum of conversation. OCR status: Not OCR sampled. Digital object: 41-bpr-nsc-euro_eura-cen_chron-30531-003.pdf. Catalog: https://catalog.archives.gov/id/470761837.",https://catalog.archives.gov/id/470761837,https://s3.dualstack.us-east-1.amazonaws.com/NARAprodstorage/lz/presidential-libraries/bush/gb-nsc/euro_eura_dir_374000108/41-bpr-nsc-euro_eura-cen_chron-30531-003.pdf
,,,124,Restriction/MDR check,Scout 097,NARA Scout,Screen Scout lead,MDR / restriction candidate,Turkey,1991-02-22,2/22/91 - VP Remarks to American Friends of Turkey,Turkey,34,518602383,Joanne Hilty Speech Files,"Source: George H.W. Bush Library, Records of the National Security Affairs Office in the Office of the Vice President (George H. W. Bush Administration), Joanne Hilty Speech Files, 2/22/91 - VP Remarks to American Friends of Turkey.",Catalog provenance: Catalog access Restricted - Possibly; NAID 518602383. Query hit(s): Turkey. Catalog: https://catalog.archives.gov/id/518602383.,https://catalog.archives.gov/id/518602383,
,,,117,Restriction/MDR check,Scout 109,NARA Scout,Screen Scout lead,MDR / restriction candidate,Greece,1989-01-01,[Press Releases]: Greece [OA/ID 12715],Greece,27,559710194,Press Release Files,"Source: George H.W. Bush Library, Bush Presidential Records, White House Office of Management and Administration, Press Release Files, [Press Releases]: Greece [OA/ID 12715].",Catalog provenance: Catalog access Restricted - Possibly; NAID 559710194. Query hit(s): Greece. Catalog: https://catalog.archives.gov/id/559710194.,https://catalog.archives.gov/id/559710194,
,,,117,Restriction/MDR check,Scout 114,NARA Scout,Screen Scout lead,MDR / restriction candidate,Greece,1989-01-01,Greece,Greece,27,471796212,Marlin Fitzwater Alphabetical Subject Files,"Source: George H.W. Bush Library, Bush Presidential Records, White House Office of Press Secretary, Marlin Fitzwater Alphabetical Subject Files, Greece.",Catalog provenance: Catalog access Restricted - Possibly; NAID 471796212. Query hit(s): Greece. Catalog: https://catalog.archives.gov/id/471796212.,https://catalog.archives.gov/id/471796212,
,,,117,Restriction/MDR check,Scout 115,NARA Scout,Screen Scout lead,MDR / restriction candidate,Greece,1989-01-01,Greece,Greece,27,518603665,Country Files,"Source: George H.W. Bush Library, Records of the National Security Affairs Office in the Office of the Vice President (George H. W. Bush Administration), Country Files, Greece.",Catalog provenance: Catalog access Restricted - Possibly; NAID 518603665. Query hit(s): Greece. Catalog: https://catalog.archives.gov/id/518603665.,https://catalog.archives.gov/id/518603665,
,,,117,Restriction/MDR check,Scout 118,NARA Scout,Screen Scout lead,MDR / restriction candidate,Greece,1991-07-19,1991-07-19 - [Enrolled Bill H.R. 5412 - Transfer of Certain Naval Vessels to Greece and Taiwan],Greece,27,492076316,Bill Files,"Source: George H.W. Bush Library, Records of the White House Executive Clerk (George H. W. Bush Administration), Bill Files, 1991-07-19 - [Enrolled Bill H.R. 5412 - Transfer of Certain Naval Vessels to Greece and Taiwan].",Catalog provenance: Catalog access Restricted - Possibly; NAID 492076316. Query hit(s): Greece. Catalog: https://catalog.archives.gov/id/492076316.,https://catalog.archives.gov/id/492076316,
,,,117,Restriction/MDR check,Scout 110,NARA Scout,Screen Scout lead,MDR / restriction candidate,Turkey,1989-01-01,[Press Releases]: Turkey [OA/ID 12718],Turkey,27,559710234,Press Release Files,"Source: George H.W. Bush Library, Bush Presidential Records, White House Office of Management and Administration, Press Release Files, [Press Releases]: Turkey [OA/ID 12718].",Catalog provenance: Catalog access Restricted - Possibly; NAID 559710234. Query hit(s): Turkey. Catalog: https://catalog.archives.gov/id/559710234.,https://catalog.archives.gov/id/559710234,
,,,117,Restriction/MDR check,Scout 111,NARA Scout,Screen Scout lead,MDR / restriction candidate,Turkey,1989-01-01,"Cards-Menus, Luncheon, Honoring His Excellency The President of the Republic of Turkey, The White House, January 18, 1990",Turkey,27,360020364,Calligraphy Office Files,"Source: George H.W. Bush Library, Records of the First Lady's Office of Calligraphy (George H. W. Bush Administration), Calligraphy Office Files, Cards-Menus, Luncheon, Honoring His Excellency The President of the Republic of Turkey, The White House, January 18, 1990.",Catalog provenance: Catalog access Restricted - Partly; NAID 360020364. Query hit(s): Turkey. Catalog: https://catalog.archives.gov/id/360020364.,https://catalog.archives.gov/id/360020364,
,,,117,Restriction/MDR check,Scout 112,NARA Scout,Screen Scout lead,MDR / restriction candidate,Turkey,1989-01-01,"Cards-Menus, Luncheon, Honoring His Excellency The President of the Republic of Turkey, The White House, September 25, 1990",Turkey,27,360020366,Calligraphy Office Files,"Source: George H.W. Bush Library, Records of the First Lady's Office of Calligraphy (George H. W. Bush Administration), Calligraphy Office Files, Cards-Menus, Luncheon, Honoring His Excellency The President of the Republic of Turkey, The White House, September 25, 1990.",Catalog provenance: Catalog access Restricted - Partly; NAID 360020366. Query hit(s): Turkey. Catalog: https://catalog.archives.gov/id/360020366.,https://catalog.archives.gov/id/360020366,
,,,117,Restriction/MDR check,Scout 113,NARA Scout,Screen Scout lead,MDR / restriction candidate,Turkey,1989-01-01,"Cards-Menus, Luncheon, Honoring His Excellency The Prime Minister of the Republic of Turkey, The White House, February 11, 1992",Turkey,27,360020376,Calligraphy Office Files,"Source: George H.W. Bush Library, Records of the First Lady's Office of Calligraphy (George H. W. Bush Administration), Calligraphy Office Files, Cards-Menus, Luncheon, Honoring His Excellency The Prime Minister of the Republic of Turkey, The White House, February 11, 1992.",Catalog provenance: Catalog access Restricted - Partly; NAID 360020376. Query hit(s): Turkey. Catalog: https://catalog.archives.gov/id/360020376.,https://catalog.archives.gov/id/360020376,
,,,117,Restriction/MDR check,Scout 116,NARA Scout,Screen Scout lead,MDR / restriction candidate,Turkey,1989-01-01,Turkey,Turkey,27,492061873,Trade Policy Review Group (TPRG) Staff Files,"Source: George H.W. Bush Library, Records of the Council of Economic Advisors (George H. W. Bush Administration), Trade Policy Review Group (TPRG) Staff Files, Turkey.",Catalog provenance: Catalog access Restricted - Possibly; NAID 492061873. Query hit(s): Turkey. Catalog: https://catalog.archives.gov/id/492061873.,https://catalog.archives.gov/id/492061873,
,,,117,Restriction/MDR check,Scout 117,NARA Scout,Screen Scout lead,MDR / restriction candidate,Turkey,1989-01-01,Turkey,Turkey,27,518603621,Country Files,"Source: George H.W. Bush Library, Records of the National Security Affairs Office in the Office of the Vice President (George H. W. Bush Administration), Country Files, Turkey.",Catalog provenance: Catalog access Restricted - Possibly; NAID 518603621. Query hit(s): Turkey. Catalog: https://catalog.archives.gov/id/518603621.,https://catalog.archives.gov/id/518603621,
,,,115,Conversation signal,CC 074,Central Chronological Files,Open or screen packet index,Memcon/telcon search lead,Regional,1992-03-01,March 1992 [1],Mitsotakis + memcon | Mitsotakis + memorandum of conversation | Aegean + memcon | Turkey + memorandum of conversation,75,470761798,European and Eurasian Directorate Central Chronological Files,"Source: George H.W. Bush Library, Bush Presidential Records, National Security Council, European and Eurasian Directorate Central Chronological Files, March 1992 [1].","Catalog provenance: Catalog access Restricted - Possibly; NAID 470761798. Query hit(s): Mitsotakis + memcon, Mitsotakis + memorandum of conversation, Aegean + memcon, Turkey + memorandum of conversation. OCR status: First four pages OCR reviewed. PDF extent: 160 pages. Digital object: 41-bpr-nsc-euro_eura-cen_chron-30524-001.pdf. Catalog: https://catalog.archives.gov/id/470761798.",https://catalog.archives.gov/id/470761798,https://s3.dualstack.us-east-1.amazonaws.com/NARAprodstorage/lz/presidential-libraries/bush/gb-nsc/euro_eura_dir_374000108/41-bpr-nsc-euro_eura-cen_chron-30524-001.pdf
,,,113,Conversation signal,BC 017,Blackwill Chronological Files,Open or screen chronological packet,Memcon/telcon search lead,Regional,1989-02-01,January-February 1989 [5],Cyprus | Cypriot | Eastern Mediterranean | memcon | memorandum of conversation | telephone conversation,73,453248057,Robert D. Blackwill Chronological Files,"Source: George H.W. Bush Library, Bush Presidential Records, National Security Council, Robert D. Blackwill Chronological Files, January-February 1989 [5].","Catalog provenance: Catalog access Restricted - Possibly; NAID 453248057. Query hit(s): Cyprus, Cypriot, Eastern Mediterranean, memcon, memorandum of conversation, telephone conversation. OCR status: First four pages OCR reviewed. PDF extent: 142 pages. Digital object: 41-bpr-nsc-blackwill_chron-30540-005.pdf. Catalog: https://catalog.archives.gov/id/453248057.",https://catalog.archives.gov/id/453248057,https://s3.dualstack.us-east-1.amazonaws.com/NARAprodstorage/lz/presidential-libraries/bush/gb-nsc/blackwill/chron_2554659/41-bpr-nsc-blackwill_chron-30540-005.pdf
,,,102,Conversation signal,BC 018,Blackwill Chronological Files,Open or screen chronological packet,Memcon/telcon search lead,Regional,1989-04-01,April 1989 [8],Greece | Turkey | Turkish | memcon | memorandum of conversation | telephone conversation,62,453248072,Robert D. Blackwill Chronological Files,"Source: George H.W. Bush Library, Bush Presidential Records, National Security Council, Robert D. Blackwill Chronological Files, April 1989 [8].","Catalog provenance: Catalog access Restricted - Possibly; NAID 453248072. Query hit(s): Greece, Turkey, Turkish, memcon, memorandum of conversation, telephone conversation. OCR status: Not OCR sampled. Digital object: 41-bpr-nsc-blackwill_chron-30543-002.pdf. Catalog: https://catalog.archives.gov/id/453248072.",https://catalog.archives.gov/id/453248072,https://s3.dualstack.us-east-1.amazonaws.com/NARAprodstorage/lz/presidential-libraries/bush/gb-nsc/blackwill/chron_2554659/41-bpr-nsc-blackwill_chron-30543-002.pdf
,,,100,Conversation signal,BC 019,Blackwill Chronological Files,Open or screen chronological packet,Memcon/telcon search lead,Regional,1989-08-01,August 1989 [3],Greece | Greek | Cyprus | Turkish | memorandum of conversation | telephone conversation,60,453248097,Robert D. Blackwill Chronological Files,"Source: George H.W. Bush Library, Bush Presidential Records, National Security Council, Robert D. Blackwill Chronological Files, August 1989 [3].","Catalog provenance: Catalog access Restricted - Possibly; NAID 453248097. Query hit(s): Greece, Greek, Cyprus, Turkish, memorandum of conversation, telephone conversation. OCR status: Not OCR sampled. Digital object: 41-bpr-nsc-blackwill_chron-30547-001.pdf. Catalog: https://catalog.archives.gov/id/453248097.",https://catalog.archives.gov/id/453248097,https://s3.dualstack.us-east-1.amazonaws.com/NARAprodstorage/lz/presidential-libraries/bush/gb-nsc/blackwill/chron_2554659/41-bpr-nsc-blackwill_chron-30547-001.pdf
,,,93,Conversation signal,BC 021,Blackwill Chronological Files,Open or screen chronological packet,Memcon/telcon search lead,Regional,1989-03-01,March 1989 [2],Greece | Cypriot | memcon | memorandum of conversation | telephone conversation,53,453248059,Robert D. Blackwill Chronological Files,"Source: George H.W. Bush Library, Bush Presidential Records, National Security Council, Robert D. Blackwill Chronological Files, March 1989 [2].","Catalog provenance: Catalog access Restricted - Possibly; NAID 453248059. Query hit(s): Greece, Cypriot, memcon, memorandum of conversation, telephone conversation. OCR status: Not OCR sampled. Digital object: 41-bpr-nsc-blackwill_chron-30541-001.pdf. Catalog: https://catalog.archives.gov/id/453248059.",https://catalog.archives.gov/id/453248059,https://s3.dualstack.us-east-1.amazonaws.com/NARAprodstorage/lz/presidential-libraries/bush/gb-nsc/blackwill/chron_2554659/41-bpr-nsc-blackwill_chron-30541-001.pdf
,,,91,Conversation signal,RS 009-005,Requested source pool: IF Transition,Review requested source-pool lead,Conversation search lead,Greece; Cyprus,1989-01-01 to 1989-01-31,[NSC: Reagan-Bush Transition Background Materials - Volume II - January 1989] [2],Greek | Cyprus | memorandum of conversation | telephone conversation | NSC/DC,51,470760868,National Security Council (NSC) Institutional Files (IF) Transition Files,"Source: George H.W. Bush Library, Bush Presidential Records, National Security Council, National Security Council (NSC) Institutional Files (IF) Transition Files, [NSC: Reagan-Bush Transition Background Materials - Volume II - January 1989] [2].","Catalog provenance: Catalog access Restricted - Possibly; NAID 470760868. Query hit(s): Greek, Cyprus, memorandum of conversation, telephone conversation, NSC/DC. Digital object: 41-bpr-nsc-hfiles-if_trans-99016-005.pdf. Catalog: https://catalog.archives.gov/id/470760868.",https://catalog.archives.gov/id/470760868,https://s3.amazonaws.com/NARAprodstorage/lz/presidential-libraries/bush/gb-nsc/H-Files/IF_Transition_348937136/41-bpr-nsc-hfiles-if_trans-99016-005.pdf
,,,91,Conversation signal,BC 023,Blackwill Chronological Files,Open or screen chronological packet,Memcon/telcon search lead,Regional,1989-04-01,April 1989 [3],Cypriot | Turkey | Turkish | memorandum of conversation | telephone conversation,51,453248067,Robert D. Blackwill Chronological Files,"Source: George H.W. Bush Library, Bush Presidential Records, National Security Council, Robert D. Blackwill Chronological Files, April 1989 [3].","Catalog provenance: Catalog access Restricted - Possibly; NAID 453248067. Query hit(s): Cypriot, Turkey, Turkish, memorandum of conversation, telephone conversation. OCR status: First four pages OCR reviewed. PDF extent: 120 pages. Digital object: 41-bpr-nsc-blackwill_chron-30542-003.pdf. Catalog: https://catalog.archives.gov/id/453248067.",https://catalog.archives.gov/id/453248067,https://s3.dualstack.us-east-1.amazonaws.com/NARAprodstorage/lz/presidential-libraries/bush/gb-nsc/blackwill/chron_2554659/41-bpr-nsc-blackwill_chron-30542-003.pdf
,,,90,Signal review,RS 005-007,Requested source pool: NSC/DC Meetings,Review requested source-pool lead,Country search lead,Greece; Cyprus; Turkey; Regional,1990-08-22 to 1990-08-22,"NSC/DC 180 - August 22, 1990 - NSC/DC Meeting on Gulf Crisis via SVTS, Keywords: Iraq, Kuwait, Persian Gulf",Greece | Cyprus | Turkey | Greece / Turkey / Cyprus,50,470761173,H-Files - National Security Council (NSC)/Deputies Committee (DC) Meetings Files,"Source: George H.W. Bush Library, Bush Presidential Records, National Security Council, H-Files - National Security Council (NSC)/Deputies Committee (DC) Meetings Files, NSC/DC 180 - August 22, 1990 - NSC/DC Meeting on Gulf Crisis via SVTS, Keywords: Iraq, Kuwait, Persian Gulf.","Catalog provenance: Catalog access Restricted - Possibly; NAID 470761173. Query hit(s): Greece, Cyprus, Turkey, Greece / Turkey / Cyprus. Digital object: 41-bpr-nsc-hfiles-dc_mtgs-180-90016-007.pdf. Catalog: https://catalog.archives.gov/id/470761173.",https://catalog.archives.gov/id/470761173,https://s3.amazonaws.com/NARAprodstorage/lz/presidential-libraries/bush/gb-nsc/H-Files/NSC-DC_Mtgs_312294079/41-bpr-nsc-hfiles-dc_mtgs-180-90016-007.pdf
,,,89,Signal review,RS 009-006,Requested source pool: IF Transition,Review requested source-pool lead,Country search lead,Greece; Cyprus; Turkey; Regional,,Reagan-Bush Transition Briefing Book: Background on NSC Organization and Administration,Greece | Cyprus | Turkey | Greece / Turkey / Cyprus,49,470760855,National Security Council (NSC) Institutional Files (IF) Transition Files,"Source: George H.W. Bush Library, Bush Presidential Records, National Security Council, National Security Council (NSC) Institutional Files (IF) Transition Files, Reagan-Bush Transition Briefing Book: Background on NSC Organization and Administration.","Catalog provenance: Catalog access Restricted - Possibly; NAID 470760855. Query hit(s): Greece, Cyprus, Turkey, Greece / Turkey / Cyprus. Digital object: 41-bpr-nsc-hfiles-if_trans-99015-001.pdf. Catalog: https://catalog.archives.gov/id/470760855.",https://catalog.archives.gov/id/470760855,https://s3.amazonaws.com/NARAprodstorage/lz/presidential-libraries/bush/gb-nsc/H-Files/IF_Transition_348937136/41-bpr-nsc-hfiles-if_trans-99015-001.pdf
,,,89,Conversation signal,CC 079,Central Chronological Files,Open or screen packet index,Memcon/telcon search lead,Regional,1992-04-01,April 1992 [4],Greek-Turkish + memorandum | Cyprus + memorandum of conversation | Turkey + memorandum of conversation,49,470761805,European and Eurasian Directorate Central Chronological Files,"Source: George H.W. Bush Library, Bush Presidential Records, National Security Council, European and Eurasian Directorate Central Chronological Files, April 1992 [4].","Catalog provenance: Catalog access Restricted - Possibly; NAID 470761805. Query hit(s): Greek-Turkish + memorandum, Cyprus + memorandum of conversation, Turkey + memorandum of conversation. OCR status: First four pages OCR reviewed. PDF extent: 120 pages. Digital object: 41-bpr-nsc-euro_eura-cen_chron-30525-002.pdf. Catalog: https://catalog.archives.gov/id/470761805.",https://catalog.archives.gov/id/470761805,https://s3.dualstack.us-east-1.amazonaws.com/NARAprodstorage/lz/presidential-libraries/bush/gb-nsc/euro_eura_dir_374000108/41-bpr-nsc-euro_eura-cen_chron-30525-002.pdf
,,,86,Conversation signal,BC 024,Blackwill Chronological Files,Open or screen chronological packet,Memcon/telcon search lead,Regional,1989-05-01,May 1989 [10],memcon | telcon | memorandum of conversation | telephone conversation,46,453248082,Robert D. Blackwill Chronological Files,"Source: George H.W. Bush Library, Bush Presidential Records, National Security Council, Robert D. Blackwill Chronological Files, May 1989 [10].","Catalog provenance: Catalog access Restricted - Possibly; NAID 453248082. Query hit(s): memcon, telcon, memorandum of conversation, telephone conversation. OCR status: First four pages OCR reviewed. PDF extent: 128 pages. Digital object: 41-bpr-nsc-blackwill_chron-30544-006.pdf. Catalog: https://catalog.archives.gov/id/453248082.",https://catalog.archives.gov/id/453248082,https://s3.dualstack.us-east-1.amazonaws.com/NARAprodstorage/lz/presidential-libraries/bush/gb-nsc/blackwill/chron_2554659/41-bpr-nsc-blackwill_chron-30544-006.pdf
,,,86,Conversation signal,GC 004,Gates Chronological Files,Screen for copied or staff-context records,Memcon/telcon search lead,Regional,1989-01-01,Chron File (Official): Classified 1989 (Part II) [1 of 3],memcon | telcon | memorandum of conversation | telephone conversation,46,470436945,Robert M. Gates' Chronological Files,"Source: George H.W. Bush Library, Bush Presidential Records, National Security Council, Robert M. Gates' Chronological Files, Chron File (Official): Classified 1989 (Part II) [1 of 3].","Catalog provenance: Catalog access Restricted - Possibly; NAID 470436945. Query hit(s): memcon, telcon, memorandum of conversation, telephone conversation. OCR status: First five pages OCR reviewed. PDF extent: 83 pages. Digital object: 41-bpr-nsc-gates-chron-cf00948-015.pdf. Catalog: https://catalog.archives.gov/id/470436945.",https://catalog.archives.gov/id/470436945,https://s3.dualstack.us-east-1.amazonaws.com/NARAprodstorage/lz/presidential-libraries/bush/gb-nsc/gates/chron_2554841/41-bpr-nsc-gates-chron-cf00948-015.pdf
,,,86,Conversation signal,GC 005,Gates Chronological Files,Screen for copied or staff-context records,Memcon/telcon search lead,Regional,1990-01-01,Chron File (Official): 1990 [1 of 3],memcon | telcon | memorandum of conversation | telephone conversation,46,470436948,Robert M. Gates' Chronological Files,"Source: George H.W. Bush Library, Bush Presidential Records, National Security Council, Robert M. Gates' Chronological Files, Chron File (Official): 1990 [1 of 3].","Catalog provenance: Catalog access Restricted - Possibly; NAID 470436948. Query hit(s): memcon, telcon, memorandum of conversation, telephone conversation. OCR status: Full PDF OCR reviewed. PDF extent: 47 pages. Digital object: 41-bpr-nsc-gates-chron-cf00948-018.pdf. Catalog: https://catalog.archives.gov/id/470436948.",https://catalog.archives.gov/id/470436948,https://s3.dualstack.us-east-1.amazonaws.com/NARAprodstorage/lz/presidential-libraries/bush/gb-nsc/gates/chron_2554841/41-bpr-nsc-gates-chron-cf00948-018.pdf
,,,82,Conversation signal,BC 025,Blackwill Chronological Files,Open or screen chronological packet,Memcon/telcon search lead,Regional,1989-05-01,May 1989 [5],Turkey | memcon | memorandum of conversation | telephone conversation,42,453248077,Robert D. Blackwill Chronological Files,"Source: George H.W. Bush Library, Bush Presidential Records, National Security Council, Robert D. Blackwill Chronological Files, May 1989 [5].","Catalog provenance: Catalog access Restricted - Possibly; NAID 453248077. Query hit(s): Turkey, memcon, memorandum of conversation, telephone conversation. OCR status: Not OCR sampled. Digital object: 41-bpr-nsc-blackwill_chron-30544-001.pdf. Catalog: https://catalog.archives.gov/id/453248077.",https://catalog.archives.gov/id/453248077,https://s3.dualstack.us-east-1.amazonaws.com/NARAprodstorage/lz/presidential-libraries/bush/gb-nsc/blackwill/chron_2554659/41-bpr-nsc-blackwill_chron-30544-001.pdf
,,,81,Conversation signal,BC 026,Blackwill Chronological Files,Open or screen chronological packet,Memcon/telcon search lead,Regional,1989-05-01,May 1989 [4],Greek | memcon | memorandum of conversation | telephone conversation,41,453248076,Robert D. Blackwill Chronological Files,"Source: George H.W. Bush Library, Bush Presidential Records, National Security Council, Robert D. Blackwill Chronological Files, May 1989 [4].","Catalog provenance: Catalog access Restricted - Possibly; NAID 453248076. Query hit(s): Greek, memcon, memorandum of conversation, telephone conversation. OCR status: Not OCR sampled. Digital object: 41-bpr-nsc-blackwill_chron-30543-006.pdf. Catalog: https://catalog.archives.gov/id/453248076.",https://catalog.archives.gov/id/453248076,https://s3.dualstack.us-east-1.amazonaws.com/NARAprodstorage/lz/presidential-libraries/bush/gb-nsc/blackwill/chron_2554659/41-bpr-nsc-blackwill_chron-30543-006.pdf
,,,80,Conversation signal,RS 009-008,Requested source pool: IF Transition,Review requested source-pool lead,Conversation search lead,Greece; Cyprus,1989-01-01 to 1989-01-31,[NSC: Reagan-Bush Transition Background Materials - Volume I - January 1989] [3],Greek | Cyprus | memorandum of conversation | NSC/DC,40,470760866,National Security Council (NSC) Institutional Files (IF) Transition Files,"Source: George H.W. Bush Library, Bush Presidential Records, National Security Council, National Security Council (NSC) Institutional Files (IF) Transition Files, [NSC: Reagan-Bush Transition Background Materials - Volume I - January 1989] [3].","Catalog provenance: Catalog access Restricted - Possibly; NAID 470760866. Query hit(s): Greek, Cyprus, memorandum of conversation, NSC/DC. Digital object: 41-bpr-nsc-hfiles-if_trans-99016-003.pdf. Catalog: https://catalog.archives.gov/id/470760866.",https://catalog.archives.gov/id/470760866,https://s3.amazonaws.com/NARAprodstorage/lz/presidential-libraries/bush/gb-nsc/H-Files/IF_Transition_348937136/41-bpr-nsc-hfiles-if_trans-99016-003.pdf
,,,79,Signal review,BC 027,Blackwill Chronological Files,Open or screen chronological packet,Series coverage,Regional,1989-11-01,Nov-89,Cyprus | Turkey | Eastern Mediterranean,39,453248104,Robert D. Blackwill Chronological Files,"Source: George H.W. Bush Library, Bush Presidential Records, National Security Council, Robert D. Blackwill Chronological Files, Nov-89.","Catalog provenance: Catalog access Restricted - Possibly; NAID 453248104. Query hit(s): Cyprus, Turkey, Eastern Mediterranean. OCR status: First four pages OCR reviewed. PDF extent: 99 pages. Digital object: 41-bpr-nsc-blackwill_chron-30547-008.pdf. Catalog: https://catalog.archives.gov/id/453248104.",https://catalog.archives.gov/id/453248104,https://s3.dualstack.us-east-1.amazonaws.com/NARAprodstorage/lz/presidential-libraries/bush/gb-nsc/blackwill/chron_2554659/41-bpr-nsc-blackwill_chron-30547-008.pdf
,,,79,Conversation signal,GC 002,Gates Chronological Files,Screen for copied or staff-context records,Peripheral OCR hit,Turkey,1989-01-01,Chron File (Official): 1989 (Part II) [Unclassified] [1 of 4],NEMETH Miklos | OZAL Turgut | PARKINSON Cecil E | Cyprus | Turkey | Ozal | Ozal + Turkey | memorandum of conversation | telephone conversation,79,470436937,Robert M. Gates' Chronological Files,"Source: George H.W. Bush Library, Bush Presidential Records, National Security Council, Robert M. Gates' Chronological Files, Chron File (Official): 1989 (Part II) [Unclassified] [1 of 4].","Catalog provenance: Catalog access Restricted - Possibly; NAID 470436937. Query hit(s): Cyprus, Turkey, Ozal, Ozal + Turkey, memorandum of conversation, telephone conversation. OCR status: Full PDF OCR reviewed. OCR signals: NEMETH Miklos | OZAL Turgut | PARKINSON Cecil E. PDF extent: 106 pages. Digital object: 41-bpr-nsc-gates-chron-cf00948-007.pdf. Catalog: https://catalog.archives.gov/id/470436937.",https://catalog.archives.gov/id/470436937,https://s3.dualstack.us-east-1.amazonaws.com/NARAprodstorage/lz/presidential-libraries/bush/gb-nsc/gates/chron_2554841/41-bpr-nsc-gates-chron-cf00948-007.pdf
,,,78,Conversation signal,BC 028,Blackwill Chronological Files,Open or screen chronological packet,Memcon/telcon search lead,Regional,1989-04-01,April 1989 [6],Eastern Mediterranean | memorandum of conversation | telephone conversation,38,453248070,Robert D. Blackwill Chronological Files,"Source: George H.W. Bush Library, Bush Presidential Records, National Security Council, Robert D. Blackwill Chronological Files, April 1989 [6].","Catalog provenance: Catalog access Restricted - Possibly; NAID 453248070. Query hit(s): Eastern Mediterranean, memorandum of conversation, telephone conversation. OCR status: First four pages OCR reviewed. PDF extent: 158 pages. Digital object: 41-bpr-nsc-blackwill_chron-30542-006.pdf. Catalog: https://catalog.archives.gov/id/453248070.",https://catalog.archives.gov/id/453248070,https://s3.dualstack.us-east-1.amazonaws.com/NARAprodstorage/lz/presidential-libraries/bush/gb-nsc/blackwill/chron_2554659/41-bpr-nsc-blackwill_chron-30542-006.pdf
,,,74,Conversation signal,GC 006,Gates Chronological Files,Screen for copied or staff-context records,Memcon/telcon search lead,Regional,1990-01-01,Chron File (Official): 1990 [2 of 3],telcon | memorandum of conversation | telephone conversation,34,470436949,Robert M. Gates' Chronological Files,"Source: George H.W. Bush Library, Bush Presidential Records, National Security Council, Robert M. Gates' Chronological Files, Chron File (Official): 1990 [2 of 3].","Catalog provenance: Catalog access Restricted - Possibly; NAID 470436949. Query hit(s): telcon, memorandum of conversation, telephone conversation. OCR status: First five pages OCR reviewed. PDF extent: 48 pages. Digital object: 41-bpr-nsc-gates-chron-cf00948-019.pdf. Catalog: https://catalog.archives.gov/id/470436949.",https://catalog.archives.gov/id/470436949,https://s3.dualstack.us-east-1.amazonaws.com/NARAprodstorage/lz/presidential-libraries/bush/gb-nsc/gates/chron_2554841/41-bpr-nsc-gates-chron-cf00948-019.pdf
,,,73,Conversation signal,RS 009-010,Requested source pool: IF Transition,Review requested source-pool lead,Conversation search lead,Cyprus,,NSC Procedural Manual - Binder 4 [1],Cyprus | memorandum of conversation | telephone conversation,33,470760882,National Security Council (NSC) Institutional Files (IF) Transition Files,"Source: George H.W. Bush Library, Bush Presidential Records, National Security Council, National Security Council (NSC) Institutional Files (IF) Transition Files, NSC Procedural Manual - Binder 4 [1].","Catalog provenance: Catalog access Restricted - Possibly; NAID 470760882. Query hit(s): Cyprus, memorandum of conversation, telephone conversation. Digital object: 41-bpr-nsc-hfiles-if_trans-99017-008.pdf. Catalog: https://catalog.archives.gov/id/470760882.",https://catalog.archives.gov/id/470760882,https://s3.amazonaws.com/NARAprodstorage/lz/presidential-libraries/bush/gb-nsc/H-Files/IF_Transition_348937136/41-bpr-nsc-hfiles-if_trans-99017-008.pdf
,,,72,Conversation signal,RS 009-011,Requested source pool: IF Transition,Review requested source-pool lead,Conversation search lead,Cyprus; Turkey,1989-01-01 to 1989-01-31,[NSC: Reagan-Bush Transition Background Materials - Volume III - January 1989] [1],Cyprus | Turkey | memorandum of conversation,32,470760870,National Security Council (NSC) Institutional Files (IF) Transition Files,"Source: George H.W. Bush Library, Bush Presidential Records, National Security Council, National Security Council (NSC) Institutional Files (IF) Transition Files, [NSC: Reagan-Bush Transition Background Materials - Volume III - January 1989] [1].","Catalog provenance: Catalog access Restricted - Possibly; NAID 470760870. Query hit(s): Cyprus, Turkey, memorandum of conversation. Digital object: 41-bpr-nsc-hfiles-if_trans-99016-007.pdf. Catalog: https://catalog.archives.gov/id/470760870.",https://catalog.archives.gov/id/470760870,https://s3.amazonaws.com/NARAprodstorage/lz/presidential-libraries/bush/gb-nsc/H-Files/IF_Transition_348937136/41-bpr-nsc-hfiles-if_trans-99016-007.pdf
,,,72,Conversation signal,BC 029,Blackwill Chronological Files,Open or screen chronological packet,Memcon/telcon search lead,Regional,1989-02-01,January-February 1989 [2],memcon | memorandum of conversation | telephone conversation,32,453248054,Robert D. Blackwill Chronological Files,"Source: George H.W. Bush Library, Bush Presidential Records, National Security Council, Robert D. Blackwill Chronological Files, January-February 1989 [2].","Catalog provenance: Catalog access Restricted - Possibly; NAID 453248054. Query hit(s): memcon, memorandum of conversation, telephone conversation. OCR status: Not OCR sampled. Digital object: 41-bpr-nsc-blackwill_chron-30540-002.pdf. Catalog: https://catalog.archives.gov/id/453248054.",https://catalog.archives.gov/id/453248054,https://s3.dualstack.us-east-1.amazonaws.com/NARAprodstorage/lz/presidential-libraries/bush/gb-nsc/blackwill/chron_2554659/41-bpr-nsc-blackwill_chron-30540-002.pdf
,,,72,Conversation signal,BC 030,Blackwill Chronological Files,Open or screen chronological packet,Memcon/telcon search lead,Regional,1989-02-01,January-February 1989 [3],memcon | memorandum of conversation | telephone conversation,32,453248055,Robert D. Blackwill Chronological Files,"Source: George H.W. Bush Library, Bush Presidential Records, National Security Council, Robert D. Blackwill Chronological Files, January-February 1989 [3].","Catalog provenance: Catalog access Restricted - Possibly; NAID 453248055. Query hit(s): memcon, memorandum of conversation, telephone conversation. OCR status: Not OCR sampled. Digital object: 41-bpr-nsc-blackwill_chron-30540-003.pdf. Catalog: https://catalog.archives.gov/id/453248055.",https://catalog.archives.gov/id/453248055,https://s3.dualstack.us-east-1.amazonaws.com/NARAprodstorage/lz/presidential-libraries/bush/gb-nsc/blackwill/chron_2554659/41-bpr-nsc-blackwill_chron-30540-003.pdf
,,,72,Conversation signal,BC 031,Blackwill Chronological Files,Open or screen chronological packet,Memcon/telcon search lead,Regional,1989-03-01,March 1989 [1],memcon | memorandum of conversation | telephone conversation,32,453248058,Robert D. Blackwill Chronological Files,"Source: George H.W. Bush Library, Bush Presidential Records, National Security Council, Robert D. Blackwill Chronological Files, March 1989 [1].","Catalog provenance: Catalog access Restricted - Possibly; NAID 453248058. Query hit(s): memcon, memorandum of conversation, telephone conversation. OCR status: Not OCR sampled. Digital object: 41-bpr-nsc-blackwill_chron-30540-006.pdf. Catalog: https://catalog.archives.gov/id/453248058.",https://catalog.archives.gov/id/453248058,https://s3.dualstack.us-east-1.amazonaws.com/NARAprodstorage/lz/presidential-libraries/bush/gb-nsc/blackwill/chron_2554659/41-bpr-nsc-blackwill_chron-30540-006.pdf
,,,72,Conversation signal,BC 032,Blackwill Chronological Files,Open or screen chronological packet,Memcon/telcon search lead,Regional,1989-06-01,June 1989 [2],memcon | memorandum of conversation | telephone conversation,32,453248084,Robert D. Blackwill Chronological Files,"Source: George H.W. Bush Library, Bush Presidential Records, National Security Council, Robert D. Blackwill Chronological Files, June 1989 [2].","Catalog provenance: Catalog access Restricted - Possibly; NAID 453248084. Query hit(s): memcon, memorandum of conversation, telephone conversation. OCR status: Not OCR sampled. Digital object: 41-bpr-nsc-blackwill_chron-30545-002.pdf. Catalog: https://catalog.archives.gov/id/453248084.",https://catalog.archives.gov/id/453248084,https://s3.dualstack.us-east-1.amazonaws.com/NARAprodstorage/lz/presidential-libraries/bush/gb-nsc/blackwill/chron_2554659/41-bpr-nsc-blackwill_chron-30545-002.pdf
,,,72,Conversation signal,BC 033,Blackwill Chronological Files,Open or screen chronological packet,Memcon/telcon search lead,Regional,1989-06-01,June 1989 [3],memcon | memorandum of conversation | telephone conversation,32,453248085,Robert D. Blackwill Chronological Files,"Source: George H.W. Bush Library, Bush Presidential Records, National Security Council, Robert D. Blackwill Chronological Files, June 1989 [3].","Catalog provenance: Catalog access Restricted - Possibly; NAID 453248085. Query hit(s): memcon, memorandum of conversation, telephone conversation. OCR status: Not OCR sampled. Digital object: 41-bpr-nsc-blackwill_chron-30545-003.pdf. Catalog: https://catalog.archives.gov/id/453248085.",https://catalog.archives.gov/id/453248085,https://s3.dualstack.us-east-1.amazonaws.com/NARAprodstorage/lz/presidential-libraries/bush/gb-nsc/blackwill/chron_2554659/41-bpr-nsc-blackwill_chron-30545-003.pdf
,,,72,Conversation signal,BC 034,Blackwill Chronological Files,Open or screen chronological packet,Memcon/telcon search lead,Regional,1989-07-01,July 1989 [3],memcon | memorandum of conversation | telephone conversation,32,453248092,Robert D. Blackwill Chronological Files,"Source: George H.W. Bush Library, Bush Presidential Records, National Security Council, Robert D. Blackwill Chronological Files, July 1989 [3].","Catalog provenance: Catalog access Restricted - Possibly; NAID 453248092. Query hit(s): memcon, memorandum of conversation, telephone conversation. OCR status: Not OCR sampled. Digital object: 41-bpr-nsc-blackwill_chron-30546-003.pdf. Catalog: https://catalog.archives.gov/id/453248092.",https://catalog.archives.gov/id/453248092,https://s3.dualstack.us-east-1.amazonaws.com/NARAprodstorage/lz/presidential-libraries/bush/gb-nsc/blackwill/chron_2554659/41-bpr-nsc-blackwill_chron-30546-003.pdf
,,,72,Conversation signal,GC 007,Gates Chronological Files,Screen for copied or staff-context records,Memcon/telcon search lead,Regional,1989-01-01,Chron File (Official): Classified 1989 (Part I) [1 of 4],memcon | memorandum of conversation | telephone conversation,32,470436941,Robert M. Gates' Chronological Files,"Source: George H.W. Bush Library, Bush Presidential Records, National Security Council, Robert M. Gates' Chronological Files, Chron File (Official): Classified 1989 (Part I) [1 of 4].","Catalog provenance: Catalog access Restricted - Possibly; NAID 470436941. Query hit(s): memcon, memorandum of conversation, telephone conversation. OCR status: First five pages OCR reviewed. PDF extent: 93 pages. Digital object: 41-bpr-nsc-gates-chron-cf00948-011.pdf. Catalog: https://catalog.archives.gov/id/470436941.",https://catalog.archives.gov/id/470436941,https://s3.dualstack.us-east-1.amazonaws.com/NARAprodstorage/lz/presidential-libraries/bush/gb-nsc/gates/chron_2554841/41-bpr-nsc-gates-chron-cf00948-011.pdf
,,,72,Conversation signal,GC 008,Gates Chronological Files,Screen for copied or staff-context records,Memcon/telcon search lead,Regional,1990-01-01,Chron File (Official): 1990 [3 of 3],memcon | memorandum of conversation | telephone conversation,32,470436950,Robert M. Gates' Chronological Files,"Source: George H.W. Bush Library, Bush Presidential Records, National Security Council, Robert M. Gates' Chronological Files, Chron File (Official): 1990 [3 of 3].","Catalog provenance: Catalog access Restricted - Possibly; NAID 470436950. Query hit(s): memcon, memorandum of conversation, telephone conversation. OCR status: First five pages OCR reviewed. PDF extent: 52 pages. Digital object: 41-bpr-nsc-gates-chron-cf00948-020.pdf. Catalog: https://catalog.archives.gov/id/470436950.",https://catalog.archives.gov/id/470436950,https://s3.dualstack.us-east-1.amazonaws.com/NARAprodstorage/lz/presidential-libraries/bush/gb-nsc/gates/chron_2554841/41-bpr-nsc-gates-chron-cf00948-020.pdf
,,,70,Signal review,RS 009-014,Requested source pool: IF Transition,Review requested source-pool lead,Country search lead,Greece; Cyprus,,NSC Procedural Manual - Binder 1 [1],Greece | Greek | Cypriot,30,470760875,National Security Council (NSC) Institutional Files (IF) Transition Files,"Source: George H.W. Bush Library, Bush Presidential Records, National Security Council, National Security Council (NSC) Institutional Files (IF) Transition Files, NSC Procedural Manual - Binder 1 [1].","Catalog provenance: Catalog access Restricted - Possibly; NAID 470760875. Query hit(s): Greece, Greek, Cypriot. Digital object: 41-bpr-nsc-hfiles-if_trans-99017-001.pdf. Catalog: https://catalog.archives.gov/id/470760875.",https://catalog.archives.gov/id/470760875,https://s3.amazonaws.com/NARAprodstorage/lz/presidential-libraries/bush/gb-nsc/H-Files/IF_Transition_348937136/41-bpr-nsc-hfiles-if_trans-99017-001.pdf
,,,70,Conversation signal,BC 035,Blackwill Chronological Files,Open or screen chronological packet,Memcon/telcon search lead,Regional,1989-05-01,May 1989 [1],Turkey | memorandum of conversation | telephone conversation,30,453248073,Robert D. Blackwill Chronological Files,"Source: George H.W. Bush Library, Bush Presidential Records, National Security Council, Robert D. Blackwill Chronological Files, May 1989 [1].","Catalog provenance: Catalog access Restricted - Possibly; NAID 453248073. Query hit(s): Turkey, memorandum of conversation, telephone conversation. OCR status: Not OCR sampled. Digital object: 41-bpr-nsc-blackwill_chron-30543-003.pdf. Catalog: https://catalog.archives.gov/id/453248073.",https://catalog.archives.gov/id/453248073,https://s3.dualstack.us-east-1.amazonaws.com/NARAprodstorage/lz/presidential-libraries/bush/gb-nsc/blackwill/chron_2554659/41-bpr-nsc-blackwill_chron-30543-003.pdf
,,,70,Conversation signal,BC 036,Blackwill Chronological Files,Open or screen chronological packet,Memcon/telcon search lead,Regional,1989-06-01,June 1989 [4],Turkey | memorandum of conversation | telephone conversation,30,453248086,Robert D. Blackwill Chronological Files,"Source: George H.W. Bush Library, Bush Presidential Records, National Security Council, Robert D. Blackwill Chronological Files, June 1989 [4].","Catalog provenance: Catalog access Restricted - Possibly; NAID 453248086. Query hit(s): Turkey, memorandum of conversation, telephone conversation. OCR status: Not OCR sampled. Digital object: 41-bpr-nsc-blackwill_chron-30545-004.pdf. Catalog: https://catalog.archives.gov/id/453248086.",https://catalog.archives.gov/id/453248086,https://s3.dualstack.us-east-1.amazonaws.com/NARAprodstorage/lz/presidential-libraries/bush/gb-nsc/blackwill/chron_2554659/41-bpr-nsc-blackwill_chron-30545-004.pdf
,,,70,Conversation signal,BC 037,Blackwill Chronological Files,Open or screen chronological packet,Memcon/telcon search lead,Regional,1989-08-01,August 1989 [2],Turkey | memorandum of conversation | telephone conversation,30,453248096,Robert D. Blackwill Chronological Files,"Source: George H.W. Bush Library, Bush Presidential Records, National Security Council, Robert D. Blackwill Chronological Files, August 1989 [2].","Catalog provenance: Catalog access Restricted - Possibly; NAID 453248096. Query hit(s): Turkey, memorandum of conversation, telephone conversation. OCR status: Not OCR sampled. Digital object: 41-bpr-nsc-blackwill_chron-30546-007.pdf. Catalog: https://catalog.archives.gov/id/453248096.",https://catalog.archives.gov/id/453248096,https://s3.dualstack.us-east-1.amazonaws.com/NARAprodstorage/lz/presidential-libraries/bush/gb-nsc/blackwill/chron_2554659/41-bpr-nsc-blackwill_chron-30546-007.pdf
,,,70,Conversation signal,BC 038,Blackwill Chronological Files,Open or screen chronological packet,Memcon/telcon search lead,Regional,1989-08-01,August 1989 [6],Turkish | memorandum of conversation | telephone conversation,30,453248100,Robert D. Blackwill Chronological Files,"Source: George H.W. Bush Library, Bush Presidential Records, National Security Council, Robert D. Blackwill Chronological Files, August 1989 [6].","Catalog provenance: Catalog access Restricted - Possibly; NAID 453248100. Query hit(s): Turkish, memorandum of conversation, telephone conversation. OCR status: Not OCR sampled. Digital object: 41-bpr-nsc-blackwill_chron-30547-004.pdf. Catalog: https://catalog.archives.gov/id/453248100.",https://catalog.archives.gov/id/453248100,https://s3.dualstack.us-east-1.amazonaws.com/NARAprodstorage/lz/presidential-libraries/bush/gb-nsc/blackwill/chron_2554659/41-bpr-nsc-blackwill_chron-30547-004.pdf
,,,69,Signal review,RS 009-015,Requested source pool: IF Transition,Review requested source-pool lead,Country search lead,Greece; Cyprus,1989-01-01 to 1989-01-31,[NSC: Reagan-Bush Transition Background Materials - Volume I - January 1989] [2],Greek | Cyprus | NSC/DC,29,470760865,National Security Council (NSC) Institutional Files (IF) Transition Files,"Source: George H.W. Bush Library, Bush Presidential Records, National Security Council, National Security Council (NSC) Institutional Files (IF) Transition Files, [NSC: Reagan-Bush Transition Background Materials - Volume I - January 1989] [2].","Catalog provenance: Catalog access Restricted - Possibly; NAID 470760865. Query hit(s): Greek, Cyprus, NSC/DC. Digital object: 41-bpr-nsc-hfiles-if_trans-99016-002.pdf. Catalog: https://catalog.archives.gov/id/470760865.",https://catalog.archives.gov/id/470760865,https://s3.amazonaws.com/NARAprodstorage/lz/presidential-libraries/bush/gb-nsc/H-Files/IF_Transition_348937136/41-bpr-nsc-hfiles-if_trans-99016-002.pdf
,,,69,Conversation signal,BC 039,Blackwill Chronological Files,Open or screen chronological packet,Memcon/telcon search lead,Regional,1989-05-01,May 1989 [3],Greek | memorandum of conversation | telephone conversation,29,453248075,Robert D. Blackwill Chronological Files,"Source: George H.W. Bush Library, Bush Presidential Records, National Security Council, Robert D. Blackwill Chronological Files, May 1989 [3].","Catalog provenance: Catalog access Restricted - Possibly; NAID 453248075. Query hit(s): Greek, memorandum of conversation, telephone conversation. OCR status: Not OCR sampled. Digital object: 41-bpr-nsc-blackwill_chron-30543-005.pdf. Catalog: https://catalog.archives.gov/id/453248075.",https://catalog.archives.gov/id/453248075,https://s3.dualstack.us-east-1.amazonaws.com/NARAprodstorage/lz/presidential-libraries/bush/gb-nsc/blackwill/chron_2554659/41-bpr-nsc-blackwill_chron-30543-005.pdf
,,,69,Conversation signal,BC 040,Blackwill Chronological Files,Open or screen chronological packet,Memcon/telcon search lead,Regional,1989-05-01,May 1989 [6],Greek | memorandum of conversation | telephone conversation,29,453248078,Robert D. Blackwill Chronological Files,"Source: George H.W. Bush Library, Bush Presidential Records, National Security Council, Robert D. Blackwill Chronological Files, May 1989 [6].","Catalog provenance: Catalog access Restricted - Possibly; NAID 453248078. Query hit(s): Greek, memorandum of conversation, telephone conversation. OCR status: Not OCR sampled. Digital object: 41-bpr-nsc-blackwill_chron-30544-002.pdf. Catalog: https://catalog.archives.gov/id/453248078.",https://catalog.archives.gov/id/453248078,https://s3.dualstack.us-east-1.amazonaws.com/NARAprodstorage/lz/presidential-libraries/bush/gb-nsc/blackwill/chron_2554659/41-bpr-nsc-blackwill_chron-30544-002.pdf
,,,67,Signal review,BC 041,Blackwill Chronological Files,Open or screen chronological packet,Series coverage,Regional,1989-03-01,March 1989 [3],Greek | Eastern Mediterranean,27,453248060,Robert D. Blackwill Chronological Files,"Source: George H.W. Bush Library, Bush Presidential Records, National Security Council, Robert D. Blackwill Chronological Files, March 1989 [3].","Catalog provenance: Catalog access Restricted - Possibly; NAID 453248060. Query hit(s): Greek, Eastern Mediterranean. OCR status: Not OCR sampled. Digital object: 41-bpr-nsc-blackwill_chron-30541-002.pdf. Catalog: https://catalog.archives.gov/id/453248060.",https://catalog.archives.gov/id/453248060,https://s3.dualstack.us-east-1.amazonaws.com/NARAprodstorage/lz/presidential-libraries/bush/gb-nsc/blackwill/chron_2554659/41-bpr-nsc-blackwill_chron-30541-002.pdf
,,,62,Conversation signal,BC 042,Blackwill Chronological Files,Open or screen chronological packet,Memcon/telcon search lead,Regional,1989-05-01,May 1989 [8],memcon | memorandum of conversation,22,453248080,Robert D. Blackwill Chronological Files,"Source: George H.W. Bush Library, Bush Presidential Records, National Security Council, Robert D. Blackwill Chronological Files, May 1989 [8].","Catalog provenance: Catalog access Restricted - Possibly; NAID 453248080. Query hit(s): memcon, memorandum of conversation. OCR status: Not OCR sampled. Digital object: 41-bpr-nsc-blackwill_chron-30544-004.pdf. Catalog: https://catalog.archives.gov/id/453248080.",https://catalog.archives.gov/id/453248080,https://s3.dualstack.us-east-1.amazonaws.com/NARAprodstorage/lz/presidential-libraries/bush/gb-nsc/blackwill/chron_2554659/41-bpr-nsc-blackwill_chron-30544-004.pdf
,,,60,Conversation signal,BC 043,Blackwill Chronological Files,Open or screen chronological packet,Memcon/telcon search lead,Regional,1989-02-01,January-February 1989 [4],memorandum of conversation | telephone conversation,20,453248056,Robert D. Blackwill Chronological Files,"Source: George H.W. Bush Library, Bush Presidential Records, National Security Council, Robert D. Blackwill Chronological Files, January-February 1989 [4].","Catalog provenance: Catalog access Restricted - Possibly; NAID 453248056. Query hit(s): memorandum of conversation, telephone conversation. OCR status: Not OCR sampled. Digital object: 41-bpr-nsc-blackwill_chron-30540-004.pdf. Catalog: https://catalog.archives.gov/id/453248056.",https://catalog.archives.gov/id/453248056,https://s3.dualstack.us-east-1.amazonaws.com/NARAprodstorage/lz/presidential-libraries/bush/gb-nsc/blackwill/chron_2554659/41-bpr-nsc-blackwill_chron-30540-004.pdf
,,,60,Conversation signal,BC 044,Blackwill Chronological Files,Open or screen chronological packet,Memcon/telcon search lead,Regional,1989-03-01,March 1989 [7],memorandum of conversation | telephone conversation,20,453248064,Robert D. Blackwill Chronological Files,"Source: George H.W. Bush Library, Bush Presidential Records, National Security Council, Robert D. Blackwill Chronological Files, March 1989 [7].","Catalog provenance: Catalog access Restricted - Possibly; NAID 453248064. Query hit(s): memorandum of conversation, telephone conversation. OCR status: Not OCR sampled. Digital object: 41-bpr-nsc-blackwill_chron-30541-006.pdf. Catalog: https://catalog.archives.gov/id/453248064.",https://catalog.archives.gov/id/453248064,https://s3.dualstack.us-east-1.amazonaws.com/NARAprodstorage/lz/presidential-libraries/bush/gb-nsc/blackwill/chron_2554659/41-bpr-nsc-blackwill_chron-30541-006.pdf
,,,60,Conversation signal,BC 045,Blackwill Chronological Files,Open or screen chronological packet,Memcon/telcon search lead,Regional,1989-04-01,April 1989 [5],memorandum of conversation | telephone conversation,20,453248069,Robert D. Blackwill Chronological Files,"Source: George H.W. Bush Library, Bush Presidential Records, National Security Council, Robert D. Blackwill Chronological Files, April 1989 [5].","Catalog provenance: Catalog access Restricted - Possibly; NAID 453248069. Query hit(s): memorandum of conversation, telephone conversation. OCR status: Not OCR sampled. Digital object: 41-bpr-nsc-blackwill_chron-30542-005.pdf. Catalog: https://catalog.archives.gov/id/453248069.",https://catalog.archives.gov/id/453248069,https://s3.dualstack.us-east-1.amazonaws.com/NARAprodstorage/lz/presidential-libraries/bush/gb-nsc/blackwill/chron_2554659/41-bpr-nsc-blackwill_chron-30542-005.pdf
,,,60,Conversation signal,BC 046,Blackwill Chronological Files,Open or screen chronological packet,Memcon/telcon search lead,Regional,1989-04-01,April 1989 [7],memorandum of conversation | telephone conversation,20,453248071,Robert D. Blackwill Chronological Files,"Source: George H.W. Bush Library, Bush Presidential Records, National Security Council, Robert D. Blackwill Chronological Files, April 1989 [7].","Catalog provenance: Catalog access Restricted - Possibly; NAID 453248071. Query hit(s): memorandum of conversation, telephone conversation. OCR status: Not OCR sampled. Digital object: 41-bpr-nsc-blackwill_chron-30543-001.pdf. Catalog: https://catalog.archives.gov/id/453248071.",https://catalog.archives.gov/id/453248071,https://s3.dualstack.us-east-1.amazonaws.com/NARAprodstorage/lz/presidential-libraries/bush/gb-nsc/blackwill/chron_2554659/41-bpr-nsc-blackwill_chron-30543-001.pdf
,,,60,Conversation signal,BC 047,Blackwill Chronological Files,Open or screen chronological packet,Memcon/telcon search lead,Regional,1989-05-01,May 1989 [2],memorandum of conversation | telephone conversation,20,453248074,Robert D. Blackwill Chronological Files,"Source: George H.W. Bush Library, Bush Presidential Records, National Security Council, Robert D. Blackwill Chronological Files, May 1989 [2].","Catalog provenance: Catalog access Restricted - Possibly; NAID 453248074. Query hit(s): memorandum of conversation, telephone conversation. OCR status: Not OCR sampled. Digital object: 41-bpr-nsc-blackwill_chron-30543-004.pdf. Catalog: https://catalog.archives.gov/id/453248074.",https://catalog.archives.gov/id/453248074,https://s3.dualstack.us-east-1.amazonaws.com/NARAprodstorage/lz/presidential-libraries/bush/gb-nsc/blackwill/chron_2554659/41-bpr-nsc-blackwill_chron-30543-004.pdf
,,,60,Conversation signal,BC 048,Blackwill Chronological Files,Open or screen chronological packet,Memcon/telcon search lead,Regional,1989-06-01,June 1989 [5],memorandum of conversation | telephone conversation,20,453248087,Robert D. Blackwill Chronological Files,"Source: George H.W. Bush Library, Bush Presidential Records, National Security Council, Robert D. Blackwill Chronological Files, June 1989 [5].","Catalog provenance: Catalog access Restricted - Possibly; NAID 453248087. Query hit(s): memorandum of conversation, telephone conversation. OCR status: Not OCR sampled. Digital object: 41-bpr-nsc-blackwill_chron-30545-005.pdf. Catalog: https://catalog.archives.gov/id/453248087.",https://catalog.archives.gov/id/453248087,https://s3.dualstack.us-east-1.amazonaws.com/NARAprodstorage/lz/presidential-libraries/bush/gb-nsc/blackwill/chron_2554659/41-bpr-nsc-blackwill_chron-30545-005.pdf
,,,60,Conversation signal,BC 049,Blackwill Chronological Files,Open or screen chronological packet,Memcon/telcon search lead,Regional,1989-08-01,August 1989 [4],memorandum of conversation | telephone conversation,20,453248098,Robert D. Blackwill Chronological Files,"Source: George H.W. Bush Library, Bush Presidential Records, National Security Council, Robert D. Blackwill Chronological Files, August 1989 [4].","Catalog provenance: Catalog access Restricted - Possibly; NAID 453248098. Query hit(s): memorandum of conversation, telephone conversation. OCR status: Not OCR sampled. Digital object: 41-bpr-nsc-blackwill_chron-30547-002.pdf. Catalog: https://catalog.archives.gov/id/453248098.",https://catalog.archives.gov/id/453248098,https://s3.dualstack.us-east-1.amazonaws.com/NARAprodstorage/lz/presidential-libraries/bush/gb-nsc/blackwill/chron_2554659/41-bpr-nsc-blackwill_chron-30547-002.pdf
,,,60,Conversation signal,GC 010,Gates Chronological Files,Screen for copied or staff-context records,Memcon/telcon search lead,Regional,1989-01-01,Chron File (Official): Classified 1989 (Part I) [3 of 4],memorandum of conversation | telephone conversation,20,470436943,Robert M. Gates' Chronological Files,"Source: George H.W. Bush Library, Bush Presidential Records, National Security Council, Robert M. Gates' Chronological Files, Chron File (Official): Classified 1989 (Part I) [3 of 4].","Catalog provenance: Catalog access Restricted - Possibly; NAID 470436943. Query hit(s): memorandum of conversation, telephone conversation. OCR status: Not OCR sampled. Digital object: 41-bpr-nsc-gates-chron-cf00948-013.pdf. Catalog: https://catalog.archives.gov/id/470436943.",https://catalog.archives.gov/id/470436943,https://s3.dualstack.us-east-1.amazonaws.com/NARAprodstorage/lz/presidential-libraries/bush/gb-nsc/gates/chron_2554841/41-bpr-nsc-gates-chron-cf00948-013.pdf
,,,60,Conversation signal,GC 011,Gates Chronological Files,Screen for copied or staff-context records,Memcon/telcon search lead,Regional,1989-01-01,Chron File (Official): Classified 1989 (Part I) [4 of 4],memorandum of conversation | telephone conversation,20,470436944,Robert M. Gates' Chronological Files,"Source: George H.W. Bush Library, Bush Presidential Records, National Security Council, Robert M. Gates' Chronological Files, Chron File (Official): Classified 1989 (Part I) [4 of 4].","Catalog provenance: Catalog access Restricted - Possibly; NAID 470436944. Query hit(s): memorandum of conversation, telephone conversation. OCR status: First five pages OCR reviewed. PDF extent: 59 pages. Digital object: 41-bpr-nsc-gates-chron-cf00948-014.pdf. Catalog: https://catalog.archives.gov/id/470436944.",https://catalog.archives.gov/id/470436944,https://s3.dualstack.us-east-1.amazonaws.com/NARAprodstorage/lz/presidential-libraries/bush/gb-nsc/gates/chron_2554841/41-bpr-nsc-gates-chron-cf00948-014.pdf
,,,60,Conversation signal,GC 012,Gates Chronological Files,Screen for copied or staff-context records,Memcon/telcon search lead,Regional,1989-01-01,Chron File (Official): Classified 1989 (Part II) [2 of 3],memorandum of conversation | telephone conversation,20,470436946,Robert M. Gates' Chronological Files,"Source: George H.W. Bush Library, Bush Presidential Records, National Security Council, Robert M. Gates' Chronological Files, Chron File (Official): Classified 1989 (Part II) [2 of 3].","Catalog provenance: Catalog access Restricted - Possibly; NAID 470436946. Query hit(s): memorandum of conversation, telephone conversation. OCR status: First five pages OCR reviewed. PDF extent: 32 pages. Digital object: 41-bpr-nsc-gates-chron-cf00948-016.pdf. Catalog: https://catalog.archives.gov/id/470436946.",https://catalog.archives.gov/id/470436946,https://s3.dualstack.us-east-1.amazonaws.com/NARAprodstorage/lz/presidential-libraries/bush/gb-nsc/gates/chron_2554841/41-bpr-nsc-gates-chron-cf00948-016.pdf
,,,59,Conversation signal,GC 013,Gates Chronological Files,Screen for copied or staff-context records,Memcon/telcon search lead,Regional,1989-01-01,Chron File (Official): 1989 (Part I) [Unclassified] [1 of 6],Greek | telephone conversation,19,470436931,Robert M. Gates' Chronological Files,"Source: George H.W. Bush Library, Bush Presidential Records, National Security Council, Robert M. Gates' Chronological Files, Chron File (Official): 1989 (Part I) [Unclassified] [1 of 6].","Catalog provenance: Catalog access Restricted - Possibly; NAID 470436931. Query hit(s): Greek, telephone conversation. OCR status: First five pages OCR reviewed. PDF extent: 102 pages. Digital object: 41-bpr-nsc-gates-chron-cf00948-001.pdf. Catalog: https://catalog.archives.gov/id/470436931.",https://catalog.archives.gov/id/470436931,https://s3.dualstack.us-east-1.amazonaws.com/NARAprodstorage/lz/presidential-libraries/bush/gb-nsc/gates/chron_2554841/41-bpr-nsc-gates-chron-cf00948-001.pdf
,,,58,Signal review,BC 050,Blackwill Chronological Files,Open or screen chronological packet,Series coverage,Regional,1989-10-01,Oct-89,Eastern Mediterranean,18,453248103,Robert D. Blackwill Chronological Files,"Source: George H.W. Bush Library, Bush Presidential Records, National Security Council, Robert D. Blackwill Chronological Files, Oct-89.",Catalog provenance: Catalog access Restricted - Possibly; NAID 453248103. Query hit(s): Eastern Mediterranean. OCR status: First four pages OCR reviewed. PDF extent: 51 pages. Digital object: 41-bpr-nsc-blackwill_chron-30547-007.pdf. Catalog: https://catalog.archives.gov/id/453248103.,https://catalog.archives.gov/id/453248103,https://s3.dualstack.us-east-1.amazonaws.com/NARAprodstorage/lz/presidential-libraries/bush/gb-nsc/blackwill/chron_2554659/41-bpr-nsc-blackwill_chron-30547-007.pdf
,,,55,Conversation signal,CC 077,Central Chronological Files,Open or screen packet index,Memcon/telcon search lead,Turkey,1991-03-01,March 1991 [1],Ozal + memcon | Ozal + telcon | Turkey + memorandum of conversation,55,470761744,European and Eurasian Directorate Central Chronological Files,"Source: George H.W. Bush Library, Bush Presidential Records, National Security Council, European and Eurasian Directorate Central Chronological Files, March 1991 [1].","Catalog provenance: Catalog access Restricted - Possibly; NAID 470761744. Query hit(s): Ozal + memcon, Ozal + telcon, Turkey + memorandum of conversation. OCR status: First four pages OCR reviewed. PDF extent: 168 pages. Digital object: 41-bpr-nsc-euro_eura-cen_chron-30514-003.pdf. Catalog: https://catalog.archives.gov/id/470761744.",https://catalog.archives.gov/id/470761744,https://s3.dualstack.us-east-1.amazonaws.com/NARAprodstorage/lz/presidential-libraries/bush/gb-nsc/euro_eura_dir_374000108/41-bpr-nsc-euro_eura-cen_chron-30514-003.pdf
,,,53,Conversation signal,BC 022,Blackwill Chronological Files,Open or screen chronological packet,Memcon/telcon search lead,Turkey,1989-05-01,May 1989 [9],Turkey | Turkish | memcon | memorandum of conversation | telephone conversation,53,453248081,Robert D. Blackwill Chronological Files,"Source: George H.W. Bush Library, Bush Presidential Records, National Security Council, Robert D. Blackwill Chronological Files, May 1989 [9].","Catalog provenance: Catalog access Restricted - Possibly; NAID 453248081. Query hit(s): Turkey, Turkish, memcon, memorandum of conversation, telephone conversation. OCR status: First four pages OCR reviewed. PDF extent: 119 pages. Digital object: 41-bpr-nsc-blackwill_chron-30544-005.pdf. Catalog: https://catalog.archives.gov/id/453248081.",https://catalog.archives.gov/id/453248081,https://s3.dualstack.us-east-1.amazonaws.com/NARAprodstorage/lz/presidential-libraries/bush/gb-nsc/blackwill/chron_2554659/41-bpr-nsc-blackwill_chron-30544-005.pdf
,,,51,Conversation signal,RS 004-001,Requested source pool: NSC,Review requested source-pool lead,Conversation search lead,Cross-chapter,1989-06-23 to 1989-06-23,"NSC0023 - June 23, 1989 - Persian Gulf [1]",memcon | memorandum of conversation | telephone conversation | NSC/DC | NSR,51,470760911,H-Files - National Security Council (NSC) Meeting Files,"Source: George H.W. Bush Library, Bush Presidential Records, National Security Council, H-Files - National Security Council (NSC) Meeting Files, NSC0023 - June 23, 1989 - Persian Gulf [1].","Catalog provenance: Catalog access Restricted - Possibly; NAID 470760911. Query hit(s): memcon, memorandum of conversation, telephone conversation, NSC/DC, NSR. Digital object: 41-bpr-nsc-hfiles-nsc_mtgs-23_1-90001-008.pdf. Catalog: https://catalog.archives.gov/id/470760911.",https://catalog.archives.gov/id/470760911,https://s3.amazonaws.com/NARAprodstorage/lz/presidential-libraries/bush/gb-nsc/H-Files/NSC_Mtgs_312293887/41-bpr-nsc-hfiles-nsc_mtgs-23_1-90001-008.pdf
,,,51,Signal review,RS 009-019,Requested source pool: IF Transition,Review requested source-pool lead,Country search lead,Cyprus,,Authorities and Responsibilities of the United States Chief of Mission,Cyprus,11,470760858,National Security Council (NSC) Institutional Files (IF) Transition Files,"Source: George H.W. Bush Library, Bush Presidential Records, National Security Council, National Security Council (NSC) Institutional Files (IF) Transition Files, Authorities and Responsibilities of the United States Chief of Mission.",Catalog provenance: Catalog access Restricted - Possibly; NAID 470760858. Query hit(s): Cyprus. Digital object: 41-bpr-nsc-hfiles-if_trans-99015-004.pdf. Catalog: https://catalog.archives.gov/id/470760858.,https://catalog.archives.gov/id/470760858,https://s3.amazonaws.com/NARAprodstorage/lz/presidential-libraries/bush/gb-nsc/H-Files/IF_Transition_348937136/41-bpr-nsc-hfiles-if_trans-99015-004.pdf
,,,51,Signal review,RS 009-020,Requested source pool: IF Transition,Review requested source-pool lead,Country search lead,Cyprus,,National Security Council Secretariat Procedure Manual [2],Cyprus,11,470760863,National Security Council (NSC) Institutional Files (IF) Transition Files,"Source: George H.W. Bush Library, Bush Presidential Records, National Security Council, National Security Council (NSC) Institutional Files (IF) Transition Files, National Security Council Secretariat Procedure Manual [2].",Catalog provenance: Catalog access Restricted - Possibly; NAID 470760863. Query hit(s): Cyprus. Digital object: 41-bpr-nsc-hfiles-if_trans-99015-009.pdf. Catalog: https://catalog.archives.gov/id/470760863.,https://catalog.archives.gov/id/470760863,https://s3.amazonaws.com/NARAprodstorage/lz/presidential-libraries/bush/gb-nsc/H-Files/IF_Transition_348937136/41-bpr-nsc-hfiles-if_trans-99015-009.pdf
,,,50,Conversation signal,GC 003,Gates Chronological Files,Screen for copied or staff-context records,Peripheral OCR hit,Greece,1989-01-01,Chron File (Official): 1989 (Part II) [Unclassified] [2 of 4],"US) National Guard. Chile, Costa) Rica, Denmark (mm. 50), Greece, | Guatemala, Haiti, Honduras, aly, Philippines. Taiwan, Tunisia and | Greece 32 - - | Greece | Turkey | Turkish | memorandum of conversation | telephone conversation",50,470436938,Robert M. Gates' Chronological Files,"Source: George H.W. Bush Library, Bush Presidential Records, National Security Council, Robert M. Gates' Chronological Files, Chron File (Official): 1989 (Part II) [Unclassified] [2 of 4].","Catalog provenance: Catalog access Restricted - Possibly; NAID 470436938. Query hit(s): Greece, Turkey, Turkish, memorandum of conversation, telephone conversation. OCR status: Full PDF OCR reviewed. OCR signals: US) National Guard. Chile, Costa) Rica, Denmark (mm. 50), Greece, | Guatemala, Haiti, Honduras, aly, Philippines. Taiwan, Tunisia and | Greece 32 - -. PDF extent: 88 pages. Digital object: 41-bpr-nsc-gates-chron-cf00948-008.pdf. Catalog: https://catalog.archives.gov/id/470436938.",https://catalog.archives.gov/id/470436938,https://s3.dualstack.us-east-1.amazonaws.com/NARAprodstorage/lz/presidential-libraries/bush/gb-nsc/gates/chron_2554841/41-bpr-nsc-gates-chron-cf00948-008.pdf
,,,50,Conversation signal,GC 016,Gates Chronological Files,Screen for copied or staff-context records,Memcon/telcon search lead,Regional,1989-01-01,Chron File (Official): 1989 (Part I) [Unclassified] [2 of 6],memorandum of conversation,10,470436932,Robert M. Gates' Chronological Files,"Source: George H.W. Bush Library, Bush Presidential Records, National Security Council, Robert M. Gates' Chronological Files, Chron File (Official): 1989 (Part I) [Unclassified] [2 of 6].",Catalog provenance: Catalog access Restricted - Possibly; NAID 470436932. Query hit(s): memorandum of conversation. OCR status: Not OCR sampled. Digital object: 41-bpr-nsc-gates-chron-cf00948-002.pdf. Catalog: https://catalog.archives.gov/id/470436932.,https://catalog.archives.gov/id/470436932,https://s3.dualstack.us-east-1.amazonaws.com/NARAprodstorage/lz/presidential-libraries/bush/gb-nsc/gates/chron_2554841/41-bpr-nsc-gates-chron-cf00948-002.pdf
,,,50,Conversation signal,GC 017,Gates Chronological Files,Screen for copied or staff-context records,Memcon/telcon search lead,Regional,1989-01-01,Chron File (Official): 1989 (Part I) [Unclassified] [5 of 6],telephone conversation,10,470436935,Robert M. Gates' Chronological Files,"Source: George H.W. Bush Library, Bush Presidential Records, National Security Council, Robert M. Gates' Chronological Files, Chron File (Official): 1989 (Part I) [Unclassified] [5 of 6].",Catalog provenance: Catalog access Restricted - Possibly; NAID 470436935. Query hit(s): telephone conversation. OCR status: Not OCR sampled. Digital object: 41-bpr-nsc-gates-chron-cf00948-005.pdf. Catalog: https://catalog.archives.gov/id/470436935.,https://catalog.archives.gov/id/470436935,https://s3.dualstack.us-east-1.amazonaws.com/NARAprodstorage/lz/presidential-libraries/bush/gb-nsc/gates/chron_2554841/41-bpr-nsc-gates-chron-cf00948-005.pdf
,,,49,Signal review,BC 051,Blackwill Chronological Files,Open or screen chronological packet,Series coverage,Regional,1989-04-01,April 1989 [4],Greek,9,453248068,Robert D. Blackwill Chronological Files,"Source: George H.W. Bush Library, Bush Presidential Records, National Security Council, Robert D. Blackwill Chronological Files, April 1989 [4].",Catalog provenance: Catalog access Restricted - Possibly; NAID 453248068. Query hit(s): Greek. OCR status: Not OCR sampled. Digital object: 41-bpr-nsc-blackwill_chron-30542-004.pdf. Catalog: https://catalog.archives.gov/id/453248068.,https://catalog.archives.gov/id/453248068,https://s3.dualstack.us-east-1.amazonaws.com/NARAprodstorage/lz/presidential-libraries/bush/gb-nsc/blackwill/chron_2554659/41-bpr-nsc-blackwill_chron-30542-004.pdf
,,,49,Signal review,RS 006-013,Requested source pool: NSC/DC Meetings Follow-Up,Review requested source-pool lead,Series/source coverage,Regional,1992-07-10 to 1992-07-10,"DC - NATO/Yugoslavia July 10, 1992 15:00 - 16:00 Situation Room",NSC/DC,9,470761531,H-Files - National Security Council (NSC)/Deputies Committee (DC) Meetings Follow-up Files,"Source: George H.W. Bush Library, Bush Presidential Records, National Security Council, H-Files - National Security Council (NSC)/Deputies Committee (DC) Meetings Follow-up Files, DC - NATO/Yugoslavia July 10, 1992 15:00 - 16:00 Situation Room.",Catalog provenance: Catalog access Restricted - Possibly; NAID 470761531. Query hit(s): NSC/DC. Digital object: 41-bpr-nsc-hfiles-dc_mtgs_foll_up-90044-019.pdf. Catalog: https://catalog.archives.gov/id/470761531.,https://catalog.archives.gov/id/470761531,https://s3.amazonaws.com/NARAprodstorage/lz/presidential-libraries/bush/gb-nsc/H-Files/NSC-DC_Mtgs_Foll-up_312294094/41-bpr-nsc-hfiles-dc_mtgs_foll_up-90044-019.pdf
,,,45,Signal review,RS 007-001,Requested source pool: NSR,Review requested source-pool lead,Country search lead,Greece; Turkey,1989-06-07 to 1989-06-07,"NSR-16 - June 07, 1989 - Comprehensive Review of International Affairs Budget and Programs [1]",Greece | Turkey | NSC/DC | NSD | NSR,45,446394955,H-Files - National Security Review (NSR) Files,"Source: George H.W. Bush Library, Bush Presidential Records, National Security Council, H-Files - National Security Review (NSR) Files, NSR-16 - June 07, 1989 - Comprehensive Review of International Affairs Budget and Programs [1].","Catalog provenance: Catalog access Restricted - Possibly; NAID 446394955. Query hit(s): Greece, Turkey, NSC/DC, NSD, NSR. Digital object: 41-bpr-nsc-hfiles-nsr-16_1-90007-003.pdf. Catalog: https://catalog.archives.gov/id/446394955.",https://catalog.archives.gov/id/446394955,https://s3.amazonaws.com/NARAprodstorage/lz/presidential-libraries/bush/gb-nsc/H-Files/NSRs_313189297/41-bpr-nsc-hfiles-nsr-16_1-90007-003.pdf
,,,42,Conversation signal,RS 008-001,Requested source pool: NSD,Review requested source-pool lead,Conversation search lead,Greece; Turkey,1989-10-02 to 1989-10-02,"NSD-26 - October 02, 1989 - U.S. Policy toward the Persian Gulf",Greece | Turkey | memorandum of conversation | telephone conversation,42,446396843,National Security Directives (NSD) Files,"Source: George H.W. Bush Library, Bush Presidential Records, National Security Council, National Security Directives (NSD) Files, NSD-26 - October 02, 1989 - U.S. Policy toward the Persian Gulf.","Catalog provenance: Catalog access Restricted - Possibly; NAID 446396843. Query hit(s): Greece, Turkey, memorandum of conversation, telephone conversation. Digital object: 41-bpr-nsc-hfiles-nsd-26-90003-034.pdf. Catalog: https://catalog.archives.gov/id/446396843.",https://catalog.archives.gov/id/446396843,https://s3.amazonaws.com/NARAprodstorage/lz/presidential-libraries/bush/gb-nsc/H-Files/NSDs_313189290/41-bpr-nsc-hfiles-nsd-26-90003-034.pdf
,,,41,Conversation signal,RS 009-007,Requested source pool: IF Transition,Review requested source-pool lead,Conversation search lead,Turkey,,NSC Procedural Manual - Binder 2 [2],Turkey | memorandum of conversation | telephone conversation | NSC/DC,41,470760879,National Security Council (NSC) Institutional Files (IF) Transition Files,"Source: George H.W. Bush Library, Bush Presidential Records, National Security Council, National Security Council (NSC) Institutional Files (IF) Transition Files, NSC Procedural Manual - Binder 2 [2].","Catalog provenance: Catalog access Restricted - Possibly; NAID 470760879. Query hit(s): Turkey, memorandum of conversation, telephone conversation, NSC/DC. Digital object: 41-bpr-nsc-hfiles-if_trans-99017-005.pdf. Catalog: https://catalog.archives.gov/id/470760879.",https://catalog.archives.gov/id/470760879,https://s3.amazonaws.com/NARAprodstorage/lz/presidential-libraries/bush/gb-nsc/H-Files/IF_Transition_348937136/41-bpr-nsc-hfiles-if_trans-99017-005.pdf
,,,40,Screen,BC 052,Blackwill Chronological Files,Open or screen chronological packet,Series coverage,Regional,1989-03-01,March 1989 [6],Series coverage; Open or screen chronological packet; Robert D. Blackwill Chronological Files,,453248063,Robert D. Blackwill Chronological Files,"Source: George H.W. Bush Library, Bush Presidential Records, National Security Council, Robert D. Blackwill Chronological Files, March 1989 [6].",Catalog provenance: Catalog access Restricted - Possibly; NAID 453248063. OCR status: Not OCR sampled. Digital object: 41-bpr-nsc-blackwill_chron-30541-005.pdf. Catalog: https://catalog.archives.gov/id/453248063.,https://catalog.archives.gov/id/453248063,https://s3.dualstack.us-east-1.amazonaws.com/NARAprodstorage/lz/presidential-libraries/bush/gb-nsc/blackwill/chron_2554659/41-bpr-nsc-blackwill_chron-30541-005.pdf
,,,40,Screen,BC 053,Blackwill Chronological Files,Open or screen chronological packet,Series coverage,Regional,1989-09-01,Sep-89,Series coverage; Open or screen chronological packet; Robert D. Blackwill Chronological Files,,453248102,Robert D. Blackwill Chronological Files,"Source: George H.W. Bush Library, Bush Presidential Records, National Security Council, Robert D. Blackwill Chronological Files, Sep-89.",Catalog provenance: Catalog access Restricted - Possibly; NAID 453248102. OCR status: Not OCR sampled. Digital object: 41-bpr-nsc-blackwill_chron-30547-006.pdf. Catalog: https://catalog.archives.gov/id/453248102.,https://catalog.archives.gov/id/453248102,https://s3.dualstack.us-east-1.amazonaws.com/NARAprodstorage/lz/presidential-libraries/bush/gb-nsc/blackwill/chron_2554659/41-bpr-nsc-blackwill_chron-30547-006.pdf
,,,40,Screen,BC 054,Blackwill Chronological Files,Open or screen chronological packet,Series coverage,Regional,1989-12-01,Dec-89,Series coverage; Open or screen chronological packet; Robert D. Blackwill Chronological Files,,453248105,Robert D. Blackwill Chronological Files,"Source: George H.W. Bush Library, Bush Presidential Records, National Security Council, Robert D. Blackwill Chronological Files, Dec-89.",Catalog provenance: Catalog access Restricted - Possibly; NAID 453248105. OCR status: Not OCR sampled. Digital object: 41-bpr-nsc-blackwill_chron-30547-009.pdf. Catalog: https://catalog.archives.gov/id/453248105.,https://catalog.archives.gov/id/453248105,https://s3.dualstack.us-east-1.amazonaws.com/NARAprodstorage/lz/presidential-libraries/bush/gb-nsc/blackwill/chron_2554659/41-bpr-nsc-blackwill_chron-30547-009.pdf
,,,40,Screen,BC 055,Blackwill Chronological Files,Open or screen chronological packet,Series coverage,Regional,1990-01-01,Jan-90,Series coverage; Open or screen chronological packet; Robert D. Blackwill Chronological Files,,453248106,Robert D. Blackwill Chronological Files,"Source: George H.W. Bush Library, Bush Presidential Records, National Security Council, Robert D. Blackwill Chronological Files, Jan-90.",Catalog provenance: Catalog access Restricted - Possibly; NAID 453248106. OCR status: Not OCR sampled. Digital object: 41-bpr-nsc-blackwill_chron-30547-010.pdf. Catalog: https://catalog.archives.gov/id/453248106.,https://catalog.archives.gov/id/453248106,https://s3.dualstack.us-east-1.amazonaws.com/NARAprodstorage/lz/presidential-libraries/bush/gb-nsc/blackwill/chron_2554659/41-bpr-nsc-blackwill_chron-30547-010.pdf
,,,40,Screen,BC 056,Blackwill Chronological Files,Open or screen chronological packet,Series coverage,Regional,1990-02-01,February 1990 [Empty],Series coverage; Open or screen chronological packet; Robert D. Blackwill Chronological Files,,453248107,Robert D. Blackwill Chronological Files,"Source: George H.W. Bush Library, Bush Presidential Records, National Security Council, Robert D. Blackwill Chronological Files, February 1990 [Empty].",Catalog provenance: Catalog access Restricted - Possibly; NAID 453248107. OCR status: Not OCR sampled. Catalog: https://catalog.archives.gov/id/453248107.,https://catalog.archives.gov/id/453248107,
,,,40,Screen,BW 004,Blackwill Subject Files,Complete-series review,Regional context review,Regional,1989-01-01,"[Cables 1-6/89 (CSCE [Conference on Security and Cooperation in Europe], CFE, Eastern Europe)]",Regional context review; Complete-series review; Robert D. Blackwill's Subject Files,,453248124,Robert D. Blackwill's Subject Files,"Source: George H.W. Bush Library, Bush Presidential Records, National Security Council, Robert D. Blackwill's Subject Files, [Cables 1-6/89 (CSCE [Conference on Security and Cooperation in Europe], CFE, Eastern Europe)].",Catalog provenance: Catalog access Restricted - Possibly; NAID 453248124. PDF extent: 54 pages. Digital object: 41-bpr-nsc-blackwill_subj-cf00182-016.pdf. Catalog: https://catalog.archives.gov/id/453248124.,https://catalog.archives.gov/id/453248124,https://s3.dualstack.us-east-1.amazonaws.com/NARAprodstorage/lz/presidential-libraries/bush/gb-nsc/blackwill/subject_2554653/41-bpr-nsc-blackwill_subj-cf00182-016.pdf
,,,40,Screen,BW 005,Blackwill Subject Files,Complete-series review,Regional context review,Regional,1989-01-01,[European Strategy Steering Group (ESSG) Meetings 3-6/89],Regional context review; Complete-series review; Robert D. Blackwill's Subject Files,,453248109,Robert D. Blackwill's Subject Files,"Source: George H.W. Bush Library, Bush Presidential Records, National Security Council, Robert D. Blackwill's Subject Files, [European Strategy Steering Group (ESSG) Meetings 3-6/89].",Catalog provenance: Catalog access Restricted - Possibly; NAID 453248109. PDF extent: 75 pages. Digital object: 41-bpr-nsc-blackwill_subj-cf00182-001.pdf. Catalog: https://catalog.archives.gov/id/453248109.,https://catalog.archives.gov/id/453248109,https://s3.dualstack.us-east-1.amazonaws.com/NARAprodstorage/lz/presidential-libraries/bush/gb-nsc/blackwill/subject_2554653/41-bpr-nsc-blackwill_subj-cf00182-001.pdf
,,,40,Screen,BW 006,Blackwill Subject Files,Complete-series review,Regional context review,Regional,1989-01-01,[German Reunification 11/89-6/90] [1],Regional context review; Complete-series review; Robert D. Blackwill's Subject Files,,360766708,Robert D. Blackwill's Subject Files,"Source: George H.W. Bush Library, Bush Presidential Records, National Security Council, Robert D. Blackwill's Subject Files, [German Reunification 11/89-6/90] [1].",Catalog provenance: Catalog access Undetermined; NAID 360766708. PDF extent: 146 pages. Digital object: 41-bpr-nsc-blackwill_subj-cf00182-020.pdf. Catalog: https://catalog.archives.gov/id/360766708.,https://catalog.archives.gov/id/360766708,https://s3.dualstack.us-east-1.amazonaws.com/NARAprodstorage/lz/presidential-libraries/bush/gb-nsc/blackwill/subject_2554653/41-bpr-nsc-blackwill_subj-cf00182-020.pdf
,,,40,Screen,BW 018,Blackwill Subject Files,Complete-series review,Regional context review,Regional,1989-01-01,Malta / Brussels Items - Hold for Trip,Regional context review; Complete-series review; Robert D. Blackwill's Subject Files,,453248130,Robert D. Blackwill's Subject Files,"Source: George H.W. Bush Library, Bush Presidential Records, National Security Council, Robert D. Blackwill's Subject Files, Malta / Brussels Items - Hold for Trip.",Catalog provenance: Catalog access Restricted - Possibly; NAID 453248130. PDF extent: 23 pages. Digital object: 41-bpr-nsc-blackwill_subj-cf01952-002.pdf. Catalog: https://catalog.archives.gov/id/453248130.,https://catalog.archives.gov/id/453248130,https://s3.dualstack.us-east-1.amazonaws.com/NARAprodstorage/lz/presidential-libraries/bush/gb-nsc/blackwill/subject_2554653/41-bpr-nsc-blackwill_subj-cf01952-002.pdf
,,,40,Screen,BW 019,Blackwill Subject Files,Complete-series review,Regional context review,Regional,1989-11-01,[German Reunification 11/89-6/90] [2],Regional context review; Complete-series review; Robert D. Blackwill's Subject Files,,453248128,Robert D. Blackwill's Subject Files,"Source: George H.W. Bush Library, Bush Presidential Records, National Security Council, Robert D. Blackwill's Subject Files, [German Reunification 11/89-6/90] [2].",Catalog provenance: Catalog access Restricted - Possibly; NAID 453248128. PDF extent: 198 pages. Digital object: 41-bpr-nsc-blackwill_subj-cf00182-021.pdf. Catalog: https://catalog.archives.gov/id/453248128.,https://catalog.archives.gov/id/453248128,https://s3.dualstack.us-east-1.amazonaws.com/NARAprodstorage/lz/presidential-libraries/bush/gb-nsc/blackwill/subject_2554653/41-bpr-nsc-blackwill_subj-cf00182-021.pdf
,,,40,Screen,BW 020,Blackwill Subject Files,Complete-series review,Regional context review,Regional,1989-11-01,[German Reunification 11/89-6/90] [3],Regional context review; Complete-series review; Robert D. Blackwill's Subject Files,,453248129,Robert D. Blackwill's Subject Files,"Source: George H.W. Bush Library, Bush Presidential Records, National Security Council, Robert D. Blackwill's Subject Files, [German Reunification 11/89-6/90] [3].",Catalog provenance: Catalog access Restricted - Possibly; NAID 453248129. PDF extent: 15 pages. Digital object: 41-bpr-nsc-blackwill_subj-cf00182-022.pdf. Catalog: https://catalog.archives.gov/id/453248129.,https://catalog.archives.gov/id/453248129,https://s3.dualstack.us-east-1.amazonaws.com/NARAprodstorage/lz/presidential-libraries/bush/gb-nsc/blackwill/subject_2554653/41-bpr-nsc-blackwill_subj-cf00182-022.pdf
,,,40,Screen,BW 021,Blackwill Subject Files,Complete-series review,Regional context review,Regional,1989-12-02,[Memcon: Malta Summit - First Expanded Bilateral Session between POTUS and Mikhail Gorbachev 12/2/89],Regional context review; Complete-series review; Robert D. Blackwill's Subject Files,,453248125,Robert D. Blackwill's Subject Files,"Source: George H.W. Bush Library, Bush Presidential Records, National Security Council, Robert D. Blackwill's Subject Files, [Memcon: Malta Summit - First Expanded Bilateral Session between POTUS and Mikhail Gorbachev 12/2/89].",Catalog provenance: Catalog access Restricted - Possibly; NAID 453248125. PDF extent: 13 pages. Digital object: 41-bpr-nsc-blackwill_subj-cf00182-017.pdf. Catalog: https://catalog.archives.gov/id/453248125.,https://catalog.archives.gov/id/453248125,https://s3.dualstack.us-east-1.amazonaws.com/NARAprodstorage/lz/presidential-libraries/bush/gb-nsc/blackwill/subject_2554653/41-bpr-nsc-blackwill_subj-cf00182-017.pdf
,,,40,Screen,BW 022,Blackwill Subject Files,Complete-series review,Regional context review,Regional,1989-12-02,[Memcon: Malta Summit - Luncheon Meeting between POTUS and Mikhail Gorbachev 12/2/89],Regional context review; Complete-series review; Robert D. Blackwill's Subject Files,,453248126,Robert D. Blackwill's Subject Files,"Source: George H.W. Bush Library, Bush Presidential Records, National Security Council, Robert D. Blackwill's Subject Files, [Memcon: Malta Summit - Luncheon Meeting between POTUS and Mikhail Gorbachev 12/2/89].",Catalog provenance: Catalog access Restricted - Possibly; NAID 453248126. PDF extent: 6 pages. Digital object: 41-bpr-nsc-blackwill_subj-cf00182-018.pdf. Catalog: https://catalog.archives.gov/id/453248126.,https://catalog.archives.gov/id/453248126,https://s3.dualstack.us-east-1.amazonaws.com/NARAprodstorage/lz/presidential-libraries/bush/gb-nsc/blackwill/subject_2554653/41-bpr-nsc-blackwill_subj-cf00182-018.pdf
,,,40,Screen,BW 026,Blackwill Subject Files,Complete-series review,Regional context review,Regional,1989-12-03,[Memcon: Malta Summit - Second Expanded Bilateral Session between POTUS and Mikhail Gorbachev 12/3/89],Regional context review; Complete-series review; Robert D. Blackwill's Subject Files,,453248127,Robert D. Blackwill's Subject Files,"Source: George H.W. Bush Library, Bush Presidential Records, National Security Council, Robert D. Blackwill's Subject Files, [Memcon: Malta Summit - Second Expanded Bilateral Session between POTUS and Mikhail Gorbachev 12/3/89].",Catalog provenance: Catalog access Restricted - Possibly; NAID 453248127. PDF extent: 16 pages. Digital object: 41-bpr-nsc-blackwill_subj-cf00182-019.pdf. Catalog: https://catalog.archives.gov/id/453248127.,https://catalog.archives.gov/id/453248127,https://s3.dualstack.us-east-1.amazonaws.com/NARAprodstorage/lz/presidential-libraries/bush/gb-nsc/blackwill/subject_2554653/41-bpr-nsc-blackwill_subj-cf00182-019.pdf
,,,40,Screen,BW 027,Blackwill Subject Files,Complete-series review,Regional context review,Regional,1990-02-24,[Memcon: POTUS and Helmut Kohl 2/24-25/90],Regional context review; Complete-series review; Robert D. Blackwill's Subject Files,,453248121,Robert D. Blackwill's Subject Files,"Source: George H.W. Bush Library, Bush Presidential Records, National Security Council, Robert D. Blackwill's Subject Files, [Memcon: POTUS and Helmut Kohl 2/24-25/90].",Catalog provenance: Catalog access Restricted - Possibly; NAID 453248121. PDF extent: 21 pages. Digital object: 41-bpr-nsc-blackwill_subj-cf00182-013.pdf. Catalog: https://catalog.archives.gov/id/453248121.,https://catalog.archives.gov/id/453248121,https://s3.dualstack.us-east-1.amazonaws.com/NARAprodstorage/lz/presidential-libraries/bush/gb-nsc/blackwill/subject_2554653/41-bpr-nsc-blackwill_subj-cf00182-013.pdf
,,,40,Screen,BW 028,Blackwill Subject Files,Complete-series review,Regional context review,Regional,1990-02-24,[Telcon: POTUS and Margaret Thatcher 2/24/90],Regional context review; Complete-series review; Robert D. Blackwill's Subject Files,,453248123,Robert D. Blackwill's Subject Files,"Source: George H.W. Bush Library, Bush Presidential Records, National Security Council, Robert D. Blackwill's Subject Files, [Telcon: POTUS and Margaret Thatcher 2/24/90].",Catalog provenance: Catalog access Restricted - Possibly; NAID 453248123. PDF extent: 10 pages. Digital object: 41-bpr-nsc-blackwill_subj-cf00182-015.pdf. Catalog: https://catalog.archives.gov/id/453248123.,https://catalog.archives.gov/id/453248123,https://s3.dualstack.us-east-1.amazonaws.com/NARAprodstorage/lz/presidential-libraries/bush/gb-nsc/blackwill/subject_2554653/41-bpr-nsc-blackwill_subj-cf00182-015.pdf
,,,40,Screen,BW 029,Blackwill Subject Files,Complete-series review,Regional context review,Regional,1990-02-28,[Telcon: POTUS and Mikhail Gorbachev 2/28/90],Regional context review; Complete-series review; Robert D. Blackwill's Subject Files,,453248122,Robert D. Blackwill's Subject Files,"Source: George H.W. Bush Library, Bush Presidential Records, National Security Council, Robert D. Blackwill's Subject Files, [Telcon: POTUS and Mikhail Gorbachev 2/28/90].",Catalog provenance: Catalog access Restricted - Possibly; NAID 453248122. PDF extent: 6 pages. Digital object: 41-bpr-nsc-blackwill_subj-cf00182-014.pdf. Catalog: https://catalog.archives.gov/id/453248122.,https://catalog.archives.gov/id/453248122,https://s3.dualstack.us-east-1.amazonaws.com/NARAprodstorage/lz/presidential-libraries/bush/gb-nsc/blackwill/subject_2554653/41-bpr-nsc-blackwill_subj-cf00182-014.pdf
,,,40,Screen,GC 018,Gates Chronological Files,Screen for copied or staff-context records,Series coverage,Regional,1989-01-01,Chron File (Official): 1989 (Part I) [Unclassified] [6 of 6],Series coverage; Screen for copied or staff-context records; Robert M. Gates' Chronological Files,,470436936,Robert M. Gates' Chronological Files,"Source: George H.W. Bush Library, Bush Presidential Records, National Security Council, Robert M. Gates' Chronological Files, Chron File (Official): 1989 (Part I) [Unclassified] [6 of 6].",Catalog provenance: Catalog access Restricted - Possibly; NAID 470436936. OCR status: Not OCR sampled. Digital object: 41-bpr-nsc-gates-chron-cf00948-006.pdf. Catalog: https://catalog.archives.gov/id/470436936.,https://catalog.archives.gov/id/470436936,https://s3.dualstack.us-east-1.amazonaws.com/NARAprodstorage/lz/presidential-libraries/bush/gb-nsc/gates/chron_2554841/41-bpr-nsc-gates-chron-cf00948-006.pdf
,,,40,Screen,GC 019,Gates Chronological Files,Screen for copied or staff-context records,Series coverage,Regional,1989-01-01,Chron File (Official): 1989 (Part II) [Unclassified] [3 of 4],Series coverage; Screen for copied or staff-context records; Robert M. Gates' Chronological Files,,470436939,Robert M. Gates' Chronological Files,"Source: George H.W. Bush Library, Bush Presidential Records, National Security Council, Robert M. Gates' Chronological Files, Chron File (Official): 1989 (Part II) [Unclassified] [3 of 4].",Catalog provenance: Catalog access Restricted - Possibly; NAID 470436939. OCR status: Not OCR sampled. Digital object: 41-bpr-nsc-gates-chron-cf00948-009.pdf. Catalog: https://catalog.archives.gov/id/470436939.,https://catalog.archives.gov/id/470436939,https://s3.dualstack.us-east-1.amazonaws.com/NARAprodstorage/lz/presidential-libraries/bush/gb-nsc/gates/chron_2554841/41-bpr-nsc-gates-chron-cf00948-009.pdf
,,,40,Screen,GC 020,Gates Chronological Files,Screen for copied or staff-context records,Series coverage,Regional,1989-01-01,Chron File (Official): Classified 1989 (Part II) [3 of 3],Series coverage; Screen for copied or staff-context records; Robert M. Gates' Chronological Files,,470436947,Robert M. Gates' Chronological Files,"Source: George H.W. Bush Library, Bush Presidential Records, National Security Council, Robert M. Gates' Chronological Files, Chron File (Official): Classified 1989 (Part II) [3 of 3].",Catalog provenance: Catalog access Restricted - Possibly; NAID 470436947. OCR status: Not OCR sampled. Digital object: 41-bpr-nsc-gates-chron-cf00948-017.pdf. Catalog: https://catalog.archives.gov/id/470436947.,https://catalog.archives.gov/id/470436947,https://s3.dualstack.us-east-1.amazonaws.com/NARAprodstorage/lz/presidential-libraries/bush/gb-nsc/gates/chron_2554841/41-bpr-nsc-gates-chron-cf00948-017.pdf
,,,40,Screen,GC 021,Gates Chronological Files,Screen for copied or staff-context records,Series coverage,Regional,1991-01-01,Chron File (Official): 1991,Series coverage; Screen for copied or staff-context records; Robert M. Gates' Chronological Files,,470436951,Robert M. Gates' Chronological Files,"Source: George H.W. Bush Library, Bush Presidential Records, National Security Council, Robert M. Gates' Chronological Files, Chron File (Official): 1991.",Catalog provenance: Catalog access Restricted - Possibly; NAID 470436951. OCR status: Not OCR sampled. Digital object: 41-bpr-nsc-gates-chron-cf00948-021.pdf. Catalog: https://catalog.archives.gov/id/470436951.,https://catalog.archives.gov/id/470436951,https://s3.dualstack.us-east-1.amazonaws.com/NARAprodstorage/lz/presidential-libraries/bush/gb-nsc/gates/chron_2554841/41-bpr-nsc-gates-chron-cf00948-021.pdf
,,,39,Conversation signal,RS 004-002,Requested source pool: NSC,Review requested source-pool lead,Conversation search lead,Cross-chapter,1989-04-05 to 1989-04-05,"NSC0009 - April 05, 1989 - Review of National Security Review 3 Regarding U.S. and USSR Relations",memorandum of conversation | telephone conversation | NSC/DC | NSR,39,470760894,H-Files - National Security Council (NSC) Meeting Files,"Source: George H.W. Bush Library, Bush Presidential Records, National Security Council, H-Files - National Security Council (NSC) Meeting Files, NSC0009 - April 05, 1989 - Review of National Security Review 3 Regarding U.S. and USSR Relations.","Catalog provenance: Catalog access Restricted - Possibly; NAID 470760894. Query hit(s): memorandum of conversation, telephone conversation, NSC/DC, NSR. Digital object: 41-bpr-nsc-hfiles-nsc_mtgs-9-90000-010.pdf. Catalog: https://catalog.archives.gov/id/470760894.",https://catalog.archives.gov/id/470760894,https://s3.amazonaws.com/NARAprodstorage/lz/presidential-libraries/bush/gb-nsc/H-Files/NSC_Mtgs_312293887/41-bpr-nsc-hfiles-nsc_mtgs-9-90000-010.pdf
,,,39,Conversation signal,RS 007-002,Requested source pool: NSR,Review requested source-pool lead,Conversation search lead,Cross-chapter,1989-06-22 to 1989-06-22,"NSR-18 - June 22, 1989 - Counterintelligence and Security Countermeasures [1]",memorandum of conversation | telephone conversation | NSC/DC | NSR,39,446394960,H-Files - National Security Review (NSR) Files,"Source: George H.W. Bush Library, Bush Presidential Records, National Security Council, H-Files - National Security Review (NSR) Files, NSR-18 - June 22, 1989 - Counterintelligence and Security Countermeasures [1].","Catalog provenance: Catalog access Restricted - Possibly; NAID 446394960. Query hit(s): memorandum of conversation, telephone conversation, NSC/DC, NSR. Digital object: 41-bpr-nsc-hfiles-nsr-18_1-90007-008.pdf. Catalog: https://catalog.archives.gov/id/446394960.",https://catalog.archives.gov/id/446394960,https://s3.amazonaws.com/NARAprodstorage/lz/presidential-libraries/bush/gb-nsc/H-Files/NSRs_313189297/41-bpr-nsc-hfiles-nsr-18_1-90007-008.pdf
,,,39,Signal review,RS 004-003,Requested source pool: NSC,Review requested source-pool lead,Country search lead,Greece; Turkey,1990-08-29 to 1990-08-29,"NSC0054 - August 29, 1990 - Persian Gulf Crisis, Economic Action Plan, Iraq [1]",Greece | Turkey | Turkish | NSC/DC,39,470760959,H-Files - National Security Council (NSC) Meeting Files,"Source: George H.W. Bush Library, Bush Presidential Records, National Security Council, H-Files - National Security Council (NSC) Meeting Files, NSC0054 - August 29, 1990 - Persian Gulf Crisis, Economic Action Plan, Iraq [1].","Catalog provenance: Catalog access Restricted - Possibly; NAID 470760959. Query hit(s): Greece, Turkey, Turkish, NSC/DC. Digital object: 41-bpr-nsc-hfiles-nsc_mtgs-54_1-90002-021.pdf. Catalog: https://catalog.archives.gov/id/470760959.",https://catalog.archives.gov/id/470760959,https://s3.amazonaws.com/NARAprodstorage/lz/presidential-libraries/bush/gb-nsc/H-Files/NSC_Mtgs_312293887/41-bpr-nsc-hfiles-nsc_mtgs-54_1-90002-021.pdf
,,,39,Signal review,RS 005-011,Requested source pool: NSC/DC Meetings,Review requested source-pool lead,Country search lead,Greece; Turkey,1992-11-13 to 1992-11-13,"NSC/DC 392 - November 13, 1992 - Small Group Meeting on Kosovo, Keywords: Yugoslavia Bosnia-Herzegovina",Greece | Greek | Turkey | Turkish,39,470761428,H-Files - National Security Council (NSC)/Deputies Committee (DC) Meetings Files,"Source: George H.W. Bush Library, Bush Presidential Records, National Security Council, H-Files - National Security Council (NSC)/Deputies Committee (DC) Meetings Files, NSC/DC 392 - November 13, 1992 - Small Group Meeting on Kosovo, Keywords: Yugoslavia Bosnia-Herzegovina.","Catalog provenance: Catalog access Restricted - Possibly; NAID 470761428. Query hit(s): Greece, Greek, Turkey, Turkish. Digital object: 41-bpr-nsc-hfiles-dc_mtgs-392-90024-001.pdf. Catalog: https://catalog.archives.gov/id/470761428.",https://catalog.archives.gov/id/470761428,https://s3.amazonaws.com/NARAprodstorage/lz/presidential-libraries/bush/gb-nsc/H-Files/NSC-DC_Mtgs_312294079/41-bpr-nsc-hfiles-dc_mtgs-392-90024-001.pdf
,,,38,Conversation signal,RS 007-003,Requested source pool: NSR,Review requested source-pool lead,Conversation search lead,Cross-chapter,1989-02-25 to 1989-02-25,"NSR-11 - February 25, 1989 - Defense Management Review [1]",memorandum of conversation | telephone conversation | NSD | NSR,38,446394936,H-Files - National Security Review (NSR) Files,"Source: George H.W. Bush Library, Bush Presidential Records, National Security Council, H-Files - National Security Review (NSR) Files, NSR-11 - February 25, 1989 - Defense Management Review [1].","Catalog provenance: Catalog access Restricted - Possibly; NAID 446394936. Query hit(s): memorandum of conversation, telephone conversation, NSD, NSR. Digital object: 41-bpr-nsc-hfiles-nsr-11_1-90006-014.pdf. Catalog: https://catalog.archives.gov/id/446394936.",https://catalog.archives.gov/id/446394936,https://s3.amazonaws.com/NARAprodstorage/lz/presidential-libraries/bush/gb-nsc/H-Files/NSRs_313189297/41-bpr-nsc-hfiles-nsr-11_1-90006-014.pdf
,,,37,Signal review,RS 004-005,Requested source pool: NSC,Review requested source-pool lead,Country search lead,Greece; Turkey,1990-02-09 to 1990-02-09,"NSC0039 - February 09, 1990 - East Asia Strategy, National Security Review on Philippines Military Base Access [2]",Greece | Turkey | NSC/DC | NSR,37,470760940,H-Files - National Security Council (NSC) Meeting Files,"Source: George H.W. Bush Library, Bush Presidential Records, National Security Council, H-Files - National Security Council (NSC) Meeting Files, NSC0039 - February 09, 1990 - East Asia Strategy, National Security Review on Philippines Military Base Access [2].","Catalog provenance: Catalog access Restricted - Possibly; NAID 470760940. Query hit(s): Greece, Turkey, NSC/DC, NSR. Digital object: 41-bpr-nsc-hfiles-nsc_mtgs-39_2-90002-002.pdf. Catalog: https://catalog.archives.gov/id/470760940.",https://catalog.archives.gov/id/470760940,https://s3.amazonaws.com/NARAprodstorage/lz/presidential-libraries/bush/gb-nsc/H-Files/NSC_Mtgs_312293887/41-bpr-nsc-hfiles-nsc_mtgs-39_2-90002-002.pdf
,,,37,Signal review,RS 004-006,Requested source pool: NSC,Review requested source-pool lead,Country search lead,Greece; Turkey,1990-02-09 to 1990-02-09,"NSC0039 - February 09, 1990 - East Asia Strategy, National Security Review on Philippines Military Base Access [3]",Greece | Turkey | NSC/DC | NSR,37,470760941,H-Files - National Security Council (NSC) Meeting Files,"Source: George H.W. Bush Library, Bush Presidential Records, National Security Council, H-Files - National Security Council (NSC) Meeting Files, NSC0039 - February 09, 1990 - East Asia Strategy, National Security Review on Philippines Military Base Access [3].","Catalog provenance: Catalog access Restricted - Possibly; NAID 470760941. Query hit(s): Greece, Turkey, NSC/DC, NSR. Digital object: 41-bpr-nsc-hfiles-nsc_mtgs-39_3-90002-003.pdf. Catalog: https://catalog.archives.gov/id/470760941.",https://catalog.archives.gov/id/470760941,https://s3.amazonaws.com/NARAprodstorage/lz/presidential-libraries/bush/gb-nsc/H-Files/NSC_Mtgs_312293887/41-bpr-nsc-hfiles-nsc_mtgs-39_3-90002-003.pdf
,,,37,Signal review,RS 007-004,Requested source pool: NSR,Review requested source-pool lead,Country search lead,Turkey,1990-05-14 to 1990-05-14,"NSR-26 - May 14, 1990 - Review of U.S.-Turkish Relations",Turkey | Turkish | NSC/DC | NSR,37,446394974,H-Files - National Security Review (NSR) Files,"Source: George H.W. Bush Library, Bush Presidential Records, National Security Council, H-Files - National Security Review (NSR) Files, NSR-26 - May 14, 1990 - Review of U.S.-Turkish Relations.","Catalog provenance: Catalog access Restricted - Possibly; NAID 446394974. Query hit(s): Turkey, Turkish, NSC/DC, NSR. Digital object: 41-bpr-nsc-hfiles-nsr-26-90007-022.pdf. Catalog: https://catalog.archives.gov/id/446394974.",https://catalog.archives.gov/id/446394974,https://s3.amazonaws.com/NARAprodstorage/lz/presidential-libraries/bush/gb-nsc/H-Files/NSRs_313189297/41-bpr-nsc-hfiles-nsr-26-90007-022.pdf
,,,36,Conversation signal,RS 005-014,Requested source pool: NSC/DC Meetings,Review requested source-pool lead,Conversation search lead,Cross-chapter,1990-06-04 to 1990-06-04,"NSC/DC 134 - June 04, 1990 - NSC/DC Meeting on Liberia via SVTS, Keywords: Liberia",telcon | memorandum of conversation | telephone conversation,36,470761126,H-Files - National Security Council (NSC)/Deputies Committee (DC) Meetings Files,"Source: George H.W. Bush Library, Bush Presidential Records, National Security Council, H-Files - National Security Council (NSC)/Deputies Committee (DC) Meetings Files, NSC/DC 134 - June 04, 1990 - NSC/DC Meeting on Liberia via SVTS, Keywords: Liberia.","Catalog provenance: Catalog access Restricted - Possibly; NAID 470761126. Query hit(s): telcon, memorandum of conversation, telephone conversation. Digital object: 41-bpr-nsc-hfiles-dc_mtgs-134-90014-023.pdf. Catalog: https://catalog.archives.gov/id/470761126.",https://catalog.archives.gov/id/470761126,https://s3.amazonaws.com/NARAprodstorage/lz/presidential-libraries/bush/gb-nsc/H-Files/NSC-DC_Mtgs_312294079/41-bpr-nsc-hfiles-dc_mtgs-134-90014-023.pdf
,,,34,Conversation signal,RS 004-007,Requested source pool: NSC,Review requested source-pool lead,Conversation search lead,Cross-chapter,1989-04-14 to 1989-04-14,"NSC0010 - April 14, 1989 - Review of Cambodia Policy",memcon | memorandum of conversation | telephone conversation,34,470760895,H-Files - National Security Council (NSC) Meeting Files,"Source: George H.W. Bush Library, Bush Presidential Records, National Security Council, H-Files - National Security Council (NSC) Meeting Files, NSC0010 - April 14, 1989 - Review of Cambodia Policy.","Catalog provenance: Catalog access Restricted - Possibly; NAID 470760895. Query hit(s): memcon, memorandum of conversation, telephone conversation. Digital object: 41-bpr-nsc-hfiles-nsc_mtgs-10-90000-011.pdf. Catalog: https://catalog.archives.gov/id/470760895.",https://catalog.archives.gov/id/470760895,https://s3.amazonaws.com/NARAprodstorage/lz/presidential-libraries/bush/gb-nsc/H-Files/NSC_Mtgs_312293887/41-bpr-nsc-hfiles-nsc_mtgs-10-90000-011.pdf
,,,34,Conversation signal,RS 005-017,Requested source pool: NSC/DC Meetings,Review requested source-pool lead,Conversation search lead,Cross-chapter,1989-03-10 to 1989-03-10,"NSC/DC 007 - March 10, 1989 - NSC/DC Meeting on FSX for Japan, Keywords: Japan",memcon | memorandum of conversation | telephone conversation,34,470760981,H-Files - National Security Council (NSC)/Deputies Committee (DC) Meetings Files,"Source: George H.W. Bush Library, Bush Presidential Records, National Security Council, H-Files - National Security Council (NSC)/Deputies Committee (DC) Meetings Files, NSC/DC 007 - March 10, 1989 - NSC/DC Meeting on FSX for Japan, Keywords: Japan.","Catalog provenance: Catalog access Restricted - Possibly; NAID 470760981. Query hit(s): memcon, memorandum of conversation, telephone conversation. Digital object: 41-bpr-nsc-hfiles-dc_mtgs-7-90009-007.pdf. Catalog: https://catalog.archives.gov/id/470760981.",https://catalog.archives.gov/id/470760981,https://s3.amazonaws.com/NARAprodstorage/lz/presidential-libraries/bush/gb-nsc/H-Files/NSC-DC_Mtgs_312294079/41-bpr-nsc-hfiles-dc_mtgs-7-90009-007.pdf
,,,34,Conversation signal,RS 005-018,Requested source pool: NSC/DC Meetings,Review requested source-pool lead,Conversation search lead,Cross-chapter,1992-02-03 to 1992-02-03,"NSC/DC 334 - February 03, 1992 - NSC/DC Meeting re: Israeli Relay Station for USA International Broadcasting, Keywords: Israel, Broadcasting",memcon | memorandum of conversation | telephone conversation,34,470761357,H-Files - National Security Council (NSC)/Deputies Committee (DC) Meetings Files,"Source: George H.W. Bush Library, Bush Presidential Records, National Security Council, H-Files - National Security Council (NSC)/Deputies Committee (DC) Meetings Files, NSC/DC 334 - February 03, 1992 - NSC/DC Meeting re: Israeli Relay Station for USA International Broadcasting, Keywords: Israel, Broadcasting.","Catalog provenance: Catalog access Restricted - Possibly; NAID 470761357. Query hit(s): memcon, memorandum of conversation, telephone conversation. Digital object: 41-bpr-nsc-hfiles-dc_mtgs-334-90021-022.pdf. Catalog: https://catalog.archives.gov/id/470761357.",https://catalog.archives.gov/id/470761357,https://s3.amazonaws.com/NARAprodstorage/lz/presidential-libraries/bush/gb-nsc/H-Files/NSC-DC_Mtgs_312294079/41-bpr-nsc-hfiles-dc_mtgs-334-90021-022.pdf
,,,34,Conversation signal,RS 009-009,Requested source pool: IF Transition,Review requested source-pool lead,Conversation search lead,Cross-chapter,,National Security Council Staff Manual,memcon | memorandum of conversation | telephone conversation,34,470760861,National Security Council (NSC) Institutional Files (IF) Transition Files,"Source: George H.W. Bush Library, Bush Presidential Records, National Security Council, National Security Council (NSC) Institutional Files (IF) Transition Files, National Security Council Staff Manual.","Catalog provenance: Catalog access Restricted - Possibly; NAID 470760861. Query hit(s): memcon, memorandum of conversation, telephone conversation. Digital object: 41-bpr-nsc-hfiles-if_trans-99015-007.pdf. Catalog: https://catalog.archives.gov/id/470760861.",https://catalog.archives.gov/id/470760861,https://s3.amazonaws.com/NARAprodstorage/lz/presidential-libraries/bush/gb-nsc/H-Files/IF_Transition_348937136/41-bpr-nsc-hfiles-if_trans-99015-007.pdf
,,,32,Conversation signal,RS 005-020,Requested source pool: NSC/DC Meetings,Review requested source-pool lead,Conversation search lead,Cross-chapter,1992-02-24 to 1992-02-24,"NSC/DC 338 - February 24, 1992 - NSC/DC Meeting on Haiti, Keywords: Haiti",memorandum of conversation | telephone conversation | NSC/DC,32,470761361,H-Files - National Security Council (NSC)/Deputies Committee (DC) Meetings Files,"Source: George H.W. Bush Library, Bush Presidential Records, National Security Council, H-Files - National Security Council (NSC)/Deputies Committee (DC) Meetings Files, NSC/DC 338 - February 24, 1992 - NSC/DC Meeting on Haiti, Keywords: Haiti.","Catalog provenance: Catalog access Restricted - Possibly; NAID 470761361. Query hit(s): memorandum of conversation, telephone conversation, NSC/DC. Digital object: 41-bpr-nsc-hfiles-dc_mtgs-338-90021-026.pdf. Catalog: https://catalog.archives.gov/id/470761361.",https://catalog.archives.gov/id/470761361,https://s3.amazonaws.com/NARAprodstorage/lz/presidential-libraries/bush/gb-nsc/H-Files/NSC-DC_Mtgs_312294079/41-bpr-nsc-hfiles-dc_mtgs-338-90021-026.pdf
,,,32,Conversation signal,RS 005-021,Requested source pool: NSC/DC Meetings,Review requested source-pool lead,Conversation search lead,Cross-chapter,1992-10-21 to 1992-10-21,"NSC/DC 385 - October 21, 1992 - NSC/DC Meeting on Somalia, Keywords: Somalia",memorandum of conversation | telephone conversation | NSC/DC,32,470761420,H-Files - National Security Council (NSC)/Deputies Committee (DC) Meetings Files,"Source: George H.W. Bush Library, Bush Presidential Records, National Security Council, H-Files - National Security Council (NSC)/Deputies Committee (DC) Meetings Files, NSC/DC 385 - October 21, 1992 - NSC/DC Meeting on Somalia, Keywords: Somalia.","Catalog provenance: Catalog access Restricted - Possibly; NAID 470761420. Query hit(s): memorandum of conversation, telephone conversation, NSC/DC. Digital object: 41-bpr-nsc-hfiles-dc_mtgs-385-90023-029.pdf. Catalog: https://catalog.archives.gov/id/470761420.",https://catalog.archives.gov/id/470761420,https://s3.amazonaws.com/NARAprodstorage/lz/presidential-libraries/bush/gb-nsc/H-Files/NSC-DC_Mtgs_312294079/41-bpr-nsc-hfiles-dc_mtgs-385-90023-029.pdf
,,,32,Conversation signal,RS 005-019,Requested source pool: NSC/DC Meetings,Review requested source-pool lead,Conversation search lead,Turkey,1991-01-14 to 1991-01-14,"NSC/DC 242 - January 14, 1991 - NSC/DC Meeting on Baltic States via SVTS, Keywords: USSR",Turkey | memorandum of conversation | telephone conversation,32,470761248,H-Files - National Security Council (NSC)/Deputies Committee (DC) Meetings Files,"Source: George H.W. Bush Library, Bush Presidential Records, National Security Council, H-Files - National Security Council (NSC)/Deputies Committee (DC) Meetings Files, NSC/DC 242 - January 14, 1991 - NSC/DC Meeting on Baltic States via SVTS, Keywords: USSR.","Catalog provenance: Catalog access Restricted - Possibly; NAID 470761248. Query hit(s): Turkey, memorandum of conversation, telephone conversation. Digital object: 41-bpr-nsc-hfiles-dc_mtgs-242-90018-019.pdf. Catalog: https://catalog.archives.gov/id/470761248.",https://catalog.archives.gov/id/470761248,https://s3.amazonaws.com/NARAprodstorage/lz/presidential-libraries/bush/gb-nsc/H-Files/NSC-DC_Mtgs_312294079/41-bpr-nsc-hfiles-dc_mtgs-242-90018-019.pdf
,,,31,Conversation signal,RS 009-012,Requested source pool: IF Transition,Review requested source-pool lead,Conversation search lead,Cross-chapter,,NSC Procedural Manual - Binder 1 [2],memorandum of conversation | telephone conversation | NSC/DC,31,470760876,National Security Council (NSC) Institutional Files (IF) Transition Files,"Source: George H.W. Bush Library, Bush Presidential Records, National Security Council, National Security Council (NSC) Institutional Files (IF) Transition Files, NSC Procedural Manual - Binder 1 [2].","Catalog provenance: Catalog access Restricted - Possibly; NAID 470760876. Query hit(s): memorandum of conversation, telephone conversation, NSC/DC. Digital object: 41-bpr-nsc-hfiles-if_trans-99017-002.pdf. Catalog: https://catalog.archives.gov/id/470760876.",https://catalog.archives.gov/id/470760876,https://s3.amazonaws.com/NARAprodstorage/lz/presidential-libraries/bush/gb-nsc/H-Files/IF_Transition_348937136/41-bpr-nsc-hfiles-if_trans-99017-002.pdf
,,,31,Conversation signal,RS 009-013,Requested source pool: IF Transition,Review requested source-pool lead,Conversation search lead,Cross-chapter,,NSC Procedural Manual - Binder 1 [3],memorandum of conversation | telephone conversation | NSC/DC,31,470760877,National Security Council (NSC) Institutional Files (IF) Transition Files,"Source: George H.W. Bush Library, Bush Presidential Records, National Security Council, National Security Council (NSC) Institutional Files (IF) Transition Files, NSC Procedural Manual - Binder 1 [3].","Catalog provenance: Catalog access Restricted - Possibly; NAID 470760877. Query hit(s): memorandum of conversation, telephone conversation, NSC/DC. Digital object: 41-bpr-nsc-hfiles-if_trans-99017-003.pdf. Catalog: https://catalog.archives.gov/id/470760877.",https://catalog.archives.gov/id/470760877,https://s3.amazonaws.com/NARAprodstorage/lz/presidential-libraries/bush/gb-nsc/H-Files/IF_Transition_348937136/41-bpr-nsc-hfiles-if_trans-99017-003.pdf
,,,30,Conversation signal,RS 005-023,Requested source pool: NSC/DC Meetings,Review requested source-pool lead,Conversation search lead,Cross-chapter,1990-01-27 to 1990-01-27,"NSC/DC 101 - January 27, 1990 - NSC/DC Meeting on COCOM, Keywords: COCOM",memorandum of conversation | telephone conversation | NSD,30,470761085,H-Files - National Security Council (NSC)/Deputies Committee (DC) Meetings Files,"Source: George H.W. Bush Library, Bush Presidential Records, National Security Council, H-Files - National Security Council (NSC)/Deputies Committee (DC) Meetings Files, NSC/DC 101 - January 27, 1990 - NSC/DC Meeting on COCOM, Keywords: COCOM.","Catalog provenance: Catalog access Restricted - Possibly; NAID 470761085. Query hit(s): memorandum of conversation, telephone conversation, NSD. Digital object: 41-bpr-nsc-hfiles-dc_mtgs-101-90013-008.pdf. Catalog: https://catalog.archives.gov/id/470761085.",https://catalog.archives.gov/id/470761085,https://s3.amazonaws.com/NARAprodstorage/lz/presidential-libraries/bush/gb-nsc/H-Files/NSC-DC_Mtgs_312294079/41-bpr-nsc-hfiles-dc_mtgs-101-90013-008.pdf
,,,30,Conversation signal,GC 009,Gates Chronological Files,Screen for copied or staff-context records,Peripheral OCR hit,Greece,1989-01-01,Chron File (Official): Classified 1989 (Part I) [2 of 4],"the U. S. delegation to the biannual TREVI conferences since | 1985, the latest being in Athens, Greece during December, 1988. | Greece | memorandum of conversation | telephone conversation",30,470436942,Robert M. Gates' Chronological Files,"Source: George H.W. Bush Library, Bush Presidential Records, National Security Council, Robert M. Gates' Chronological Files, Chron File (Official): Classified 1989 (Part I) [2 of 4].","Catalog provenance: Catalog access Restricted - Possibly; NAID 470436942. Query hit(s): Greece, memorandum of conversation, telephone conversation. OCR status: Full PDF OCR reviewed. OCR signals: the U. S. delegation to the biannual TREVI conferences since | 1985, the latest being in Athens, Greece during December, 1988.. PDF extent: 84 pages. Digital object: 41-bpr-nsc-gates-chron-cf00948-012.pdf. Catalog: https://catalog.archives.gov/id/470436942.",https://catalog.archives.gov/id/470436942,https://s3.dualstack.us-east-1.amazonaws.com/NARAprodstorage/lz/presidential-libraries/bush/gb-nsc/gates/chron_2554841/41-bpr-nsc-gates-chron-cf00948-012.pdf
,,,30,Signal review,RS 004-008,Requested source pool: NSC,Review requested source-pool lead,Country search lead,Greece; Turkey,1990-08-29 to 1990-08-29,"NSC0054 - August 29, 1990 - Persian Gulf Crisis, Economic Action Plan, Iraq [2]",Greece | Turkey | Turkish,30,470760960,H-Files - National Security Council (NSC) Meeting Files,"Source: George H.W. Bush Library, Bush Presidential Records, National Security Council, H-Files - National Security Council (NSC) Meeting Files, NSC0054 - August 29, 1990 - Persian Gulf Crisis, Economic Action Plan, Iraq [2].","Catalog provenance: Catalog access Restricted - Possibly; NAID 470760960. Query hit(s): Greece, Turkey, Turkish. Digital object: 41-bpr-nsc-hfiles-nsc_mtgs-54_2-90002-022.pdf. Catalog: https://catalog.archives.gov/id/470760960.",https://catalog.archives.gov/id/470760960,https://s3.amazonaws.com/NARAprodstorage/lz/presidential-libraries/bush/gb-nsc/H-Files/NSC_Mtgs_312293887/41-bpr-nsc-hfiles-nsc_mtgs-54_2-90002-022.pdf
,,,30,Signal review,RS 005-022,Requested source pool: NSC/DC Meetings,Review requested source-pool lead,Country search lead,Greece; Turkey,1989-11-03 to 1989-11-03,"NSC/DC 073 - November 03, 1989 - NSC/DC Meeting on, Keywords: Philippines",Greece | Turkey | NSC/DC,30,470761050,H-Files - National Security Council (NSC)/Deputies Committee (DC) Meetings Files,"Source: George H.W. Bush Library, Bush Presidential Records, National Security Council, H-Files - National Security Council (NSC)/Deputies Committee (DC) Meetings Files, NSC/DC 073 - November 03, 1989 - NSC/DC Meeting on, Keywords: Philippines.","Catalog provenance: Catalog access Restricted - Possibly; NAID 470761050. Query hit(s): Greece, Turkey, NSC/DC. Digital object: 41-bpr-nsc-hfiles-dc_mtgs-73-90012-004.pdf. Catalog: https://catalog.archives.gov/id/470761050.",https://catalog.archives.gov/id/470761050,https://s3.amazonaws.com/NARAprodstorage/lz/presidential-libraries/bush/gb-nsc/H-Files/NSC-DC_Mtgs_312294079/41-bpr-nsc-hfiles-dc_mtgs-73-90012-004.pdf
,,,30,Signal review,RS 005-024,Requested source pool: NSC/DC Meetings,Review requested source-pool lead,Country search lead,Greece; Turkey,1990-08-10 to 1990-08-10,"NSC/DC 170 - August 10, 1990 - NSC/DC Meeting on Gulf Crisis via SVTS, Keywords: Iraq, Kuwait, Persian Gulf",Greece | Turkey | Turkish,30,470761163,H-Files - National Security Council (NSC)/Deputies Committee (DC) Meetings Files,"Source: George H.W. Bush Library, Bush Presidential Records, National Security Council, H-Files - National Security Council (NSC)/Deputies Committee (DC) Meetings Files, NSC/DC 170 - August 10, 1990 - NSC/DC Meeting on Gulf Crisis via SVTS, Keywords: Iraq, Kuwait, Persian Gulf.","Catalog provenance: Catalog access Restricted - Possibly; NAID 470761163. Query hit(s): Greece, Turkey, Turkish. Digital object: 41-bpr-nsc-hfiles-dc_mtgs-170-90015-029.pdf. Catalog: https://catalog.archives.gov/id/470761163.",https://catalog.archives.gov/id/470761163,https://s3.amazonaws.com/NARAprodstorage/lz/presidential-libraries/bush/gb-nsc/H-Files/NSC-DC_Mtgs_312294079/41-bpr-nsc-hfiles-dc_mtgs-170-90015-029.pdf
,,,30,Signal review,RS 005-025,Requested source pool: NSC/DC Meetings,Review requested source-pool lead,Country search lead,Greece; Turkey,1991-02-07 to 1991-02-07,"NSC/DC 255A - February 07, 1991 - NSC/DC Meeting on Persian Gulf via SVTS, Keywords: Persian Gulf",Greece | Turkey | Turkish,30,470761264,H-Files - National Security Council (NSC)/Deputies Committee (DC) Meetings Files,"Source: George H.W. Bush Library, Bush Presidential Records, National Security Council, H-Files - National Security Council (NSC)/Deputies Committee (DC) Meetings Files, NSC/DC 255A - February 07, 1991 - NSC/DC Meeting on Persian Gulf via SVTS, Keywords: Persian Gulf.","Catalog provenance: Catalog access Restricted - Possibly; NAID 470761264. Query hit(s): Greece, Turkey, Turkish. Digital object: 41-bpr-nsc-hfiles-dc_mtgs-255a-90018-035.pdf. Catalog: https://catalog.archives.gov/id/470761264.",https://catalog.archives.gov/id/470761264,https://s3.amazonaws.com/NARAprodstorage/lz/presidential-libraries/bush/gb-nsc/H-Files/NSC-DC_Mtgs_312294079/41-bpr-nsc-hfiles-dc_mtgs-255a-90018-035.pdf
,,,30,Signal review,RS 005-026,Requested source pool: NSC/DC Meetings,Review requested source-pool lead,Country search lead,Greece; Turkey,1992-11-10 to 1992-11-10,"NSC/DC 391 - November 10, 1992 - Small Group Meeting on Yugoslavia, Keywords: Yugoslavia Bosnia-Herzegovina",Greece | Turkey | Turkish,30,470761427,H-Files - National Security Council (NSC)/Deputies Committee (DC) Meetings Files,"Source: George H.W. Bush Library, Bush Presidential Records, National Security Council, H-Files - National Security Council (NSC)/Deputies Committee (DC) Meetings Files, NSC/DC 391 - November 10, 1992 - Small Group Meeting on Yugoslavia, Keywords: Yugoslavia Bosnia-Herzegovina.","Catalog provenance: Catalog access Restricted - Possibly; NAID 470761427. Query hit(s): Greece, Turkey, Turkish. Digital object: 41-bpr-nsc-hfiles-dc_mtgs-391-90023-036.pdf. Catalog: https://catalog.archives.gov/id/470761427.",https://catalog.archives.gov/id/470761427,https://s3.amazonaws.com/NARAprodstorage/lz/presidential-libraries/bush/gb-nsc/H-Files/NSC-DC_Mtgs_312294079/41-bpr-nsc-hfiles-dc_mtgs-391-90023-036.pdf
,,,29,Conversation signal,RS 004-009,Requested source pool: NSC,Review requested source-pool lead,Conversation search lead,Cross-chapter,1989-03-29 to 1989-03-29,"NSC0007 - March 29, 1989 - Middle East Peace Process",memcon | NSC/DC | NSR,29,470760891,H-Files - National Security Council (NSC) Meeting Files,"Source: George H.W. Bush Library, Bush Presidential Records, National Security Council, H-Files - National Security Council (NSC) Meeting Files, NSC0007 - March 29, 1989 - Middle East Peace Process.","Catalog provenance: Catalog access Restricted - Possibly; NAID 470760891. Query hit(s): memcon, NSC/DC, NSR. Digital object: 41-bpr-nsc-hfiles-nsc_mtgs-7-90000-007.pdf. Catalog: https://catalog.archives.gov/id/470760891.",https://catalog.archives.gov/id/470760891,https://s3.amazonaws.com/NARAprodstorage/lz/presidential-libraries/bush/gb-nsc/H-Files/NSC_Mtgs_312293887/41-bpr-nsc-hfiles-nsc_mtgs-7-90000-007.pdf
,,,29,Signal review,RS 004-010,Requested source pool: NSC,Review requested source-pool lead,Country search lead,Greece; Turkey,1990-09-20 to 1990-09-20,"NSC0055 - September 20, 1990 - Oil Supply, Energy, Persian Gulf [2]",Greece | Turkey | NSC/DC,29,470760962,H-Files - National Security Council (NSC) Meeting Files,"Source: George H.W. Bush Library, Bush Presidential Records, National Security Council, H-Files - National Security Council (NSC) Meeting Files, NSC0055 - September 20, 1990 - Oil Supply, Energy, Persian Gulf [2].","Catalog provenance: Catalog access Restricted - Possibly; NAID 470760962. Query hit(s): Greece, Turkey, NSC/DC. Digital object: 41-bpr-nsc-hfiles-nsc_mtgs-55_2-90002-024.pdf. Catalog: https://catalog.archives.gov/id/470760962.",https://catalog.archives.gov/id/470760962,https://s3.amazonaws.com/NARAprodstorage/lz/presidential-libraries/bush/gb-nsc/H-Files/NSC_Mtgs_312293887/41-bpr-nsc-hfiles-nsc_mtgs-55_2-90002-024.pdf
,,,28,Conversation signal,RS 008-002,Requested source pool: NSD,Review requested source-pool lead,Conversation search lead,Cross-chapter,1989-09-01 to 1989-09-01,"NSD-21 - September 01, 1989 - U.S. Policy toward Panama under Noriega after 1 September 1989",memorandum of conversation | NSC/DC | NSD,28,446396837,National Security Directives (NSD) Files,"Source: George H.W. Bush Library, Bush Presidential Records, National Security Council, National Security Directives (NSD) Files, NSD-21 - September 01, 1989 - U.S. Policy toward Panama under Noriega after 1 September 1989.","Catalog provenance: Catalog access Restricted - Possibly; NAID 446396837. Query hit(s): memorandum of conversation, NSC/DC, NSD. Digital object: 41-bpr-nsc-hfiles-nsd-21-90003-028.pdf. Catalog: https://catalog.archives.gov/id/446396837.",https://catalog.archives.gov/id/446396837,https://s3.amazonaws.com/NARAprodstorage/lz/presidential-libraries/bush/gb-nsc/H-Files/NSDs_313189290/41-bpr-nsc-hfiles-nsd-21-90003-028.pdf
,,,28,Conversation signal,RS 008-003,Requested source pool: NSD,Review requested source-pool lead,Conversation search lead,Cross-chapter,1989-11-02 to 1989-11-02,"NSD-30 - November 02, 1989 - National Space Policy (National Space Policy Directive 1) [1]",memorandum of conversation | NSC/DC | NSD,28,446396847,National Security Directives (NSD) Files,"Source: George H.W. Bush Library, Bush Presidential Records, National Security Council, National Security Directives (NSD) Files, NSD-30 - November 02, 1989 - National Space Policy (National Space Policy Directive 1) [1].","Catalog provenance: Catalog access Restricted - Possibly; NAID 446396847. Query hit(s): memorandum of conversation, NSC/DC, NSD. Digital object: 41-bpr-nsc-hfiles-nsd-30_1-90004-001.pdf. Catalog: https://catalog.archives.gov/id/446396847.",https://catalog.archives.gov/id/446396847,https://s3.amazonaws.com/NARAprodstorage/lz/presidential-libraries/bush/gb-nsc/H-Files/NSDs_313189290/41-bpr-nsc-hfiles-nsd-30_1-90004-001.pdf
,,,28,Signal review,RS 005-027,Requested source pool: NSC/DC Meetings,Review requested source-pool lead,Country search lead,Greece; Turkey,1990-01-31 to 1990-01-31,"NSC/DC 102 - January 31, 1990 - NSC/DC Meeting on Philippines, Keywords: Philippines, Military Bases",Greece | Turkey | NSR,28,470761086,H-Files - National Security Council (NSC)/Deputies Committee (DC) Meetings Files,"Source: George H.W. Bush Library, Bush Presidential Records, National Security Council, H-Files - National Security Council (NSC)/Deputies Committee (DC) Meetings Files, NSC/DC 102 - January 31, 1990 - NSC/DC Meeting on Philippines, Keywords: Philippines, Military Bases.","Catalog provenance: Catalog access Restricted - Possibly; NAID 470761086. Query hit(s): Greece, Turkey, NSR. Digital object: 41-bpr-nsc-hfiles-dc_mtgs-102-90013-009.pdf. Catalog: https://catalog.archives.gov/id/470761086.",https://catalog.archives.gov/id/470761086,https://s3.amazonaws.com/NARAprodstorage/lz/presidential-libraries/bush/gb-nsc/H-Files/NSC-DC_Mtgs_312294079/41-bpr-nsc-hfiles-dc_mtgs-102-90013-009.pdf
,,,28,Signal review,RS 005-028,Requested source pool: NSC/DC Meetings,Review requested source-pool lead,Country search lead,Greece; Turkey,1991-04-04 to 1991-04-04,"NSC/DC 264 - April 04, 1991 - NSC/DC Meeting on Philippine-American Cooperation Treaty, Keywords: Philippines, Economic Assistance [3]",Greece | Turkey | NSR,28,470761279,H-Files - National Security Council (NSC)/Deputies Committee (DC) Meetings Files,"Source: George H.W. Bush Library, Bush Presidential Records, National Security Council, H-Files - National Security Council (NSC)/Deputies Committee (DC) Meetings Files, NSC/DC 264 - April 04, 1991 - NSC/DC Meeting on Philippine-American Cooperation Treaty, Keywords: Philippines, Economic Assistance [3].","Catalog provenance: Catalog access Restricted - Possibly; NAID 470761279. Query hit(s): Greece, Turkey, NSR. Digital object: 41-bpr-nsc-hfiles-dc_mtgs-264_3-90019-010.pdf. Catalog: https://catalog.archives.gov/id/470761279.",https://catalog.archives.gov/id/470761279,https://s3.amazonaws.com/NARAprodstorage/lz/presidential-libraries/bush/gb-nsc/H-Files/NSC-DC_Mtgs_312294079/41-bpr-nsc-hfiles-dc_mtgs-264_3-90019-010.pdf
,,,27,Conversation signal,RS 005-029,Requested source pool: NSC/DC Meetings,Review requested source-pool lead,Conversation search lead,Cross-chapter,1989-03-17 to 1989-03-17,"NSC/DC 008 - March 17, 1989 - NSC/DC Meeting on NSR-4 re: U.S. / Eastern Europe Relations, Keywords: Europe, East",memorandum of conversation | NSD | NSR,27,470760982,H-Files - National Security Council (NSC)/Deputies Committee (DC) Meetings Files,"Source: George H.W. Bush Library, Bush Presidential Records, National Security Council, H-Files - National Security Council (NSC)/Deputies Committee (DC) Meetings Files, NSC/DC 008 - March 17, 1989 - NSC/DC Meeting on NSR-4 re: U.S. / Eastern Europe Relations, Keywords: Europe, East.","Catalog provenance: Catalog access Restricted - Possibly; NAID 470760982. Query hit(s): memorandum of conversation, NSD, NSR. Digital object: 41-bpr-nsc-hfiles-dc_mtgs-8-90009-008.pdf. Catalog: https://catalog.archives.gov/id/470760982.",https://catalog.archives.gov/id/470760982,https://s3.amazonaws.com/NARAprodstorage/lz/presidential-libraries/bush/gb-nsc/H-Files/NSC-DC_Mtgs_312294079/41-bpr-nsc-hfiles-dc_mtgs-8-90009-008.pdf
,,,26,Signal review,RS 007-005,Requested source pool: NSR,Review requested source-pool lead,Series/source coverage,Cross-chapter,1990-06-11 to 1990-06-11,"NSR-27 - June 11, 1990 - Low Intensity Conflict [1]",NSC/DC | NSD | NSR,26,446394975,H-Files - National Security Review (NSR) Files,"Source: George H.W. Bush Library, Bush Presidential Records, National Security Council, H-Files - National Security Review (NSR) Files, NSR-27 - June 11, 1990 - Low Intensity Conflict [1].","Catalog provenance: Catalog access Restricted - Possibly; NAID 446394975. Query hit(s): NSC/DC, NSD, NSR. Digital object: 41-bpr-nsc-hfiles-nsr-27_1-90007-023.pdf. Catalog: https://catalog.archives.gov/id/446394975.",https://catalog.archives.gov/id/446394975,https://s3.amazonaws.com/NARAprodstorage/lz/presidential-libraries/bush/gb-nsc/H-Files/NSRs_313189297/41-bpr-nsc-hfiles-nsr-27_1-90007-023.pdf
,,,25,Signal review,RS 007-006,Requested source pool: NSR,Review requested source-pool lead,Series/source coverage,Cross-chapter,1989-06-22 to 1989-06-22,"NSR-18 - June 22, 1989 - Counterintelligence and Security Countermeasures [2]",NSC/DC | NSD | NSR,25,446394961,H-Files - National Security Review (NSR) Files,"Source: George H.W. Bush Library, Bush Presidential Records, National Security Council, H-Files - National Security Review (NSR) Files, NSR-18 - June 22, 1989 - Counterintelligence and Security Countermeasures [2].","Catalog provenance: Catalog access Restricted - Possibly; NAID 446394961. Query hit(s): NSC/DC, NSD, NSR. Digital object: 41-bpr-nsc-hfiles-nsr-18_2-90007-009.pdf. Catalog: https://catalog.archives.gov/id/446394961.",https://catalog.archives.gov/id/446394961,https://s3.amazonaws.com/NARAprodstorage/lz/presidential-libraries/bush/gb-nsc/H-Files/NSRs_313189297/41-bpr-nsc-hfiles-nsr-18_2-90007-009.pdf
,,,25,Signal review,RS 007-007,Requested source pool: NSR,Review requested source-pool lead,Series/source coverage,Cross-chapter,1990-03-28 to 1990-03-28,"NSR-24 - March 28, 1990 - Review of U.S. Government International Broadcasting Activities [2]",NSC/DC | NSD | NSR,25,446394971,H-Files - National Security Review (NSR) Files,"Source: George H.W. Bush Library, Bush Presidential Records, National Security Council, H-Files - National Security Review (NSR) Files, NSR-24 - March 28, 1990 - Review of U.S. Government International Broadcasting Activities [2].","Catalog provenance: Catalog access Restricted - Possibly; NAID 446394971. Query hit(s): NSC/DC, NSD, NSR. Digital object: 41-bpr-nsc-hfiles-nsr-24_2-90007-019.pdf. Catalog: https://catalog.archives.gov/id/446394971.",https://catalog.archives.gov/id/446394971,https://s3.amazonaws.com/NARAprodstorage/lz/presidential-libraries/bush/gb-nsc/H-Files/NSRs_313189297/41-bpr-nsc-hfiles-nsr-24_2-90007-019.pdf
,,,25,Signal review,RS 007-008,Requested source pool: NSR,Review requested source-pool lead,Series/source coverage,Cross-chapter,1991-11-15 to 1991-11-15,"NSR-29 - November 15, 1991 - Intelligence Capabilities 1992-2005 [4]",NSC/DC | NSD | NSR,25,446394981,H-Files - National Security Review (NSR) Files,"Source: George H.W. Bush Library, Bush Presidential Records, National Security Council, H-Files - National Security Review (NSR) Files, NSR-29 - November 15, 1991 - Intelligence Capabilities 1992-2005 [4].","Catalog provenance: Catalog access Restricted - Possibly; NAID 446394981. Query hit(s): NSC/DC, NSD, NSR. Digital object: 41-bpr-nsc-hfiles-nsr-29_4-90008-004.pdf. Catalog: https://catalog.archives.gov/id/446394981.",https://catalog.archives.gov/id/446394981,https://s3.amazonaws.com/NARAprodstorage/lz/presidential-libraries/bush/gb-nsc/H-Files/NSRs_313189297/41-bpr-nsc-hfiles-nsr-29_4-90008-004.pdf
,,,25,Signal review,RS 007-009,Requested source pool: NSR,Review requested source-pool lead,Series/source coverage,Cross-chapter,1989-02-15 to 1989-02-15,"NSR-3 - February 15, 1989 - Comprehensive Review of U.S.-Soviet Relations [1]",NSC/DC | NSD | NSR,25,446394925,H-Files - National Security Review (NSR) Files,"Source: George H.W. Bush Library, Bush Presidential Records, National Security Council, H-Files - National Security Review (NSR) Files, NSR-3 - February 15, 1989 - Comprehensive Review of U.S.-Soviet Relations [1].","Catalog provenance: Catalog access Restricted - Possibly; NAID 446394925. Query hit(s): NSC/DC, NSD, NSR. Digital object: 41-bpr-nsc-hfiles-nsr-3_1-90006-003.pdf. Catalog: https://catalog.archives.gov/id/446394925.",https://catalog.archives.gov/id/446394925,https://s3.amazonaws.com/NARAprodstorage/lz/presidential-libraries/bush/gb-nsc/H-Files/NSRs_313189297/41-bpr-nsc-hfiles-nsr-3_1-90006-003.pdf
,,,25,Signal review,RS 007-010,Requested source pool: NSR,Review requested source-pool lead,Series/source coverage,Cross-chapter,1992-06-15 to 1992-06-15,"NSR-30 - June 15, 1992 - American Policy Toward Africa in the 1990s",NSC/DC | NSD | NSR,25,446394987,H-Files - National Security Review (NSR) Files,"Source: George H.W. Bush Library, Bush Presidential Records, National Security Council, H-Files - National Security Review (NSR) Files, NSR-30 - June 15, 1992 - American Policy Toward Africa in the 1990s.","Catalog provenance: Catalog access Restricted - Possibly; NAID 446394987. Query hit(s): NSC/DC, NSD, NSR. Digital object: 41-bpr-nsc-hfiles-nsr-30-90008-010.pdf. Catalog: https://catalog.archives.gov/id/446394987.",https://catalog.archives.gov/id/446394987,https://s3.amazonaws.com/NARAprodstorage/lz/presidential-libraries/bush/gb-nsc/H-Files/NSRs_313189297/41-bpr-nsc-hfiles-nsr-30-90008-010.pdf
,,,25,Signal review,RS 008-004,Requested source pool: NSD,Review requested source-pool lead,Series/source coverage,Cross-chapter,1990-05-01 to 1990-05-01,"NSD-39 - May 01, 1990 - COCOM Policy toward Eastern Europe and Soviet Union",NSC/DC | NSD | NSR,25,446396859,National Security Directives (NSD) Files,"Source: George H.W. Bush Library, Bush Presidential Records, National Security Council, National Security Directives (NSD) Files, NSD-39 - May 01, 1990 - COCOM Policy toward Eastern Europe and Soviet Union.","Catalog provenance: Catalog access Restricted - Possibly; NAID 446396859. Query hit(s): NSC/DC, NSD, NSR. Digital object: 41-bpr-nsc-hfiles-nsd-39-90004-013.pdf. Catalog: https://catalog.archives.gov/id/446396859.",https://catalog.archives.gov/id/446396859,https://s3.amazonaws.com/NARAprodstorage/lz/presidential-libraries/bush/gb-nsc/H-Files/NSDs_313189290/41-bpr-nsc-hfiles-nsd-39-90004-013.pdf
,,,25,Signal review,RS 008-005,Requested source pool: NSD,Review requested source-pool lead,Series/source coverage,Cross-chapter,1990-10-05 to 1990-10-05,"NSD-47 - October 05, 1990 - Counterintelligence and Security Countermeasures [2]",NSC/DC | NSD | NSR,25,446396869,National Security Directives (NSD) Files,"Source: George H.W. Bush Library, Bush Presidential Records, National Security Council, National Security Directives (NSD) Files, NSD-47 - October 05, 1990 - Counterintelligence and Security Countermeasures [2].","Catalog provenance: Catalog access Restricted - Possibly; NAID 446396869. Query hit(s): NSC/DC, NSD, NSR. Digital object: 41-bpr-nsc-hfiles-nsd-47_2-90004-023.pdf. Catalog: https://catalog.archives.gov/id/446396869.",https://catalog.archives.gov/id/446396869,https://s3.amazonaws.com/NARAprodstorage/lz/presidential-libraries/bush/gb-nsc/H-Files/NSDs_313189290/41-bpr-nsc-hfiles-nsd-47_2-90004-023.pdf
,,,25,Signal review,RS 008-006,Requested source pool: NSD,Review requested source-pool lead,Series/source coverage,Cross-chapter,1991-10-21 to 1991-10-21,"NSD-63 - October 21, 1991 - Single Scope Background Investigations",NSC/DC | NSD | NSR,25,446396896,National Security Directives (NSD) Files,"Source: George H.W. Bush Library, Bush Presidential Records, National Security Council, National Security Directives (NSD) Files, NSD-63 - October 21, 1991 - Single Scope Background Investigations.","Catalog provenance: Catalog access Restricted - Possibly; NAID 446396896. Query hit(s): NSC/DC, NSD, NSR. Digital object: 41-bpr-nsc-hfiles-nsd-63-90005-012.pdf. Catalog: https://catalog.archives.gov/id/446396896.",https://catalog.archives.gov/id/446396896,https://s3.amazonaws.com/NARAprodstorage/lz/presidential-libraries/bush/gb-nsc/H-Files/NSDs_313189290/41-bpr-nsc-hfiles-nsd-63-90005-012.pdf
,,,25,Signal review,RS 008-007,Requested source pool: NSD,Review requested source-pool lead,Series/source coverage,Cross-chapter,1992-03-30 to 1992-03-30,"NSD-67 - March 30, 1992 - Intelligence Capabilities 1992-2005 [1]",NSC/DC | NSD | NSR,25,446396900,National Security Directives (NSD) Files,"Source: George H.W. Bush Library, Bush Presidential Records, National Security Council, National Security Directives (NSD) Files, NSD-67 - March 30, 1992 - Intelligence Capabilities 1992-2005 [1].","Catalog provenance: Catalog access Restricted - Possibly; NAID 446396900. Query hit(s): NSC/DC, NSD, NSR. Digital object: 41-bpr-nsc-hfiles-nsd-67_1-90005-016.pdf. Catalog: https://catalog.archives.gov/id/446396900.",https://catalog.archives.gov/id/446396900,https://s3.amazonaws.com/NARAprodstorage/lz/presidential-libraries/bush/gb-nsc/H-Files/NSDs_313189290/41-bpr-nsc-hfiles-nsd-67_1-90005-016.pdf
,,,25,Signal review,RS 008-008,Requested source pool: NSD,Review requested source-pool lead,Series/source coverage,Cross-chapter,1992-12-23 to 1992-12-23,"NSD-75 - December 23, 1992 - American Policy toward Sub-Saharan Africa in the 1990s",NSC/DC | NSD | NSR,25,446396910,National Security Directives (NSD) Files,"Source: George H.W. Bush Library, Bush Presidential Records, National Security Council, National Security Directives (NSD) Files, NSD-75 - December 23, 1992 - American Policy toward Sub-Saharan Africa in the 1990s.","Catalog provenance: Catalog access Restricted - Possibly; NAID 446396910. Query hit(s): NSC/DC, NSD, NSR. Digital object: 41-bpr-nsc-hfiles-nsd-75-90005-026.pdf. Catalog: https://catalog.archives.gov/id/446396910.",https://catalog.archives.gov/id/446396910,https://s3.amazonaws.com/NARAprodstorage/lz/presidential-libraries/bush/gb-nsc/H-Files/NSDs_313189290/41-bpr-nsc-hfiles-nsd-75-90005-026.pdf
,,,22,Conversation signal,RS 009-016,Requested source pool: IF Transition,Review requested source-pool lead,Conversation search lead,Cross-chapter,1989-01-01 to 1989-01-31,[NSC: Reagan-Bush Transition Background Materials - Volume III - January 1989] [2],memorandum of conversation | telephone conversation,22,470760871,National Security Council (NSC) Institutional Files (IF) Transition Files,"Source: George H.W. Bush Library, Bush Presidential Records, National Security Council, National Security Council (NSC) Institutional Files (IF) Transition Files, [NSC: Reagan-Bush Transition Background Materials - Volume III - January 1989] [2].","Catalog provenance: Catalog access Restricted - Possibly; NAID 470760871. Query hit(s): memorandum of conversation, telephone conversation. Digital object: 41-bpr-nsc-hfiles-if_trans-99016-008.pdf. Catalog: https://catalog.archives.gov/id/470760871.",https://catalog.archives.gov/id/470760871,https://s3.amazonaws.com/NARAprodstorage/lz/presidential-libraries/bush/gb-nsc/H-Files/IF_Transition_348937136/41-bpr-nsc-hfiles-if_trans-99016-008.pdf
,,,22,Conversation signal,RS 009-017,Requested source pool: IF Transition,Review requested source-pool lead,Conversation search lead,Cross-chapter,,NSC Procedural Manual - Binder 3 [2],memorandum of conversation | telephone conversation,22,470760881,National Security Council (NSC) Institutional Files (IF) Transition Files,"Source: George H.W. Bush Library, Bush Presidential Records, National Security Council, National Security Council (NSC) Institutional Files (IF) Transition Files, NSC Procedural Manual - Binder 3 [2].","Catalog provenance: Catalog access Restricted - Possibly; NAID 470760881. Query hit(s): memorandum of conversation, telephone conversation. Digital object: 41-bpr-nsc-hfiles-if_trans-99017-007.pdf. Catalog: https://catalog.archives.gov/id/470760881.",https://catalog.archives.gov/id/470760881,https://s3.amazonaws.com/NARAprodstorage/lz/presidential-libraries/bush/gb-nsc/H-Files/IF_Transition_348937136/41-bpr-nsc-hfiles-if_trans-99017-007.pdf
,,,22,Conversation signal,RS 009-018,Requested source pool: IF Transition,Review requested source-pool lead,Conversation search lead,Cross-chapter,,NSC Procedural Manual - Binder 4 [3],memorandum of conversation | telephone conversation,22,470760884,National Security Council (NSC) Institutional Files (IF) Transition Files,"Source: George H.W. Bush Library, Bush Presidential Records, National Security Council, National Security Council (NSC) Institutional Files (IF) Transition Files, NSC Procedural Manual - Binder 4 [3].","Catalog provenance: Catalog access Restricted - Possibly; NAID 470760884. Query hit(s): memorandum of conversation, telephone conversation. Digital object: 41-bpr-nsc-hfiles-if_trans-99017-010.pdf. Catalog: https://catalog.archives.gov/id/470760884.",https://catalog.archives.gov/id/470760884,https://s3.amazonaws.com/NARAprodstorage/lz/presidential-libraries/bush/gb-nsc/H-Files/IF_Transition_348937136/41-bpr-nsc-hfiles-if_trans-99017-010.pdf
,,,21,Conversation signal,RS 004-011,Requested source pool: NSC,Review requested source-pool lead,Conversation search lead,Cross-chapter,1989-05-04 to 1989-05-04,"NSC0013 - May 04, 1989 - Covert Action",memcon | NSC/DC,21,470760900,H-Files - National Security Council (NSC) Meeting Files,"Source: George H.W. Bush Library, Bush Presidential Records, National Security Council, H-Files - National Security Council (NSC) Meeting Files, NSC0013 - May 04, 1989 - Covert Action.","Catalog provenance: Catalog access Restricted - Possibly; NAID 470760900. Query hit(s): memcon, NSC/DC. Digital object: 41-bpr-nsc-hfiles-nsc_mtgs-13-90000-016.pdf. Catalog: https://catalog.archives.gov/id/470760900.",https://catalog.archives.gov/id/470760900,https://s3.amazonaws.com/NARAprodstorage/lz/presidential-libraries/bush/gb-nsc/H-Files/NSC_Mtgs_312293887/41-bpr-nsc-hfiles-nsc_mtgs-13-90000-016.pdf
,,,20,Conversation signal,RS 004-012,Requested source pool: NSC,Review requested source-pool lead,Conversation search lead,Cross-chapter,1990-01-18 to 1990-01-18,"NSC0037 - January 18, 1990 - International Economic Policy [2]",memorandum of conversation | NSC/DC,20,470760936,H-Files - National Security Council (NSC) Meeting Files,"Source: George H.W. Bush Library, Bush Presidential Records, National Security Council, H-Files - National Security Council (NSC) Meeting Files, NSC0037 - January 18, 1990 - International Economic Policy [2].","Catalog provenance: Catalog access Restricted - Possibly; NAID 470760936. Query hit(s): memorandum of conversation, NSC/DC. Digital object: 41-bpr-nsc-hfiles-nsc_mtgs-37_2-90001-033.pdf. Catalog: https://catalog.archives.gov/id/470760936.",https://catalog.archives.gov/id/470760936,https://s3.amazonaws.com/NARAprodstorage/lz/presidential-libraries/bush/gb-nsc/H-Files/NSC_Mtgs_312293887/41-bpr-nsc-hfiles-nsc_mtgs-37_2-90001-033.pdf
,,,20,Conversation signal,RS 004-013,Requested source pool: NSC,Review requested source-pool lead,Conversation search lead,Cross-chapter,1990-09-20 to 1990-09-20,"NSC0055 - September 20, 1990 - Oil Supply, Energy, Persian Gulf [1]",memorandum of conversation | NSC/DC,20,470760961,H-Files - National Security Council (NSC) Meeting Files,"Source: George H.W. Bush Library, Bush Presidential Records, National Security Council, H-Files - National Security Council (NSC) Meeting Files, NSC0055 - September 20, 1990 - Oil Supply, Energy, Persian Gulf [1].","Catalog provenance: Catalog access Restricted - Possibly; NAID 470760961. Query hit(s): memorandum of conversation, NSC/DC. Digital object: 41-bpr-nsc-hfiles-nsc_mtgs-55_1-90002-023.pdf. Catalog: https://catalog.archives.gov/id/470760961.",https://catalog.archives.gov/id/470760961,https://s3.amazonaws.com/NARAprodstorage/lz/presidential-libraries/bush/gb-nsc/H-Files/NSC_Mtgs_312293887/41-bpr-nsc-hfiles-nsc_mtgs-55_1-90002-023.pdf
,,,20,Conversation signal,RS 008-009,Requested source pool: NSD,Review requested source-pool lead,Conversation search lead,Cross-chapter,1990-12-10 to 1990-12-10,"NSD-53 - December 10, 1990 - Interagency Review and Disposition of Export Control Licenses Issued by Department of Commerce [3]",telephone conversation | NSC/DC,20,446396880,National Security Directives (NSD) Files,"Source: George H.W. Bush Library, Bush Presidential Records, National Security Council, National Security Directives (NSD) Files, NSD-53 - December 10, 1990 - Interagency Review and Disposition of Export Control Licenses Issued by Department of Commerce [3].","Catalog provenance: Catalog access Restricted - Possibly; NAID 446396880. Query hit(s): telephone conversation, NSC/DC. Digital object: 41-bpr-nsc-hfiles-nsd-53_3-90004-034.pdf. Catalog: https://catalog.archives.gov/id/446396880.",https://catalog.archives.gov/id/446396880,https://s3.amazonaws.com/NARAprodstorage/lz/presidential-libraries/bush/gb-nsc/H-Files/NSDs_313189290/41-bpr-nsc-hfiles-nsd-53_3-90004-034.pdf
,,,20,Signal review,RS 006-001,Requested source pool: NSC/DC Meetings Follow-Up,Review requested source-pool lead,Country search lead,Turkey,1992-04-01 to 1992-04-01,DC Meeting-Iraq and the Turkish Kurds 4/1/92 4:00-5:00 Situation Room,Turkey | Turkish,20,470761503,H-Files - National Security Council (NSC)/Deputies Committee (DC) Meetings Follow-up Files,"Source: George H.W. Bush Library, Bush Presidential Records, National Security Council, H-Files - National Security Council (NSC)/Deputies Committee (DC) Meetings Follow-up Files, DC Meeting-Iraq and the Turkish Kurds 4/1/92 4:00-5:00 Situation Room.","Catalog provenance: Catalog access Restricted - Possibly; NAID 470761503. Query hit(s): Turkey, Turkish. Digital object: 41-bpr-nsc-hfiles-dc_mtgs_foll_up-90043-039.pdf. Catalog: https://catalog.archives.gov/id/470761503.",https://catalog.archives.gov/id/470761503,https://s3.amazonaws.com/NARAprodstorage/lz/presidential-libraries/bush/gb-nsc/H-Files/NSC-DC_Mtgs_Foll-up_312294094/41-bpr-nsc-hfiles-dc_mtgs_foll_up-90043-039.pdf
,,,19,Signal review,RS 008-010,Requested source pool: NSD,Review requested source-pool lead,Country search lead,Turkey,1991-01-15 to 1991-01-15,"NSD-54 - January 15, 1991 - Responding to Iraqi Aggression in the Gulf",Turkey | NSC/DC,19,446396882,National Security Directives (NSD) Files,"Source: George H.W. Bush Library, Bush Presidential Records, National Security Council, National Security Directives (NSD) Files, NSD-54 - January 15, 1991 - Responding to Iraqi Aggression in the Gulf.","Catalog provenance: Catalog access Restricted - Possibly; NAID 446396882. Query hit(s): Turkey, NSC/DC. Digital object: 41-bpr-nsc-hfiles-nsd-54-90004-036.pdf. Catalog: https://catalog.archives.gov/id/446396882.",https://catalog.archives.gov/id/446396882,https://s3.amazonaws.com/NARAprodstorage/lz/presidential-libraries/bush/gb-nsc/H-Files/NSDs_313189290/41-bpr-nsc-hfiles-nsd-54-90004-036.pdf
,,,18,Signal review,RS 007-011,Requested source pool: NSR,Review requested source-pool lead,Series/source coverage,Cross-chapter,1989-06-15 to 1989-06-15,"NSR-17 - June 15, 1989 - Review of United States Non Proliferation Policy [2]",NSC/DC | NSR,18,446394958,H-Files - National Security Review (NSR) Files,"Source: George H.W. Bush Library, Bush Presidential Records, National Security Council, H-Files - National Security Review (NSR) Files, NSR-17 - June 15, 1989 - Review of United States Non Proliferation Policy [2].","Catalog provenance: Catalog access Restricted - Possibly; NAID 446394958. Query hit(s): NSC/DC, NSR. Digital object: 41-bpr-nsc-hfiles-nsr-17_2-90007-006.pdf. Catalog: https://catalog.archives.gov/id/446394958.",https://catalog.archives.gov/id/446394958,https://s3.amazonaws.com/NARAprodstorage/lz/presidential-libraries/bush/gb-nsc/H-Files/NSRs_313189297/41-bpr-nsc-hfiles-nsr-17_2-90007-006.pdf
,,,18,Signal review,RS 007-012,Requested source pool: NSR,Review requested source-pool lead,Series/source coverage,Cross-chapter,1990-01-12 to 1990-01-12,"NSR-22 - January 12, 1990 - COCOM Policy Towards Eastern Europe and the Soviet Union [1]",NSC/DC | NSR,18,446394967,H-Files - National Security Review (NSR) Files,"Source: George H.W. Bush Library, Bush Presidential Records, National Security Council, H-Files - National Security Review (NSR) Files, NSR-22 - January 12, 1990 - COCOM Policy Towards Eastern Europe and the Soviet Union [1].","Catalog provenance: Catalog access Restricted - Possibly; NAID 446394967. Query hit(s): NSC/DC, NSR. Digital object: 41-bpr-nsc-hfiles-nsr-22_1-90007-015.pdf. Catalog: https://catalog.archives.gov/id/446394967.",https://catalog.archives.gov/id/446394967,https://s3.amazonaws.com/NARAprodstorage/lz/presidential-libraries/bush/gb-nsc/H-Files/NSRs_313189297/41-bpr-nsc-hfiles-nsr-22_1-90007-015.pdf
,,,18,Signal review,RS 007-013,Requested source pool: NSR,Review requested source-pool lead,Series/source coverage,Cross-chapter,1991-11-15 to 1991-11-15,"NSR-29 - November 15, 1991 - Intelligence Capabilities 1992-2005 [8]",NSC/DC | NSR,18,446394985,H-Files - National Security Review (NSR) Files,"Source: George H.W. Bush Library, Bush Presidential Records, National Security Council, H-Files - National Security Review (NSR) Files, NSR-29 - November 15, 1991 - Intelligence Capabilities 1992-2005 [8].","Catalog provenance: Catalog access Restricted - Possibly; NAID 446394985. Query hit(s): NSC/DC, NSR. Digital object: 41-bpr-nsc-hfiles-nsr-29_8-90008-008.pdf. Catalog: https://catalog.archives.gov/id/446394985.",https://catalog.archives.gov/id/446394985,https://s3.amazonaws.com/NARAprodstorage/lz/presidential-libraries/bush/gb-nsc/H-Files/NSRs_313189297/41-bpr-nsc-hfiles-nsr-29_8-90008-008.pdf
,,,18,Signal review,RS 007-014,Requested source pool: NSR,Review requested source-pool lead,Series/source coverage,Cross-chapter,1989-02-15 to 1989-02-15,"NSR-3 - February 15, 1989 - Comprehensive Review of U.S.-Soviet Relations [2]",NSC/DC | NSR,18,446394926,H-Files - National Security Review (NSR) Files,"Source: George H.W. Bush Library, Bush Presidential Records, National Security Council, H-Files - National Security Review (NSR) Files, NSR-3 - February 15, 1989 - Comprehensive Review of U.S.-Soviet Relations [2].","Catalog provenance: Catalog access Restricted - Possibly; NAID 446394926. Query hit(s): NSC/DC, NSR. Digital object: 41-bpr-nsc-hfiles-nsr-3_2-90006-004.pdf. Catalog: https://catalog.archives.gov/id/446394926.",https://catalog.archives.gov/id/446394926,https://s3.amazonaws.com/NARAprodstorage/lz/presidential-libraries/bush/gb-nsc/H-Files/NSRs_313189297/41-bpr-nsc-hfiles-nsr-3_2-90006-004.pdf
,,,18,Signal review,RS 007-015,Requested source pool: NSR,Review requested source-pool lead,Series/source coverage,Cross-chapter,1989-02-15 to 1989-02-15,"NSR-5 - February 15, 1989 - Comprehensive Review of U.S.-West European Relations [2]",NSC/DC | NSR,18,446394930,H-Files - National Security Review (NSR) Files,"Source: George H.W. Bush Library, Bush Presidential Records, National Security Council, H-Files - National Security Review (NSR) Files, NSR-5 - February 15, 1989 - Comprehensive Review of U.S.-West European Relations [2].","Catalog provenance: Catalog access Restricted - Possibly; NAID 446394930. Query hit(s): NSC/DC, NSR. Digital object: 41-bpr-nsc-hfiles-nsr-5_2-90006-008.pdf. Catalog: https://catalog.archives.gov/id/446394930.",https://catalog.archives.gov/id/446394930,https://s3.amazonaws.com/NARAprodstorage/lz/presidential-libraries/bush/gb-nsc/H-Files/NSRs_313189297/41-bpr-nsc-hfiles-nsr-5_2-90006-008.pdf
,,,18,Signal review,RS 007-016,Requested source pool: NSR,Review requested source-pool lead,Series/source coverage,Cross-chapter,1989-02-21 to 1989-02-21,"NSR-7 - February 21, 1989 - Middle East Peace Process",NSC/DC | NSR,18,446394932,H-Files - National Security Review (NSR) Files,"Source: George H.W. Bush Library, Bush Presidential Records, National Security Council, H-Files - National Security Review (NSR) Files, NSR-7 - February 21, 1989 - Middle East Peace Process.","Catalog provenance: Catalog access Restricted - Possibly; NAID 446394932. Query hit(s): NSC/DC, NSR. Digital object: 41-bpr-nsc-hfiles-nsr-7-90006-010.pdf. Catalog: https://catalog.archives.gov/id/446394932.",https://catalog.archives.gov/id/446394932,https://s3.amazonaws.com/NARAprodstorage/lz/presidential-libraries/bush/gb-nsc/H-Files/NSRs_313189297/41-bpr-nsc-hfiles-nsr-7-90006-010.pdf
,,,18,Signal review,RS 008-011,Requested source pool: NSD,Review requested source-pool lead,Series/source coverage,Cross-chapter,1989-06-07 to 1989-06-07,"NSD-13 - June 07, 1989 - Cocaine Trafficking",NSC/DC | NSD,18,446396825,National Security Directives (NSD) Files,"Source: George H.W. Bush Library, Bush Presidential Records, National Security Council, National Security Directives (NSD) Files, NSD-13 - June 07, 1989 - Cocaine Trafficking.","Catalog provenance: Catalog access Restricted - Possibly; NAID 446396825. Query hit(s): NSC/DC, NSD. Digital object: 41-bpr-nsc-hfiles-nsd-13-90003-016.pdf. Catalog: https://catalog.archives.gov/id/446396825.",https://catalog.archives.gov/id/446396825,https://s3.amazonaws.com/NARAprodstorage/lz/presidential-libraries/bush/gb-nsc/H-Files/NSDs_313189290/41-bpr-nsc-hfiles-nsd-13-90003-016.pdf
,,,18,Signal review,RS 008-012,Requested source pool: NSD,Review requested source-pool lead,Series/source coverage,Cross-chapter,,NSD-25a - ..... - Classified Title,NSC/DC | NSD,18,446396842,National Security Directives (NSD) Files,"Source: George H.W. Bush Library, Bush Presidential Records, National Security Council, National Security Directives (NSD) Files, NSD-25a - ..... - Classified Title.","Catalog provenance: Catalog access Restricted - Possibly; NAID 446396842. Query hit(s): NSC/DC, NSD. Digital object: 41-bpr-nsc-hfiles-nsd-25a-90003-033.pdf. Catalog: https://catalog.archives.gov/id/446396842.",https://catalog.archives.gov/id/446396842,https://s3.amazonaws.com/NARAprodstorage/lz/presidential-libraries/bush/gb-nsc/H-Files/NSDs_313189290/41-bpr-nsc-hfiles-nsd-25a-90003-033.pdf
,,,18,Signal review,RS 008-013,Requested source pool: NSD,Review requested source-pool lead,Series/source coverage,Cross-chapter,1989-10-02 to 1989-10-02,"NSD-27 - October 02, 1989 - Soviet Emigration Policy",NSC/DC | NSD,18,446396844,National Security Directives (NSD) Files,"Source: George H.W. Bush Library, Bush Presidential Records, National Security Council, National Security Directives (NSD) Files, NSD-27 - October 02, 1989 - Soviet Emigration Policy.","Catalog provenance: Catalog access Restricted - Possibly; NAID 446396844. Query hit(s): NSC/DC, NSD. Digital object: 41-bpr-nsc-hfiles-nsd-27-90003-035.pdf. Catalog: https://catalog.archives.gov/id/446396844.",https://catalog.archives.gov/id/446396844,https://s3.amazonaws.com/NARAprodstorage/lz/presidential-libraries/bush/gb-nsc/H-Files/NSDs_313189290/41-bpr-nsc-hfiles-nsd-27-90003-035.pdf
,,,17,Signal review,RS 004-014,Requested source pool: NSC,Review requested source-pool lead,Series/source coverage,Cross-chapter,1989-04-04 to 1989-04-04,"NSC0008a - April 04, 1989 - U.S. Relations with Western Europe and Eastern Europe",NSC/DC | NSR,17,470760893,H-Files - National Security Council (NSC) Meeting Files,"Source: George H.W. Bush Library, Bush Presidential Records, National Security Council, H-Files - National Security Council (NSC) Meeting Files, NSC0008a - April 04, 1989 - U.S. Relations with Western Europe and Eastern Europe.","Catalog provenance: Catalog access Restricted - Possibly; NAID 470760893. Query hit(s): NSC/DC, NSR. Digital object: 41-bpr-nsc-hfiles-nsc_mtgs-8a-90000-009.pdf. Catalog: https://catalog.archives.gov/id/470760893.",https://catalog.archives.gov/id/470760893,https://s3.amazonaws.com/NARAprodstorage/lz/presidential-libraries/bush/gb-nsc/H-Files/NSC_Mtgs_312293887/41-bpr-nsc-hfiles-nsc_mtgs-8a-90000-009.pdf
,,,17,Signal review,RS 004-015,Requested source pool: NSC,Review requested source-pool lead,Series/source coverage,Cross-chapter,1989-05-25 to 1989-05-25,"NSC0020 - May 25, 1989 - Counter Narcotics in Peru, Review of National Security Review 12 - Section IV Regarding Arms Control Implications of Defense Strategy [2]",NSC/DC | NSR,17,470760908,H-Files - National Security Council (NSC) Meeting Files,"Source: George H.W. Bush Library, Bush Presidential Records, National Security Council, H-Files - National Security Council (NSC) Meeting Files, NSC0020 - May 25, 1989 - Counter Narcotics in Peru, Review of National Security Review 12 - Section IV Regarding Arms Control Implications of Defense Strategy [2].","Catalog provenance: Catalog access Restricted - Possibly; NAID 470760908. Query hit(s): NSC/DC, NSR. Digital object: 41-bpr-nsc-hfiles-nsc_mtgs-20_2-90001-005.pdf. Catalog: https://catalog.archives.gov/id/470760908.",https://catalog.archives.gov/id/470760908,https://s3.amazonaws.com/NARAprodstorage/lz/presidential-libraries/bush/gb-nsc/H-Files/NSC_Mtgs_312293887/41-bpr-nsc-hfiles-nsc_mtgs-20_2-90001-005.pdf
,,,17,Signal review,RS 004-016,Requested source pool: NSC,Review requested source-pool lead,Series/source coverage,Cross-chapter,1989-10-19 to 1989-10-19,"NSC0032 - October 19, 1989 - Panama [1]",NSC/DC | NSD,17,470760924,H-Files - National Security Council (NSC) Meeting Files,"Source: George H.W. Bush Library, Bush Presidential Records, National Security Council, H-Files - National Security Council (NSC) Meeting Files, NSC0032 - October 19, 1989 - Panama [1].","Catalog provenance: Catalog access Restricted - Possibly; NAID 470760924. Query hit(s): NSC/DC, NSD. Digital object: 41-bpr-nsc-hfiles-nsc_mtgs-32_1-90001-021.pdf. Catalog: https://catalog.archives.gov/id/470760924.",https://catalog.archives.gov/id/470760924,https://s3.amazonaws.com/NARAprodstorage/lz/presidential-libraries/bush/gb-nsc/H-Files/NSC_Mtgs_312293887/41-bpr-nsc-hfiles-nsc_mtgs-32_1-90001-021.pdf
,,,17,Signal review,RS 004-017,Requested source pool: NSC,Review requested source-pool lead,Series/source coverage,Cross-chapter,1989-10-19 to 1989-10-19,"NSC0032 - October 19, 1989 - Panama [2]",NSC/DC | NSD,17,470760925,H-Files - National Security Council (NSC) Meeting Files,"Source: George H.W. Bush Library, Bush Presidential Records, National Security Council, H-Files - National Security Council (NSC) Meeting Files, NSC0032 - October 19, 1989 - Panama [2].","Catalog provenance: Catalog access Restricted - Possibly; NAID 470760925. Query hit(s): NSC/DC, NSD. Digital object: 41-bpr-nsc-hfiles-nsc_mtgs-32_2-90001-022.pdf. Catalog: https://catalog.archives.gov/id/470760925.",https://catalog.archives.gov/id/470760925,https://s3.amazonaws.com/NARAprodstorage/lz/presidential-libraries/bush/gb-nsc/H-Files/NSC_Mtgs_312293887/41-bpr-nsc-hfiles-nsc_mtgs-32_2-90001-022.pdf
,,,17,Signal review,RS 004-018,Requested source pool: NSC,Review requested source-pool lead,Series/source coverage,Cross-chapter,1989-12-18 to 1989-12-18,"NSC0034 - December 18, 1989 - Libya",NSC/DC | NSD,17,470760928,H-Files - National Security Council (NSC) Meeting Files,"Source: George H.W. Bush Library, Bush Presidential Records, National Security Council, H-Files - National Security Council (NSC) Meeting Files, NSC0034 - December 18, 1989 - Libya.","Catalog provenance: Catalog access Restricted - Possibly; NAID 470760928. Query hit(s): NSC/DC, NSD. Digital object: 41-bpr-nsc-hfiles-nsc_mtgs-34-90001-025.pdf. Catalog: https://catalog.archives.gov/id/470760928.",https://catalog.archives.gov/id/470760928,https://s3.amazonaws.com/NARAprodstorage/lz/presidential-libraries/bush/gb-nsc/H-Files/NSC_Mtgs_312293887/41-bpr-nsc-hfiles-nsc_mtgs-34-90001-025.pdf
,,,17,Signal review,RS 004-019,Requested source pool: NSC,Review requested source-pool lead,Series/source coverage,Cross-chapter,1990-01-17 to 1990-01-17,"NSC0036 - January 17, 1990 - Panama [2]",NSC/DC | NSD,17,470760933,H-Files - National Security Council (NSC) Meeting Files,"Source: George H.W. Bush Library, Bush Presidential Records, National Security Council, H-Files - National Security Council (NSC) Meeting Files, NSC0036 - January 17, 1990 - Panama [2].","Catalog provenance: Catalog access Restricted - Possibly; NAID 470760933. Query hit(s): NSC/DC, NSD. Digital object: 41-bpr-nsc-hfiles-nsc_mtgs-36_2-90001-030.pdf. Catalog: https://catalog.archives.gov/id/470760933.",https://catalog.archives.gov/id/470760933,https://s3.amazonaws.com/NARAprodstorage/lz/presidential-libraries/bush/gb-nsc/H-Files/NSC_Mtgs_312293887/41-bpr-nsc-hfiles-nsc_mtgs-36_2-90001-030.pdf
,,,17,Signal review,RS 004-020,Requested source pool: NSC,Review requested source-pool lead,Series/source coverage,Cross-chapter,1990-02-09 to 1990-02-09,"NSC0039 - February 09, 1990 - East Asia Strategy, National Security Review on Philippines Military Base Access [1]",NSC/DC | NSR,17,470760939,H-Files - National Security Council (NSC) Meeting Files,"Source: George H.W. Bush Library, Bush Presidential Records, National Security Council, H-Files - National Security Council (NSC) Meeting Files, NSC0039 - February 09, 1990 - East Asia Strategy, National Security Review on Philippines Military Base Access [1].","Catalog provenance: Catalog access Restricted - Possibly; NAID 470760939. Query hit(s): NSC/DC, NSR. Digital object: 41-bpr-nsc-hfiles-nsc_mtgs-39_1-90002-001.pdf. Catalog: https://catalog.archives.gov/id/470760939.",https://catalog.archives.gov/id/470760939,https://s3.amazonaws.com/NARAprodstorage/lz/presidential-libraries/bush/gb-nsc/H-Files/NSC_Mtgs_312293887/41-bpr-nsc-hfiles-nsc_mtgs-39_1-90002-001.pdf
,,,17,Signal review,RS 004-021,Requested source pool: NSC,Review requested source-pool lead,Series/source coverage,Cross-chapter,1992-03-25 to 1992-03-25,"NSC0062 - March 25, 1992 - Intelligence Capabilities/1992-2005",NSC/DC | NSR,17,470760970,H-Files - National Security Council (NSC) Meeting Files,"Source: George H.W. Bush Library, Bush Presidential Records, National Security Council, H-Files - National Security Council (NSC) Meeting Files, NSC0062 - March 25, 1992 - Intelligence Capabilities/1992-2005.","Catalog provenance: Catalog access Restricted - Possibly; NAID 470760970. Query hit(s): NSC/DC, NSR. Digital object: 41-bpr-nsc-hfiles-nsc_mtgs-62-90002-032.pdf. Catalog: https://catalog.archives.gov/id/470760970.",https://catalog.archives.gov/id/470760970,https://s3.amazonaws.com/NARAprodstorage/lz/presidential-libraries/bush/gb-nsc/H-Files/NSC_Mtgs_312293887/41-bpr-nsc-hfiles-nsc_mtgs-62-90002-032.pdf
,,,17,Signal review,RS 006-002,Requested source pool: NSC/DC Meetings Follow-Up,Review requested source-pool lead,Series/source coverage,Cross-chapter,1992-06-01 to 1992-06-01,"DC - Nonproliferation June 1, 1992 11:00 - 12:00 Situation Room",NSC/DC | NSD,17,470761521,H-Files - National Security Council (NSC)/Deputies Committee (DC) Meetings Follow-up Files,"Source: George H.W. Bush Library, Bush Presidential Records, National Security Council, H-Files - National Security Council (NSC)/Deputies Committee (DC) Meetings Follow-up Files, DC - Nonproliferation June 1, 1992 11:00 - 12:00 Situation Room.","Catalog provenance: Catalog access Restricted - Possibly; NAID 470761521. Query hit(s): NSC/DC, NSD. Digital object: 41-bpr-nsc-hfiles-dc_mtgs_foll_up-90044-009.pdf. Catalog: https://catalog.archives.gov/id/470761521.",https://catalog.archives.gov/id/470761521,https://s3.amazonaws.com/NARAprodstorage/lz/presidential-libraries/bush/gb-nsc/H-Files/NSC-DC_Mtgs_Foll-up_312294094/41-bpr-nsc-hfiles-dc_mtgs_foll_up-90044-009.pdf
,,,17,Signal review,RS 006-003,Requested source pool: NSC/DC Meetings Follow-Up,Review requested source-pool lead,Series/source coverage,Cross-chapter,1992-04-22 to 1992-04-22,DC Meeting-Follow-om Export Controls 4/22/92 3:00-4:00 Situation Room,NSC/DC | NSD,17,470761507,H-Files - National Security Council (NSC)/Deputies Committee (DC) Meetings Follow-up Files,"Source: George H.W. Bush Library, Bush Presidential Records, National Security Council, H-Files - National Security Council (NSC)/Deputies Committee (DC) Meetings Follow-up Files, DC Meeting-Follow-om Export Controls 4/22/92 3:00-4:00 Situation Room.","Catalog provenance: Catalog access Restricted - Possibly; NAID 470761507. Query hit(s): NSC/DC, NSD. Digital object: 41-bpr-nsc-hfiles-dc_mtgs_foll_up-90043-043.pdf. Catalog: https://catalog.archives.gov/id/470761507.",https://catalog.archives.gov/id/470761507,https://s3.amazonaws.com/NARAprodstorage/lz/presidential-libraries/bush/gb-nsc/H-Files/NSC-DC_Mtgs_Foll-up_312294094/41-bpr-nsc-hfiles-dc_mtgs_foll_up-90043-043.pdf
,,,17,Signal review,RS 006-004,Requested source pool: NSC/DC Meetings Follow-Up,Review requested source-pool lead,Series/source coverage,Cross-chapter,1992-03-25 to 1992-03-25,NSC Meeting NSR-29-Intelligence Priorities 3/25/92,NSC/DC | NSR,17,470761501,H-Files - National Security Council (NSC)/Deputies Committee (DC) Meetings Follow-up Files,"Source: George H.W. Bush Library, Bush Presidential Records, National Security Council, H-Files - National Security Council (NSC)/Deputies Committee (DC) Meetings Follow-up Files, NSC Meeting NSR-29-Intelligence Priorities 3/25/92.","Catalog provenance: Catalog access Restricted - Possibly; NAID 470761501. Query hit(s): NSC/DC, NSR. Digital object: 41-bpr-nsc-hfiles-dc_mtgs_foll_up-90043-037.pdf. Catalog: https://catalog.archives.gov/id/470761501.",https://catalog.archives.gov/id/470761501,https://s3.amazonaws.com/NARAprodstorage/lz/presidential-libraries/bush/gb-nsc/H-Files/NSC-DC_Mtgs_Foll-up_312294094/41-bpr-nsc-hfiles-dc_mtgs_foll_up-90043-037.pdf
,,,17,Signal review,RS 007-017,Requested source pool: NSR,Review requested source-pool lead,Series/source coverage,Cross-chapter,1989-06-22 to 1989-06-22,"NSR-18 - June 22, 1989 - Counterintelligence and Security Countermeasures [3]",NSC/DC | NSR,17,446394962,H-Files - National Security Review (NSR) Files,"Source: George H.W. Bush Library, Bush Presidential Records, National Security Council, H-Files - National Security Review (NSR) Files, NSR-18 - June 22, 1989 - Counterintelligence and Security Countermeasures [3].","Catalog provenance: Catalog access Restricted - Possibly; NAID 446394962. Query hit(s): NSC/DC, NSR. Digital object: 41-bpr-nsc-hfiles-nsr-18_3-90007-010.pdf. Catalog: https://catalog.archives.gov/id/446394962.",https://catalog.archives.gov/id/446394962,https://s3.amazonaws.com/NARAprodstorage/lz/presidential-libraries/bush/gb-nsc/H-Files/NSRs_313189297/41-bpr-nsc-hfiles-nsr-18_3-90007-010.pdf
,,,17,Signal review,RS 007-018,Requested source pool: NSR,Review requested source-pool lead,Series/source coverage,Cross-chapter,1989-06-22 to 1989-06-22,"NSR-18 - June 22, 1989 - Counterintelligence and Security Countermeasures [4]",NSC/DC | NSR,17,446394963,H-Files - National Security Review (NSR) Files,"Source: George H.W. Bush Library, Bush Presidential Records, National Security Council, H-Files - National Security Review (NSR) Files, NSR-18 - June 22, 1989 - Counterintelligence and Security Countermeasures [4].","Catalog provenance: Catalog access Restricted - Possibly; NAID 446394963. Query hit(s): NSC/DC, NSR. Digital object: 41-bpr-nsc-hfiles-nsr-18_4-90007-011.pdf. Catalog: https://catalog.archives.gov/id/446394963.",https://catalog.archives.gov/id/446394963,https://s3.amazonaws.com/NARAprodstorage/lz/presidential-libraries/bush/gb-nsc/H-Files/NSRs_313189297/41-bpr-nsc-hfiles-nsr-18_4-90007-011.pdf
,,,17,Signal review,RS 007-019,Requested source pool: NSR,Review requested source-pool lead,Series/source coverage,Cross-chapter,1990-02-21 to 1990-02-21,"NSR-23 - February 21, 1990 - U.S. Policy Towards the Maghreb-Morocco / Algeria and Tunisia",NSC/DC | NSR,17,446394969,H-Files - National Security Review (NSR) Files,"Source: George H.W. Bush Library, Bush Presidential Records, National Security Council, H-Files - National Security Review (NSR) Files, NSR-23 - February 21, 1990 - U.S. Policy Towards the Maghreb-Morocco / Algeria and Tunisia.","Catalog provenance: Catalog access Restricted - Possibly; NAID 446394969. Query hit(s): NSC/DC, NSR. Digital object: 41-bpr-nsc-hfiles-nsr-23-90007-017.pdf. Catalog: https://catalog.archives.gov/id/446394969.",https://catalog.archives.gov/id/446394969,https://s3.amazonaws.com/NARAprodstorage/lz/presidential-libraries/bush/gb-nsc/H-Files/NSRs_313189297/41-bpr-nsc-hfiles-nsr-23-90007-017.pdf
,,,17,Signal review,RS 007-020,Requested source pool: NSR,Review requested source-pool lead,Series/source coverage,Cross-chapter,1990-03-28 to 1990-03-28,"NSR-24 - March 28, 1990 - Review of U.S. Government International Broadcasting Activities [1]",NSC/DC | NSD,17,446394970,H-Files - National Security Review (NSR) Files,"Source: George H.W. Bush Library, Bush Presidential Records, National Security Council, H-Files - National Security Review (NSR) Files, NSR-24 - March 28, 1990 - Review of U.S. Government International Broadcasting Activities [1].","Catalog provenance: Catalog access Restricted - Possibly; NAID 446394970. Query hit(s): NSC/DC, NSD. Digital object: 41-bpr-nsc-hfiles-nsr-24_1-90007-018.pdf. Catalog: https://catalog.archives.gov/id/446394970.",https://catalog.archives.gov/id/446394970,https://s3.amazonaws.com/NARAprodstorage/lz/presidential-libraries/bush/gb-nsc/H-Files/NSRs_313189297/41-bpr-nsc-hfiles-nsr-24_1-90007-018.pdf
,,,17,Signal review,RS 007-021,Requested source pool: NSR,Review requested source-pool lead,Series/source coverage,Cross-chapter,1990-04-04 to 1990-04-04,"NSR-25 - April 04, 1990 - National Industrial Security Program [1]",NSC/DC | NSD,17,446394972,H-Files - National Security Review (NSR) Files,"Source: George H.W. Bush Library, Bush Presidential Records, National Security Council, H-Files - National Security Review (NSR) Files, NSR-25 - April 04, 1990 - National Industrial Security Program [1].","Catalog provenance: Catalog access Restricted - Possibly; NAID 446394972. Query hit(s): NSC/DC, NSD. Digital object: 41-bpr-nsc-hfiles-nsr-25_1-90007-020.pdf. Catalog: https://catalog.archives.gov/id/446394972.",https://catalog.archives.gov/id/446394972,https://s3.amazonaws.com/NARAprodstorage/lz/presidential-libraries/bush/gb-nsc/H-Files/NSRs_313189297/41-bpr-nsc-hfiles-nsr-25_1-90007-020.pdf
,,,17,Signal review,RS 007-022,Requested source pool: NSR,Review requested source-pool lead,Series/source coverage,Cross-chapter,1990-04-04 to 1990-04-04,"NSR-25 - April 04, 1990 - National Industrial Security Program [2]",NSC/DC | NSR,17,446394973,H-Files - National Security Review (NSR) Files,"Source: George H.W. Bush Library, Bush Presidential Records, National Security Council, H-Files - National Security Review (NSR) Files, NSR-25 - April 04, 1990 - National Industrial Security Program [2].","Catalog provenance: Catalog access Restricted - Possibly; NAID 446394973. Query hit(s): NSC/DC, NSR. Digital object: 41-bpr-nsc-hfiles-nsr-25_2-90007-021.pdf. Catalog: https://catalog.archives.gov/id/446394973.",https://catalog.archives.gov/id/446394973,https://s3.amazonaws.com/NARAprodstorage/lz/presidential-libraries/bush/gb-nsc/H-Files/NSRs_313189297/41-bpr-nsc-hfiles-nsr-25_2-90007-021.pdf
,,,17,Signal review,RS 007-023,Requested source pool: NSR,Review requested source-pool lead,Series/source coverage,Cross-chapter,1991-06-02 to 1991-06-02,"NSR-28 - June 2, 1991 - U.S. Policy Toward North Korean Nuclear Weapons Program",NSC/DC | NSR,17,446394977,H-Files - National Security Review (NSR) Files,"Source: George H.W. Bush Library, Bush Presidential Records, National Security Council, H-Files - National Security Review (NSR) Files, NSR-28 - June 2, 1991 - U.S. Policy Toward North Korean Nuclear Weapons Program.","Catalog provenance: Catalog access Restricted - Possibly; NAID 446394977. Query hit(s): NSC/DC, NSR. Digital object: 41-bpr-nsc-hfiles-nsr-28-90007-025.pdf. Catalog: https://catalog.archives.gov/id/446394977.",https://catalog.archives.gov/id/446394977,https://s3.amazonaws.com/NARAprodstorage/lz/presidential-libraries/bush/gb-nsc/H-Files/NSRs_313189297/41-bpr-nsc-hfiles-nsr-28-90007-025.pdf
,,,17,Signal review,RS 007-024,Requested source pool: NSR,Review requested source-pool lead,Series/source coverage,Cross-chapter,1991-11-15 to 1991-11-15,"NSR-29 - November 15, 1991 - Intelligence Capabilities 1992-2005 [1]",NSC/DC | NSR,17,446394978,H-Files - National Security Review (NSR) Files,"Source: George H.W. Bush Library, Bush Presidential Records, National Security Council, H-Files - National Security Review (NSR) Files, NSR-29 - November 15, 1991 - Intelligence Capabilities 1992-2005 [1].","Catalog provenance: Catalog access Restricted - Possibly; NAID 446394978. Query hit(s): NSC/DC, NSR. Digital object: 41-bpr-nsc-hfiles-nsr-29_1-90008-001.pdf. Catalog: https://catalog.archives.gov/id/446394978.",https://catalog.archives.gov/id/446394978,https://s3.amazonaws.com/NARAprodstorage/lz/presidential-libraries/bush/gb-nsc/H-Files/NSRs_313189297/41-bpr-nsc-hfiles-nsr-29_1-90008-001.pdf
,,,17,Signal review,RS 007-025,Requested source pool: NSR,Review requested source-pool lead,Series/source coverage,Cross-chapter,1991-11-15 to 1991-11-15,"NSR-29 - November 15, 1991 - Intelligence Capabilities 1992-2005 [2]",NSC/DC | NSR,17,446394979,H-Files - National Security Review (NSR) Files,"Source: George H.W. Bush Library, Bush Presidential Records, National Security Council, H-Files - National Security Review (NSR) Files, NSR-29 - November 15, 1991 - Intelligence Capabilities 1992-2005 [2].","Catalog provenance: Catalog access Restricted - Possibly; NAID 446394979. Query hit(s): NSC/DC, NSR. Digital object: 41-bpr-nsc-hfiles-nsr-29_2-90008-002.pdf. Catalog: https://catalog.archives.gov/id/446394979.",https://catalog.archives.gov/id/446394979,https://s3.amazonaws.com/NARAprodstorage/lz/presidential-libraries/bush/gb-nsc/H-Files/NSRs_313189297/41-bpr-nsc-hfiles-nsr-29_2-90008-002.pdf
,,,17,Signal review,RS 007-026,Requested source pool: NSR,Review requested source-pool lead,Series/source coverage,Cross-chapter,1991-11-15 to 1991-11-15,"NSR-29 - November 15, 1991 - Intelligence Capabilities 1992-2005 [3]",NSC/DC | NSR,17,446394980,H-Files - National Security Review (NSR) Files,"Source: George H.W. Bush Library, Bush Presidential Records, National Security Council, H-Files - National Security Review (NSR) Files, NSR-29 - November 15, 1991 - Intelligence Capabilities 1992-2005 [3].","Catalog provenance: Catalog access Restricted - Possibly; NAID 446394980. Query hit(s): NSC/DC, NSR. Digital object: 41-bpr-nsc-hfiles-nsr-29_3-90008-003.pdf. Catalog: https://catalog.archives.gov/id/446394980.",https://catalog.archives.gov/id/446394980,https://s3.amazonaws.com/NARAprodstorage/lz/presidential-libraries/bush/gb-nsc/H-Files/NSRs_313189297/41-bpr-nsc-hfiles-nsr-29_3-90008-003.pdf
,,,17,Signal review,RS 007-027,Requested source pool: NSR,Review requested source-pool lead,Series/source coverage,Cross-chapter,1991-11-15 to 1991-11-15,"NSR-29 - November 15, 1991 - Intelligence Capabilities 1992-2005 [5]",NSC/DC | NSR,17,446394982,H-Files - National Security Review (NSR) Files,"Source: George H.W. Bush Library, Bush Presidential Records, National Security Council, H-Files - National Security Review (NSR) Files, NSR-29 - November 15, 1991 - Intelligence Capabilities 1992-2005 [5].","Catalog provenance: Catalog access Restricted - Possibly; NAID 446394982. Query hit(s): NSC/DC, NSR. Digital object: 41-bpr-nsc-hfiles-nsr-29_5-90008-005.pdf. Catalog: https://catalog.archives.gov/id/446394982.",https://catalog.archives.gov/id/446394982,https://s3.amazonaws.com/NARAprodstorage/lz/presidential-libraries/bush/gb-nsc/H-Files/NSRs_313189297/41-bpr-nsc-hfiles-nsr-29_5-90008-005.pdf
,,,17,Signal review,RS 007-028,Requested source pool: NSR,Review requested source-pool lead,Series/source coverage,Cross-chapter,1991-11-15 to 1991-11-15,"NSR-29 - November 15, 1991 - Intelligence Capabilities 1992-2005 [6]",NSC/DC | NSR,17,446394983,H-Files - National Security Review (NSR) Files,"Source: George H.W. Bush Library, Bush Presidential Records, National Security Council, H-Files - National Security Review (NSR) Files, NSR-29 - November 15, 1991 - Intelligence Capabilities 1992-2005 [6].","Catalog provenance: Catalog access Restricted - Possibly; NAID 446394983. Query hit(s): NSC/DC, NSR. Digital object: 41-bpr-nsc-hfiles-nsr-29_6-90008-006.pdf. Catalog: https://catalog.archives.gov/id/446394983.",https://catalog.archives.gov/id/446394983,https://s3.amazonaws.com/NARAprodstorage/lz/presidential-libraries/bush/gb-nsc/H-Files/NSRs_313189297/41-bpr-nsc-hfiles-nsr-29_6-90008-006.pdf
,,,17,Signal review,RS 007-029,Requested source pool: NSR,Review requested source-pool lead,Series/source coverage,Cross-chapter,1991-11-15 to 1991-11-15,"NSR-29 - November 15, 1991 - Intelligence Capabilities 1992-2005 [7]",NSC/DC | NSR,17,446394984,H-Files - National Security Review (NSR) Files,"Source: George H.W. Bush Library, Bush Presidential Records, National Security Council, H-Files - National Security Review (NSR) Files, NSR-29 - November 15, 1991 - Intelligence Capabilities 1992-2005 [7].","Catalog provenance: Catalog access Restricted - Possibly; NAID 446394984. Query hit(s): NSC/DC, NSR. Digital object: 41-bpr-nsc-hfiles-nsr-29_7-90008-007.pdf. Catalog: https://catalog.archives.gov/id/446394984.",https://catalog.archives.gov/id/446394984,https://s3.amazonaws.com/NARAprodstorage/lz/presidential-libraries/bush/gb-nsc/H-Files/NSRs_313189297/41-bpr-nsc-hfiles-nsr-29_7-90008-007.pdf
,,,17,Signal review,RS 007-030,Requested source pool: NSR,Review requested source-pool lead,Series/source coverage,Cross-chapter,1989-02-15 to 1989-02-15,"NSR-4 - February 15, 1989 - Comprehensive Review of U.S.-East European Relations [1]",NSC/DC | NSD,17,446394927,H-Files - National Security Review (NSR) Files,"Source: George H.W. Bush Library, Bush Presidential Records, National Security Council, H-Files - National Security Review (NSR) Files, NSR-4 - February 15, 1989 - Comprehensive Review of U.S.-East European Relations [1].","Catalog provenance: Catalog access Restricted - Possibly; NAID 446394927. Query hit(s): NSC/DC, NSD. Digital object: 41-bpr-nsc-hfiles-nsr-4_1-90006-005.pdf. Catalog: https://catalog.archives.gov/id/446394927.",https://catalog.archives.gov/id/446394927,https://s3.amazonaws.com/NARAprodstorage/lz/presidential-libraries/bush/gb-nsc/H-Files/NSRs_313189297/41-bpr-nsc-hfiles-nsr-4_1-90006-005.pdf
,,,17,Signal review,RS 008-014,Requested source pool: NSD,Review requested source-pool lead,Series/source coverage,Cross-chapter,1989-06-14 to 1989-06-14,"NSD-14 - June 14, 1989 - ICBM Modernization and Strategic Defense Initiative",NSC/DC | NSD,17,446396827,National Security Directives (NSD) Files,"Source: George H.W. Bush Library, Bush Presidential Records, National Security Council, National Security Directives (NSD) Files, NSD-14 - June 14, 1989 - ICBM Modernization and Strategic Defense Initiative.","Catalog provenance: Catalog access Restricted - Possibly; NAID 446396827. Query hit(s): NSC/DC, NSD. Digital object: 41-bpr-nsc-hfiles-nsd-14-90003-018.pdf. Catalog: https://catalog.archives.gov/id/446396827.",https://catalog.archives.gov/id/446396827,https://s3.amazonaws.com/NARAprodstorage/lz/presidential-libraries/bush/gb-nsc/H-Files/NSDs_313189290/41-bpr-nsc-hfiles-nsd-14-90003-018.pdf
,,,17,Signal review,RS 008-015,Requested source pool: NSD,Review requested source-pool lead,Series/source coverage,Cross-chapter,1989-08-21 to 1989-08-21,"NSD-18 - August 21, 1989 - International Counternarcotics Strategy",NSC/DC | NSD,17,446396832,National Security Directives (NSD) Files,"Source: George H.W. Bush Library, Bush Presidential Records, National Security Council, National Security Directives (NSD) Files, NSD-18 - August 21, 1989 - International Counternarcotics Strategy.","Catalog provenance: Catalog access Restricted - Possibly; NAID 446396832. Query hit(s): NSC/DC, NSD. Digital object: 41-bpr-nsc-hfiles-nsd-18-90003-023.pdf. Catalog: https://catalog.archives.gov/id/446396832.",https://catalog.archives.gov/id/446396832,https://s3.amazonaws.com/NARAprodstorage/lz/presidential-libraries/bush/gb-nsc/H-Files/NSDs_313189290/41-bpr-nsc-hfiles-nsd-18-90003-023.pdf
,,,17,Signal review,RS 008-016,Requested source pool: NSD,Review requested source-pool lead,Series/source coverage,Cross-chapter,1989-09-20 to 1989-09-20,"NSD-22 - September 20, 1989 - U.S. Policy on Nuclear Testing and Arms Control",NSC/DC | NSR,17,446396838,National Security Directives (NSD) Files,"Source: George H.W. Bush Library, Bush Presidential Records, National Security Council, National Security Directives (NSD) Files, NSD-22 - September 20, 1989 - U.S. Policy on Nuclear Testing and Arms Control.","Catalog provenance: Catalog access Restricted - Possibly; NAID 446396838. Query hit(s): NSC/DC, NSR. Digital object: 41-bpr-nsc-hfiles-nsd-22-90003-029.pdf. Catalog: https://catalog.archives.gov/id/446396838.",https://catalog.archives.gov/id/446396838,https://s3.amazonaws.com/NARAprodstorage/lz/presidential-libraries/bush/gb-nsc/H-Files/NSDs_313189290/41-bpr-nsc-hfiles-nsd-22-90003-029.pdf
,,,17,Signal review,RS 008-017,Requested source pool: NSD,Review requested source-pool lead,Series/source coverage,Cross-chapter,1989-10-05 to 1989-10-05,"NSD-28 - October 05, 1989 - National Security Directive on Sealift",NSC/DC | NSD,17,446396845,National Security Directives (NSD) Files,"Source: George H.W. Bush Library, Bush Presidential Records, National Security Council, National Security Directives (NSD) Files, NSD-28 - October 05, 1989 - National Security Directive on Sealift.","Catalog provenance: Catalog access Restricted - Possibly; NAID 446396845. Query hit(s): NSC/DC, NSD. Digital object: 41-bpr-nsc-hfiles-nsd-28-90003-036.pdf. Catalog: https://catalog.archives.gov/id/446396845.",https://catalog.archives.gov/id/446396845,https://s3.amazonaws.com/NARAprodstorage/lz/presidential-libraries/bush/gb-nsc/H-Files/NSDs_313189290/41-bpr-nsc-hfiles-nsd-28-90003-036.pdf
,,,17,Signal review,RS 008-018,Requested source pool: NSD,Review requested source-pool lead,Series/source coverage,Cross-chapter,1989-11-30 to 1989-11-30,"NSD-32 - November 30, 1989 - Economic Sanctions against Panama",NSC/DC | NSD,17,446396852,National Security Directives (NSD) Files,"Source: George H.W. Bush Library, Bush Presidential Records, National Security Council, National Security Directives (NSD) Files, NSD-32 - November 30, 1989 - Economic Sanctions against Panama.","Catalog provenance: Catalog access Restricted - Possibly; NAID 446396852. Query hit(s): NSC/DC, NSD. Digital object: 41-bpr-nsc-hfiles-nsd-32-90004-006.pdf. Catalog: https://catalog.archives.gov/id/446396852.",https://catalog.archives.gov/id/446396852,https://s3.amazonaws.com/NARAprodstorage/lz/presidential-libraries/bush/gb-nsc/H-Files/NSDs_313189290/41-bpr-nsc-hfiles-nsd-32-90004-006.pdf
,,,17,Signal review,RS 008-019,Requested source pool: NSD,Review requested source-pool lead,Series/source coverage,Cross-chapter,1990-01-24 to 1990-01-24,"NSD-35 - January 24, 1990 - U.S.-Soviet Economic Initiatives",NSC/DC | NSD,17,446396855,National Security Directives (NSD) Files,"Source: George H.W. Bush Library, Bush Presidential Records, National Security Council, National Security Directives (NSD) Files, NSD-35 - January 24, 1990 - U.S.-Soviet Economic Initiatives.","Catalog provenance: Catalog access Restricted - Possibly; NAID 446396855. Query hit(s): NSC/DC, NSD. Digital object: 41-bpr-nsc-hfiles-nsd-35-90004-009.pdf. Catalog: https://catalog.archives.gov/id/446396855.",https://catalog.archives.gov/id/446396855,https://s3.amazonaws.com/NARAprodstorage/lz/presidential-libraries/bush/gb-nsc/H-Files/NSDs_313189290/41-bpr-nsc-hfiles-nsd-35-90004-009.pdf
,,,17,Signal review,RS 008-020,Requested source pool: NSD,Review requested source-pool lead,Series/source coverage,Cross-chapter,1990-07-05 to 1990-07-05,"NSD-42 - July 05, 1990 - National Policy for the Security of National Security Telecommunications and Information Systems [1]",NSC/DC | NSD,17,446396862,National Security Directives (NSD) Files,"Source: George H.W. Bush Library, Bush Presidential Records, National Security Council, National Security Directives (NSD) Files, NSD-42 - July 05, 1990 - National Policy for the Security of National Security Telecommunications and Information Systems [1].","Catalog provenance: Catalog access Restricted - Possibly; NAID 446396862. Query hit(s): NSC/DC, NSD. Digital object: 41-bpr-nsc-hfiles-nsd-42_1-90004-016.pdf. Catalog: https://catalog.archives.gov/id/446396862.",https://catalog.archives.gov/id/446396862,https://s3.amazonaws.com/NARAprodstorage/lz/presidential-libraries/bush/gb-nsc/H-Files/NSDs_313189290/41-bpr-nsc-hfiles-nsd-42_1-90004-016.pdf
,,,17,Signal review,RS 008-021,Requested source pool: NSD,Review requested source-pool lead,Series/source coverage,Cross-chapter,1990-07-05 to 1990-07-05,"NSD-42 - July 05, 1990 - National Policy for the Security of National Security Telecommunications and Information Systems [2]",NSC/DC | NSR,17,446396863,National Security Directives (NSD) Files,"Source: George H.W. Bush Library, Bush Presidential Records, National Security Council, National Security Directives (NSD) Files, NSD-42 - July 05, 1990 - National Policy for the Security of National Security Telecommunications and Information Systems [2].","Catalog provenance: Catalog access Restricted - Possibly; NAID 446396863. Query hit(s): NSC/DC, NSR. Digital object: 41-bpr-nsc-hfiles-nsd-42_2-90004-017.pdf. Catalog: https://catalog.archives.gov/id/446396863.",https://catalog.archives.gov/id/446396863,https://s3.amazonaws.com/NARAprodstorage/lz/presidential-libraries/bush/gb-nsc/H-Files/NSDs_313189290/41-bpr-nsc-hfiles-nsd-42_2-90004-017.pdf
,,,17,Signal review,RS 008-022,Requested source pool: NSD,Review requested source-pool lead,Series/source coverage,Cross-chapter,1990-09-07 to 1990-09-07,"NSD-46 - September 07, 1990 - Cape York",NSC/DC | NSD,17,446396867,National Security Directives (NSD) Files,"Source: George H.W. Bush Library, Bush Presidential Records, National Security Council, National Security Directives (NSD) Files, NSD-46 - September 07, 1990 - Cape York.","Catalog provenance: Catalog access Restricted - Possibly; NAID 446396867. Query hit(s): NSC/DC, NSD. Digital object: 41-bpr-nsc-hfiles-nsd-46-90004-021.pdf. Catalog: https://catalog.archives.gov/id/446396867.",https://catalog.archives.gov/id/446396867,https://s3.amazonaws.com/NARAprodstorage/lz/presidential-libraries/bush/gb-nsc/H-Files/NSDs_313189290/41-bpr-nsc-hfiles-nsd-46-90004-021.pdf
,,,17,Signal review,RS 008-023,Requested source pool: NSD,Review requested source-pool lead,Series/source coverage,Cross-chapter,1990-10-12 to 1990-10-12,"NSD-49 - October 12, 1990 - Freedom of Navigation Program",NSC/DC | NSD,17,446396871,National Security Directives (NSD) Files,"Source: George H.W. Bush Library, Bush Presidential Records, National Security Council, National Security Directives (NSD) Files, NSD-49 - October 12, 1990 - Freedom of Navigation Program.","Catalog provenance: Catalog access Restricted - Possibly; NAID 446396871. Query hit(s): NSC/DC, NSD. Digital object: 41-bpr-nsc-hfiles-nsd-49-90004-025.pdf. Catalog: https://catalog.archives.gov/id/446396871.",https://catalog.archives.gov/id/446396871,https://s3.amazonaws.com/NARAprodstorage/lz/presidential-libraries/bush/gb-nsc/H-Files/NSDs_313189290/41-bpr-nsc-hfiles-nsd-49-90004-025.pdf
,,,17,Signal review,RS 008-024,Requested source pool: NSD,Review requested source-pool lead,Series/source coverage,Cross-chapter,1990-12-10 to 1990-12-10,"NSD-53 - December 10, 1990 - Interagency Review and Disposition of Export Control Licenses Issued by Department of Commerce [2]",NSC/DC | NSD,17,446396879,National Security Directives (NSD) Files,"Source: George H.W. Bush Library, Bush Presidential Records, National Security Council, National Security Directives (NSD) Files, NSD-53 - December 10, 1990 - Interagency Review and Disposition of Export Control Licenses Issued by Department of Commerce [2].","Catalog provenance: Catalog access Restricted - Possibly; NAID 446396879. Query hit(s): NSC/DC, NSD. Digital object: 41-bpr-nsc-hfiles-nsd-53_2-90004-033.pdf. Catalog: https://catalog.archives.gov/id/446396879.",https://catalog.archives.gov/id/446396879,https://s3.amazonaws.com/NARAprodstorage/lz/presidential-libraries/bush/gb-nsc/H-Files/NSDs_313189290/41-bpr-nsc-hfiles-nsd-53_2-90004-033.pdf
,,,17,Signal review,RS 008-025,Requested source pool: NSD,Review requested source-pool lead,Series/source coverage,Cross-chapter,1991-03-26 to 1991-03-26,"NSD-55 - March 26, 1991 - Change 1 to NSD-48 - Nuclear Weapons Deployment Authorization for FY 1990 and FY 1991",NSC/DC | NSD,17,446396883,National Security Directives (NSD) Files,"Source: George H.W. Bush Library, Bush Presidential Records, National Security Council, National Security Directives (NSD) Files, NSD-55 - March 26, 1991 - Change 1 to NSD-48 - Nuclear Weapons Deployment Authorization for FY 1990 and FY 1991.","Catalog provenance: Catalog access Restricted - Possibly; NAID 446396883. Query hit(s): NSC/DC, NSD. Digital object: 41-bpr-nsc-hfiles-nsd-55-90004-037.pdf. Catalog: https://catalog.archives.gov/id/446396883.",https://catalog.archives.gov/id/446396883,https://s3.amazonaws.com/NARAprodstorage/lz/presidential-libraries/bush/gb-nsc/H-Files/NSDs_313189290/41-bpr-nsc-hfiles-nsd-55-90004-037.pdf
,,,17,Signal review,RS 008-026,Requested source pool: NSD,Review requested source-pool lead,Series/source coverage,Cross-chapter,1991-05-10 to 1991-05-10,"NSD-58 - May 10, 1991 - Chemical Weapons Convention Initiative",NSC/DC | NSD,17,446396887,National Security Directives (NSD) Files,"Source: George H.W. Bush Library, Bush Presidential Records, National Security Council, National Security Directives (NSD) Files, NSD-58 - May 10, 1991 - Chemical Weapons Convention Initiative.","Catalog provenance: Catalog access Restricted - Possibly; NAID 446396887. Query hit(s): NSC/DC, NSD. Digital object: 41-bpr-nsc-hfiles-nsd-58-90005-003.pdf. Catalog: https://catalog.archives.gov/id/446396887.",https://catalog.archives.gov/id/446396887,https://s3.amazonaws.com/NARAprodstorage/lz/presidential-libraries/bush/gb-nsc/H-Files/NSDs_313189290/41-bpr-nsc-hfiles-nsd-58-90005-003.pdf
,,,17,Signal review,RS 008-027,Requested source pool: NSD,Review requested source-pool lead,Series/source coverage,Cross-chapter,1991-05-14 to 1991-05-14,"NSD-59 - May 14, 1991 - Disposition of Reagan Administration Policy Papers [1]",NSC/DC | NSD,17,446396888,National Security Directives (NSD) Files,"Source: George H.W. Bush Library, Bush Presidential Records, National Security Council, National Security Directives (NSD) Files, NSD-59 - May 14, 1991 - Disposition of Reagan Administration Policy Papers [1].","Catalog provenance: Catalog access Restricted - Possibly; NAID 446396888. Query hit(s): NSC/DC, NSD. Digital object: 41-bpr-nsc-hfiles-nsd-59_1-90005-004.pdf. Catalog: https://catalog.archives.gov/id/446396888.",https://catalog.archives.gov/id/446396888,https://s3.amazonaws.com/NARAprodstorage/lz/presidential-libraries/bush/gb-nsc/H-Files/NSDs_313189290/41-bpr-nsc-hfiles-nsd-59_1-90005-004.pdf
,,,17,Signal review,RS 008-028,Requested source pool: NSD,Review requested source-pool lead,Series/source coverage,Cross-chapter,1991-05-30 to 1991-05-30,"NSD-60 - May 30, 1991 - FY 1992 nuclear test Program: Julin",NSC/DC | NSD,17,446396893,National Security Directives (NSD) Files,"Source: George H.W. Bush Library, Bush Presidential Records, National Security Council, National Security Directives (NSD) Files, NSD-60 - May 30, 1991 - FY 1992 nuclear test Program: Julin.","Catalog provenance: Catalog access Restricted - Possibly; NAID 446396893. Query hit(s): NSC/DC, NSD. Digital object: 41-bpr-nsc-hfiles-nsd-60-90005-009.pdf. Catalog: https://catalog.archives.gov/id/446396893.",https://catalog.archives.gov/id/446396893,https://s3.amazonaws.com/NARAprodstorage/lz/presidential-libraries/bush/gb-nsc/H-Files/NSDs_313189290/41-bpr-nsc-hfiles-nsd-60-90005-009.pdf
,,,17,Signal review,RS 008-029,Requested source pool: NSD,Review requested source-pool lead,Series/source coverage,Cross-chapter,1992-02-11 to 1992-02-11,"NSD-65 - February 11, 1992 - Organizing to Manage On-Site Inspections under the CFE Treaty",NSC/DC | NSD,17,446396898,National Security Directives (NSD) Files,"Source: George H.W. Bush Library, Bush Presidential Records, National Security Council, National Security Directives (NSD) Files, NSD-65 - February 11, 1992 - Organizing to Manage On-Site Inspections under the CFE Treaty.","Catalog provenance: Catalog access Restricted - Possibly; NAID 446396898. Query hit(s): NSC/DC, NSD. Digital object: 41-bpr-nsc-hfiles-nsd-65-90005-014.pdf. Catalog: https://catalog.archives.gov/id/446396898.",https://catalog.archives.gov/id/446396898,https://s3.amazonaws.com/NARAprodstorage/lz/presidential-libraries/bush/gb-nsc/H-Files/NSDs_313189290/41-bpr-nsc-hfiles-nsd-65-90005-014.pdf
,,,17,Signal review,RS 008-030,Requested source pool: NSD,Review requested source-pool lead,Series/source coverage,Cross-chapter,1992-07-10 to 1992-07-10,"NSD-70 - July 10, 1992 - U.S. Nonproliferation Policy",NSC/DC | NSD,17,446396904,National Security Directives (NSD) Files,"Source: George H.W. Bush Library, Bush Presidential Records, National Security Council, National Security Directives (NSD) Files, NSD-70 - July 10, 1992 - U.S. Nonproliferation Policy.","Catalog provenance: Catalog access Restricted - Possibly; NAID 446396904. Query hit(s): NSC/DC, NSD. Digital object: 41-bpr-nsc-hfiles-nsd-70-90005-020.pdf. Catalog: https://catalog.archives.gov/id/446396904.",https://catalog.archives.gov/id/446396904,https://s3.amazonaws.com/NARAprodstorage/lz/presidential-libraries/bush/gb-nsc/H-Files/NSDs_313189290/41-bpr-nsc-hfiles-nsd-70-90005-020.pdf
,,,11,Conversation signal,RS 004-022,Requested source pool: NSC,Review requested source-pool lead,Conversation search lead,Cross-chapter,1990-04-23 to 1990-04-23,"NSC0043a - April 23, 1990 - Lithuania, USSR, Sanctions",memorandum of conversation,11,470760947,H-Files - National Security Council (NSC) Meeting Files,"Source: George H.W. Bush Library, Bush Presidential Records, National Security Council, H-Files - National Security Council (NSC) Meeting Files, NSC0043a - April 23, 1990 - Lithuania, USSR, Sanctions.",Catalog provenance: Catalog access Restricted - Possibly; NAID 470760947. Query hit(s): memorandum of conversation. Digital object: 41-bpr-nsc-hfiles-nsc_mtgs-43a-90002-009.pdf. Catalog: https://catalog.archives.gov/id/470760947.,https://catalog.archives.gov/id/470760947,https://s3.amazonaws.com/NARAprodstorage/lz/presidential-libraries/bush/gb-nsc/H-Files/NSC_Mtgs_312293887/41-bpr-nsc-hfiles-nsc_mtgs-43a-90002-009.pdf
,,,10,Signal review,RS 004-023,Requested source pool: NSC,Review requested source-pool lead,Country search lead,Turkey,1990-08-06 to 1990-08-06,"NSC0052 - August 06, 1990 - Iraqi Invasion of Kuwait, Persian Gulf",Turkey,10,470760957,H-Files - National Security Council (NSC) Meeting Files,"Source: George H.W. Bush Library, Bush Presidential Records, National Security Council, H-Files - National Security Council (NSC) Meeting Files, NSC0052 - August 06, 1990 - Iraqi Invasion of Kuwait, Persian Gulf.",Catalog provenance: Catalog access Restricted - Possibly; NAID 470760957. Query hit(s): Turkey. Digital object: 41-bpr-nsc-hfiles-nsc_mtgs-52-90002-019.pdf. Catalog: https://catalog.archives.gov/id/470760957.,https://catalog.archives.gov/id/470760957,https://s3.amazonaws.com/NARAprodstorage/lz/presidential-libraries/bush/gb-nsc/H-Files/NSC_Mtgs_312293887/41-bpr-nsc-hfiles-nsc_mtgs-52-90002-019.pdf
,,,10,Signal review,RS 009-021,Requested source pool: IF Transition,Review requested source-pool lead,Country search lead,Turkey,,National Security Council Secretariat Procedure Manual [1],Turkey,10,470760862,National Security Council (NSC) Institutional Files (IF) Transition Files,"Source: George H.W. Bush Library, Bush Presidential Records, National Security Council, National Security Council (NSC) Institutional Files (IF) Transition Files, National Security Council Secretariat Procedure Manual [1].",Catalog provenance: Catalog access Restricted - Possibly; NAID 470760862. Query hit(s): Turkey. Digital object: 41-bpr-nsc-hfiles-if_trans-99015-008.pdf. Catalog: https://catalog.archives.gov/id/470760862.,https://catalog.archives.gov/id/470760862,https://s3.amazonaws.com/NARAprodstorage/lz/presidential-libraries/bush/gb-nsc/H-Files/IF_Transition_348937136/41-bpr-nsc-hfiles-if_trans-99015-008.pdf
,,,9,Signal review,RS 004-024,Requested source pool: NSC,Review requested source-pool lead,Series/source coverage,Cross-chapter,1989-03-15 to 1989-03-15,"NSC0005 - March 15, 1989 - Fighter Support Experimental Project, Japan",NSC/DC,9,470760889,H-Files - National Security Council (NSC) Meeting Files,"Source: George H.W. Bush Library, Bush Presidential Records, National Security Council, H-Files - National Security Council (NSC) Meeting Files, NSC0005 - March 15, 1989 - Fighter Support Experimental Project, Japan.",Catalog provenance: Catalog access Restricted - Possibly; NAID 470760889. Query hit(s): NSC/DC. Digital object: 41-bpr-nsc-hfiles-nsc_mtgs-5-90000-005.pdf. Catalog: https://catalog.archives.gov/id/470760889.,https://catalog.archives.gov/id/470760889,https://s3.amazonaws.com/NARAprodstorage/lz/presidential-libraries/bush/gb-nsc/H-Files/NSC_Mtgs_312293887/41-bpr-nsc-hfiles-nsc_mtgs-5-90000-005.pdf
,,,9,Signal review,RS 004-025,Requested source pool: NSC,Review requested source-pool lead,Series/source coverage,Cross-chapter,1989-12-05 to 1989-12-05,"NSC0033 - December 05, 1989 - Malta Follow Up, Arms Control, Summit",NSC/DC,9,470760927,H-Files - National Security Council (NSC) Meeting Files,"Source: George H.W. Bush Library, Bush Presidential Records, National Security Council, H-Files - National Security Council (NSC) Meeting Files, NSC0033 - December 05, 1989 - Malta Follow Up, Arms Control, Summit.",Catalog provenance: Catalog access Restricted - Possibly; NAID 470760927. Query hit(s): NSC/DC. Digital object: 41-bpr-nsc-hfiles-nsc_mtgs-33-90001-024.pdf. Catalog: https://catalog.archives.gov/id/470760927.,https://catalog.archives.gov/id/470760927,https://s3.amazonaws.com/NARAprodstorage/lz/presidential-libraries/bush/gb-nsc/H-Files/NSC_Mtgs_312293887/41-bpr-nsc-hfiles-nsc_mtgs-33-90001-024.pdf
,,,9,Signal review,RS 004-026,Requested source pool: NSC,Review requested source-pool lead,Series/source coverage,Cross-chapter,1990-01-18 to 1990-01-18,"NSC0037 - January 18, 1990 - International Economic Policy [1]",NSC/DC,9,470760935,H-Files - National Security Council (NSC) Meeting Files,"Source: George H.W. Bush Library, Bush Presidential Records, National Security Council, H-Files - National Security Council (NSC) Meeting Files, NSC0037 - January 18, 1990 - International Economic Policy [1].",Catalog provenance: Catalog access Restricted - Possibly; NAID 470760935. Query hit(s): NSC/DC. Digital object: 41-bpr-nsc-hfiles-nsc_mtgs-37_1-90001-032.pdf. Catalog: https://catalog.archives.gov/id/470760935.,https://catalog.archives.gov/id/470760935,https://s3.amazonaws.com/NARAprodstorage/lz/presidential-libraries/bush/gb-nsc/H-Files/NSC_Mtgs_312293887/41-bpr-nsc-hfiles-nsc_mtgs-37_1-90001-032.pdf
,,,9,Signal review,RS 004-027,Requested source pool: NSC,Review requested source-pool lead,Series/source coverage,Cross-chapter,1990-03-29 to 1990-03-29,"NSC0042 - March 29, 1990 - Fiber Optic Systems for the USSR",NSC/DC,9,470760944,H-Files - National Security Council (NSC) Meeting Files,"Source: George H.W. Bush Library, Bush Presidential Records, National Security Council, H-Files - National Security Council (NSC) Meeting Files, NSC0042 - March 29, 1990 - Fiber Optic Systems for the USSR.",Catalog provenance: Catalog access Restricted - Possibly; NAID 470760944. Query hit(s): NSC/DC. Digital object: 41-bpr-nsc-hfiles-nsc_mtgs-42-90002-006.pdf. Catalog: https://catalog.archives.gov/id/470760944.,https://catalog.archives.gov/id/470760944,https://s3.amazonaws.com/NARAprodstorage/lz/presidential-libraries/bush/gb-nsc/H-Files/NSC_Mtgs_312293887/41-bpr-nsc-hfiles-nsc_mtgs-42-90002-006.pdf
,,,9,Signal review,RS 004-028,Requested source pool: NSC,Review requested source-pool lead,Series/source coverage,Cross-chapter,1990-04-17 to 1990-04-17,"NSC0043 - April 17, 1990 - Lithuania, USSR [2]",NSC/DC,9,470760946,H-Files - National Security Council (NSC) Meeting Files,"Source: George H.W. Bush Library, Bush Presidential Records, National Security Council, H-Files - National Security Council (NSC) Meeting Files, NSC0043 - April 17, 1990 - Lithuania, USSR [2].",Catalog provenance: Catalog access Restricted - Possibly; NAID 470760946. Query hit(s): NSC/DC. Digital object: 41-bpr-nsc-hfiles-nsc_mtgs-43_2-90002-008.pdf. Catalog: https://catalog.archives.gov/id/470760946.,https://catalog.archives.gov/id/470760946,https://s3.amazonaws.com/NARAprodstorage/lz/presidential-libraries/bush/gb-nsc/H-Files/NSC_Mtgs_312293887/41-bpr-nsc-hfiles-nsc_mtgs-43_2-90002-008.pdf
,,,9,Signal review,RS 004-029,Requested source pool: NSC,Review requested source-pool lead,Series/source coverage,Cross-chapter,1990-04-30 to 1990-04-30,"NSC0044 - April 30, 1990 - Cape York, Coordinating Committee for Multilateral Strategic Export Controls",NSC/DC,9,470760948,H-Files - National Security Council (NSC) Meeting Files,"Source: George H.W. Bush Library, Bush Presidential Records, National Security Council, H-Files - National Security Council (NSC) Meeting Files, NSC0044 - April 30, 1990 - Cape York, Coordinating Committee for Multilateral Strategic Export Controls.",Catalog provenance: Catalog access Restricted - Possibly; NAID 470760948. Query hit(s): NSC/DC. Digital object: 41-bpr-nsc-hfiles-nsc_mtgs-44-90002-010.pdf. Catalog: https://catalog.archives.gov/id/470760948.,https://catalog.archives.gov/id/470760948,https://s3.amazonaws.com/NARAprodstorage/lz/presidential-libraries/bush/gb-nsc/H-Files/NSC_Mtgs_312293887/41-bpr-nsc-hfiles-nsc_mtgs-44-90002-010.pdf
,,,9,Signal review,RS 004-030,Requested source pool: NSC,Review requested source-pool lead,Series/source coverage,Cross-chapter,1990-04-30 to 1990-04-30,"NSC0045 - April 30, 1990 - Coordinating Committee for Multilateral Strategic Export Controls",NSC/DC,9,470760949,H-Files - National Security Council (NSC) Meeting Files,"Source: George H.W. Bush Library, Bush Presidential Records, National Security Council, H-Files - National Security Council (NSC) Meeting Files, NSC0045 - April 30, 1990 - Coordinating Committee for Multilateral Strategic Export Controls.",Catalog provenance: Catalog access Restricted - Possibly; NAID 470760949. Query hit(s): NSC/DC. Digital object: 41-bpr-nsc-hfiles-nsc_mtgs-45-90002-011.pdf. Catalog: https://catalog.archives.gov/id/470760949.,https://catalog.archives.gov/id/470760949,https://s3.amazonaws.com/NARAprodstorage/lz/presidential-libraries/bush/gb-nsc/H-Files/NSC_Mtgs_312293887/41-bpr-nsc-hfiles-nsc_mtgs-45-90002-011.pdf
,,,9,Signal review,RS 006-005,Requested source pool: NSC/DC Meetings Follow-Up,Review requested source-pool lead,Series/source coverage,Cross-chapter,1992-10-05 to 1992-10-05,"DC - […] October 5, 1992 16:00 - 17:00 Situation Room",NSC/DC,9,470761545,H-Files - National Security Council (NSC)/Deputies Committee (DC) Meetings Follow-up Files,"Source: George H.W. Bush Library, Bush Presidential Records, National Security Council, H-Files - National Security Council (NSC)/Deputies Committee (DC) Meetings Follow-up Files, DC - […] October 5, 1992 16:00 - 17:00 Situation Room.",Catalog provenance: Catalog access Restricted - Possibly; NAID 470761545. Query hit(s): NSC/DC. Digital object: 41-bpr-nsc-hfiles-dc_mtgs_foll_up-90044-033.pdf. Catalog: https://catalog.archives.gov/id/470761545.,https://catalog.archives.gov/id/470761545,https://s3.amazonaws.com/NARAprodstorage/lz/presidential-libraries/bush/gb-nsc/H-Files/NSC-DC_Mtgs_Foll-up_312294094/41-bpr-nsc-hfiles-dc_mtgs_foll_up-90044-033.pdf
,,,9,Signal review,RS 006-006,Requested source pool: NSC/DC Meetings Follow-Up,Review requested source-pool lead,Series/source coverage,Cross-chapter,1992-11-01 to 1992-11-01,"DC - Angola November 1, 1992 1:00 - 2:00 Situation Room",NSC/DC,9,470761550,H-Files - National Security Council (NSC)/Deputies Committee (DC) Meetings Follow-up Files,"Source: George H.W. Bush Library, Bush Presidential Records, National Security Council, H-Files - National Security Council (NSC)/Deputies Committee (DC) Meetings Follow-up Files, DC - Angola November 1, 1992 1:00 - 2:00 Situation Room.",Catalog provenance: Catalog access Restricted - Possibly; NAID 470761550. Query hit(s): NSC/DC. Digital object: 41-bpr-nsc-hfiles-dc_mtgs_foll_up-90044-038.pdf. Catalog: https://catalog.archives.gov/id/470761550.,https://catalog.archives.gov/id/470761550,https://s3.amazonaws.com/NARAprodstorage/lz/presidential-libraries/bush/gb-nsc/H-Files/NSC-DC_Mtgs_Foll-up_312294094/41-bpr-nsc-hfiles-dc_mtgs_foll_up-90044-038.pdf
,,,9,Signal review,RS 006-007,Requested source pool: NSC/DC Meetings Follow-Up,Review requested source-pool lead,Series/source coverage,Cross-chapter,1992-12-17 to 1992-12-17,DC - Annual Review of Covert Actions 12/17/92 3:30,NSC/DC,9,470761559,H-Files - National Security Council (NSC)/Deputies Committee (DC) Meetings Follow-up Files,"Source: George H.W. Bush Library, Bush Presidential Records, National Security Council, H-Files - National Security Council (NSC)/Deputies Committee (DC) Meetings Follow-up Files, DC - Annual Review of Covert Actions 12/17/92 3:30.",Catalog provenance: Catalog access Restricted - Possibly; NAID 470761559. Query hit(s): NSC/DC. Digital object: 41-bpr-nsc-hfiles-dc_mtgs_foll_up-90045-006.pdf. Catalog: https://catalog.archives.gov/id/470761559.,https://catalog.archives.gov/id/470761559,https://s3.amazonaws.com/NARAprodstorage/lz/presidential-libraries/bush/gb-nsc/H-Files/NSC-DC_Mtgs_Foll-up_312294094/41-bpr-nsc-hfiles-dc_mtgs_foll_up-90045-006.pdf
,,,9,Signal review,RS 006-008,Requested source pool: NSC/DC Meetings Follow-Up,Review requested source-pool lead,Series/source coverage,Cross-chapter,1992-11-19 to 1992-11-19,"DC - Counternarcotics - Cancelled November 19, 1992 3:00 - 4:00 Situation Room",NSC/DC,9,470761553,H-Files - National Security Council (NSC)/Deputies Committee (DC) Meetings Follow-up Files,"Source: George H.W. Bush Library, Bush Presidential Records, National Security Council, H-Files - National Security Council (NSC)/Deputies Committee (DC) Meetings Follow-up Files, DC - Counternarcotics - Cancelled November 19, 1992 3:00 - 4:00 Situation Room.",Catalog provenance: Catalog access Restricted - Possibly; NAID 470761553. Query hit(s): NSC/DC. Digital object: 41-bpr-nsc-hfiles-dc_mtgs_foll_up-90044-041.pdf. Catalog: https://catalog.archives.gov/id/470761553.,https://catalog.archives.gov/id/470761553,https://s3.amazonaws.com/NARAprodstorage/lz/presidential-libraries/bush/gb-nsc/H-Files/NSC-DC_Mtgs_Foll-up_312294094/41-bpr-nsc-hfiles-dc_mtgs_foll_up-90044-041.pdf
,,,9,Signal review,RS 006-009,Requested source pool: NSC/DC Meetings Follow-Up,Review requested source-pool lead,Series/source coverage,Cross-chapter,1992-07-16 to 1992-07-16,"DC - Counternarcotics -- Colombia July 16, 1992 11:00 - 12:00 Situation Room",NSC/DC,9,470761532,H-Files - National Security Council (NSC)/Deputies Committee (DC) Meetings Follow-up Files,"Source: George H.W. Bush Library, Bush Presidential Records, National Security Council, H-Files - National Security Council (NSC)/Deputies Committee (DC) Meetings Follow-up Files, DC - Counternarcotics -- Colombia July 16, 1992 11:00 - 12:00 Situation Room.",Catalog provenance: Catalog access Restricted - Possibly; NAID 470761532. Query hit(s): NSC/DC. Digital object: 41-bpr-nsc-hfiles-dc_mtgs_foll_up-90044-020.pdf. Catalog: https://catalog.archives.gov/id/470761532.,https://catalog.archives.gov/id/470761532,https://s3.amazonaws.com/NARAprodstorage/lz/presidential-libraries/bush/gb-nsc/H-Files/NSC-DC_Mtgs_Foll-up_312294094/41-bpr-nsc-hfiles-dc_mtgs_foll_up-90044-020.pdf
,,,9,Signal review,RS 006-010,Requested source pool: NSC/DC Meetings Follow-Up,Review requested source-pool lead,Series/source coverage,Cross-chapter,1992-07-09 to 1992-07-09,"DC - Counternarcotics July 9, 1992 11:00 - 12:00",NSC/DC,9,470761530,H-Files - National Security Council (NSC)/Deputies Committee (DC) Meetings Follow-up Files,"Source: George H.W. Bush Library, Bush Presidential Records, National Security Council, H-Files - National Security Council (NSC)/Deputies Committee (DC) Meetings Follow-up Files, DC - Counternarcotics July 9, 1992 11:00 - 12:00.",Catalog provenance: Catalog access Restricted - Possibly; NAID 470761530. Query hit(s): NSC/DC. Digital object: 41-bpr-nsc-hfiles-dc_mtgs_foll_up-90044-018.pdf. Catalog: https://catalog.archives.gov/id/470761530.,https://catalog.archives.gov/id/470761530,https://s3.amazonaws.com/NARAprodstorage/lz/presidential-libraries/bush/gb-nsc/H-Files/NSC-DC_Mtgs_Foll-up_312294094/41-bpr-nsc-hfiles-dc_mtgs_foll_up-90044-018.pdf
,,,9,Signal review,RS 006-011,Requested source pool: NSC/DC Meetings Follow-Up,Review requested source-pool lead,Series/source coverage,Cross-chapter,1992-10-14 to 1992-10-14,"DC - Georgia October 14, 1992 11:00 - 12:00 Situation Room",NSC/DC,9,470761547,H-Files - National Security Council (NSC)/Deputies Committee (DC) Meetings Follow-up Files,"Source: George H.W. Bush Library, Bush Presidential Records, National Security Council, H-Files - National Security Council (NSC)/Deputies Committee (DC) Meetings Follow-up Files, DC - Georgia October 14, 1992 11:00 - 12:00 Situation Room.",Catalog provenance: Catalog access Restricted - Possibly; NAID 470761547. Query hit(s): NSC/DC. Digital object: 41-bpr-nsc-hfiles-dc_mtgs_foll_up-90044-035.pdf. Catalog: https://catalog.archives.gov/id/470761547.,https://catalog.archives.gov/id/470761547,https://s3.amazonaws.com/NARAprodstorage/lz/presidential-libraries/bush/gb-nsc/H-Files/NSC-DC_Mtgs_Foll-up_312294094/41-bpr-nsc-hfiles-dc_mtgs_foll_up-90044-035.pdf
,,,9,Signal review,RS 006-012,Requested source pool: NSC/DC Meetings Follow-Up,Review requested source-pool lead,Series/source coverage,Cross-chapter,1992-05-19 to 1992-05-19,"DC - Haiti - Boat People May 19, 1992 15:30 - 16:30 Situation Room",NSC/DC,9,470761516,H-Files - National Security Council (NSC)/Deputies Committee (DC) Meetings Follow-up Files,"Source: George H.W. Bush Library, Bush Presidential Records, National Security Council, H-Files - National Security Council (NSC)/Deputies Committee (DC) Meetings Follow-up Files, DC - Haiti - Boat People May 19, 1992 15:30 - 16:30 Situation Room.",Catalog provenance: Catalog access Restricted - Possibly; NAID 470761516. Query hit(s): NSC/DC. Digital object: 41-bpr-nsc-hfiles-dc_mtgs_foll_up-90044-004.pdf. Catalog: https://catalog.archives.gov/id/470761516.,https://catalog.archives.gov/id/470761516,https://s3.amazonaws.com/NARAprodstorage/lz/presidential-libraries/bush/gb-nsc/H-Files/NSC-DC_Mtgs_Foll-up_312294094/41-bpr-nsc-hfiles-dc_mtgs_foll_up-90044-004.pdf
,,,9,Signal review,RS 006-014,Requested source pool: NSC/DC Meetings Follow-Up,Review requested source-pool lead,Series/source coverage,Cross-chapter,1992-11-06 to 1992-11-06,"DC - Russia November 6, 1992 11:00 - 12:00 Situation Room",NSC/DC,9,470761552,H-Files - National Security Council (NSC)/Deputies Committee (DC) Meetings Follow-up Files,"Source: George H.W. Bush Library, Bush Presidential Records, National Security Council, H-Files - National Security Council (NSC)/Deputies Committee (DC) Meetings Follow-up Files, DC - Russia November 6, 1992 11:00 - 12:00 Situation Room.",Catalog provenance: Catalog access Restricted - Possibly; NAID 470761552. Query hit(s): NSC/DC. Digital object: 41-bpr-nsc-hfiles-dc_mtgs_foll_up-90044-040.pdf. Catalog: https://catalog.archives.gov/id/470761552.,https://catalog.archives.gov/id/470761552,https://s3.amazonaws.com/NARAprodstorage/lz/presidential-libraries/bush/gb-nsc/H-Files/NSC-DC_Mtgs_Foll-up_312294094/41-bpr-nsc-hfiles-dc_mtgs_foll_up-90044-040.pdf
,,,9,Signal review,RS 006-015,Requested source pool: NSC/DC Meetings Follow-Up,Review requested source-pool lead,Series/source coverage,Cross-chapter,1992-08-14 to 1992-08-14,"DC - Somalia August 14, 1992 14:00 - 15:00 Situation Room",NSC/DC,9,470761536,H-Files - National Security Council (NSC)/Deputies Committee (DC) Meetings Follow-up Files,"Source: George H.W. Bush Library, Bush Presidential Records, National Security Council, H-Files - National Security Council (NSC)/Deputies Committee (DC) Meetings Follow-up Files, DC - Somalia August 14, 1992 14:00 - 15:00 Situation Room.",Catalog provenance: Catalog access Restricted - Possibly; NAID 470761536. Query hit(s): NSC/DC. Digital object: 41-bpr-nsc-hfiles-dc_mtgs_foll_up-90044-024.pdf. Catalog: https://catalog.archives.gov/id/470761536.,https://catalog.archives.gov/id/470761536,https://s3.amazonaws.com/NARAprodstorage/lz/presidential-libraries/bush/gb-nsc/H-Files/NSC-DC_Mtgs_Foll-up_312294094/41-bpr-nsc-hfiles-dc_mtgs_foll_up-90044-024.pdf
,,,9,Signal review,RS 006-016,Requested source pool: NSC/DC Meetings Follow-Up,Review requested source-pool lead,Series/source coverage,Cross-chapter,1992-05-26 to 1992-05-26,"DC Meeting - Drugs - Cancelled May 26, 1992 17:00 - 18:00 Situation Room",NSC/DC,9,470761519,H-Files - National Security Council (NSC)/Deputies Committee (DC) Meetings Follow-up Files,"Source: George H.W. Bush Library, Bush Presidential Records, National Security Council, H-Files - National Security Council (NSC)/Deputies Committee (DC) Meetings Follow-up Files, DC Meeting - Drugs - Cancelled May 26, 1992 17:00 - 18:00 Situation Room.",Catalog provenance: Catalog access Restricted - Possibly; NAID 470761519. Query hit(s): NSC/DC. Digital object: 41-bpr-nsc-hfiles-dc_mtgs_foll_up-90044-007.pdf. Catalog: https://catalog.archives.gov/id/470761519.,https://catalog.archives.gov/id/470761519,https://s3.amazonaws.com/NARAprodstorage/lz/presidential-libraries/bush/gb-nsc/H-Files/NSC-DC_Mtgs_Foll-up_312294094/41-bpr-nsc-hfiles-dc_mtgs_foll_up-90044-007.pdf
,,,9,Signal review,RS 006-017,Requested source pool: NSC/DC Meetings Follow-Up,Review requested source-pool lead,Series/source coverage,Cross-chapter,1992-01-27 to 1992-01-27,DC Meeting - Haiti 1/27/92 11:00 am Situation Room,NSC/DC,9,470761492,H-Files - National Security Council (NSC)/Deputies Committee (DC) Meetings Follow-up Files,"Source: George H.W. Bush Library, Bush Presidential Records, National Security Council, H-Files - National Security Council (NSC)/Deputies Committee (DC) Meetings Follow-up Files, DC Meeting - Haiti 1/27/92 11:00 am Situation Room.",Catalog provenance: Catalog access Restricted - Possibly; NAID 470761492. Query hit(s): NSC/DC. Digital object: 41-bpr-nsc-hfiles-dc_mtgs_foll_up-90043-028.pdf. Catalog: https://catalog.archives.gov/id/470761492.,https://catalog.archives.gov/id/470761492,https://s3.amazonaws.com/NARAprodstorage/lz/presidential-libraries/bush/gb-nsc/H-Files/NSC-DC_Mtgs_Foll-up_312294094/41-bpr-nsc-hfiles-dc_mtgs_foll_up-90043-028.pdf
,,,9,Signal review,RS 006-018,Requested source pool: NSC/DC Meetings Follow-Up,Review requested source-pool lead,Series/source coverage,Cross-chapter,1992-05-14 to 1992-05-14,"DC Meeting - Haiti May 14, 1992 10:30 - 11:30 Situation Room",NSC/DC,9,470761513,H-Files - National Security Council (NSC)/Deputies Committee (DC) Meetings Follow-up Files,"Source: George H.W. Bush Library, Bush Presidential Records, National Security Council, H-Files - National Security Council (NSC)/Deputies Committee (DC) Meetings Follow-up Files, DC Meeting - Haiti May 14, 1992 10:30 - 11:30 Situation Room.",Catalog provenance: Catalog access Restricted - Possibly; NAID 470761513. Query hit(s): NSC/DC. Digital object: 41-bpr-nsc-hfiles-dc_mtgs_foll_up-90044-001.pdf. Catalog: https://catalog.archives.gov/id/470761513.,https://catalog.archives.gov/id/470761513,https://s3.amazonaws.com/NARAprodstorage/lz/presidential-libraries/bush/gb-nsc/H-Files/NSC-DC_Mtgs_Foll-up_312294094/41-bpr-nsc-hfiles-dc_mtgs_foll_up-90044-001.pdf
,,,9,Signal review,RS 006-019,Requested source pool: NSC/DC Meetings Follow-Up,Review requested source-pool lead,Series/source coverage,Cross-chapter,1992-05-14 to 1992-05-14,DC Meeting - Nuclear Testing 5/14/92 4:00 pm,NSC/DC,9,470761514,H-Files - National Security Council (NSC)/Deputies Committee (DC) Meetings Follow-up Files,"Source: George H.W. Bush Library, Bush Presidential Records, National Security Council, H-Files - National Security Council (NSC)/Deputies Committee (DC) Meetings Follow-up Files, DC Meeting - Nuclear Testing 5/14/92 4:00 pm.",Catalog provenance: Catalog access Restricted - Possibly; NAID 470761514. Query hit(s): NSC/DC. Digital object: 41-bpr-nsc-hfiles-dc_mtgs_foll_up-90044-002.pdf. Catalog: https://catalog.archives.gov/id/470761514.,https://catalog.archives.gov/id/470761514,https://s3.amazonaws.com/NARAprodstorage/lz/presidential-libraries/bush/gb-nsc/H-Files/NSC-DC_Mtgs_Foll-up_312294094/41-bpr-nsc-hfiles-dc_mtgs_foll_up-90044-002.pdf
,,,9,Signal review,RS 006-020,Requested source pool: NSC/DC Meetings Follow-Up,Review requested source-pool lead,Series/source coverage,Cross-chapter,1992-12-11 to 1992-12-11,DC Meeting - Somalia 12/11/92 11:00 am,NSC/DC,9,470761557,H-Files - National Security Council (NSC)/Deputies Committee (DC) Meetings Follow-up Files,"Source: George H.W. Bush Library, Bush Presidential Records, National Security Council, H-Files - National Security Council (NSC)/Deputies Committee (DC) Meetings Follow-up Files, DC Meeting - Somalia 12/11/92 11:00 am.",Catalog provenance: Catalog access Restricted - Possibly; NAID 470761557. Query hit(s): NSC/DC. Digital object: 41-bpr-nsc-hfiles-dc_mtgs_foll_up-90045-004.pdf. Catalog: https://catalog.archives.gov/id/470761557.,https://catalog.archives.gov/id/470761557,https://s3.amazonaws.com/NARAprodstorage/lz/presidential-libraries/bush/gb-nsc/H-Files/NSC-DC_Mtgs_Foll-up_312294094/41-bpr-nsc-hfiles-dc_mtgs_foll_up-90045-004.pdf
,,,9,Signal review,RS 006-021,Requested source pool: NSC/DC Meetings Follow-Up,Review requested source-pool lead,Series/source coverage,Cross-chapter,1992-12-23 to 1992-12-23,DC Meeting - Somalia 12/23/92 2:00,NSC/DC,9,470761563,H-Files - National Security Council (NSC)/Deputies Committee (DC) Meetings Follow-up Files,"Source: George H.W. Bush Library, Bush Presidential Records, National Security Council, H-Files - National Security Council (NSC)/Deputies Committee (DC) Meetings Follow-up Files, DC Meeting - Somalia 12/23/92 2:00.",Catalog provenance: Catalog access Restricted - Possibly; NAID 470761563. Query hit(s): NSC/DC. Digital object: 41-bpr-nsc-hfiles-dc_mtgs_foll_up-90045-010.pdf. Catalog: https://catalog.archives.gov/id/470761563.,https://catalog.archives.gov/id/470761563,https://s3.amazonaws.com/NARAprodstorage/lz/presidential-libraries/bush/gb-nsc/H-Files/NSC-DC_Mtgs_Foll-up_312294094/41-bpr-nsc-hfiles-dc_mtgs_foll_up-90045-010.pdf
,,,9,Signal review,RS 006-022,Requested source pool: NSC/DC Meetings Follow-Up,Review requested source-pool lead,Series/source coverage,Cross-chapter,1992-12-30 to 1992-12-30,DC Meeting - Somalia 12/30/92 2:00,NSC/DC,9,470761565,H-Files - National Security Council (NSC)/Deputies Committee (DC) Meetings Follow-up Files,"Source: George H.W. Bush Library, Bush Presidential Records, National Security Council, H-Files - National Security Council (NSC)/Deputies Committee (DC) Meetings Follow-up Files, DC Meeting - Somalia 12/30/92 2:00.",Catalog provenance: Catalog access Restricted - Possibly; NAID 470761565. Query hit(s): NSC/DC. Digital object: 41-bpr-nsc-hfiles-dc_mtgs_foll_up-90045-012.pdf. Catalog: https://catalog.archives.gov/id/470761565.,https://catalog.archives.gov/id/470761565,https://s3.amazonaws.com/NARAprodstorage/lz/presidential-libraries/bush/gb-nsc/H-Files/NSC-DC_Mtgs_Foll-up_312294094/41-bpr-nsc-hfiles-dc_mtgs_foll_up-90045-012.pdf
,,,9,Signal review,RS 006-023,Requested source pool: NSC/DC Meetings Follow-Up,Review requested source-pool lead,Series/source coverage,Cross-chapter,1992-10-21 to 1992-10-21,"DC Meeting - Somalia October 21, 1992 14:00 - 15:00 Situation Room",NSC/DC,9,470761549,H-Files - National Security Council (NSC)/Deputies Committee (DC) Meetings Follow-up Files,"Source: George H.W. Bush Library, Bush Presidential Records, National Security Council, H-Files - National Security Council (NSC)/Deputies Committee (DC) Meetings Follow-up Files, DC Meeting - Somalia October 21, 1992 14:00 - 15:00 Situation Room.",Catalog provenance: Catalog access Restricted - Possibly; NAID 470761549. Query hit(s): NSC/DC. Digital object: 41-bpr-nsc-hfiles-dc_mtgs_foll_up-90044-037.pdf. Catalog: https://catalog.archives.gov/id/470761549.,https://catalog.archives.gov/id/470761549,https://s3.amazonaws.com/NARAprodstorage/lz/presidential-libraries/bush/gb-nsc/H-Files/NSC-DC_Mtgs_Foll-up_312294094/41-bpr-nsc-hfiles-dc_mtgs_foll_up-90044-037.pdf
,,,9,Signal review,RS 006-024,Requested source pool: NSC/DC Meetings Follow-Up,Review requested source-pool lead,Series/source coverage,Cross-chapter,1992-09-04 to 1992-09-04,"DC Meeting - Somalia September 4, 1992 16:00 - 17:00 Situation Room",NSC/DC,9,470761538,H-Files - National Security Council (NSC)/Deputies Committee (DC) Meetings Follow-up Files,"Source: George H.W. Bush Library, Bush Presidential Records, National Security Council, H-Files - National Security Council (NSC)/Deputies Committee (DC) Meetings Follow-up Files, DC Meeting - Somalia September 4, 1992 16:00 - 17:00 Situation Room.",Catalog provenance: Catalog access Restricted - Possibly; NAID 470761538. Query hit(s): NSC/DC. Digital object: 41-bpr-nsc-hfiles-dc_mtgs_foll_up-90044-026.pdf. Catalog: https://catalog.archives.gov/id/470761538.,https://catalog.archives.gov/id/470761538,https://s3.amazonaws.com/NARAprodstorage/lz/presidential-libraries/bush/gb-nsc/H-Files/NSC-DC_Mtgs_Foll-up_312294094/41-bpr-nsc-hfiles-dc_mtgs_foll_up-90044-026.pdf
,,,9,Signal review,RS 006-025,Requested source pool: NSC/DC Meetings Follow-Up,Review requested source-pool lead,Series/source coverage,Cross-chapter,1992-10-16 to 1992-10-16,"DC Meeting - Yugoslavia - Croatia & Kosovo October 16, 1992 11:00 - 12:00 Situation Room",NSC/DC,9,470761548,H-Files - National Security Council (NSC)/Deputies Committee (DC) Meetings Follow-up Files,"Source: George H.W. Bush Library, Bush Presidential Records, National Security Council, H-Files - National Security Council (NSC)/Deputies Committee (DC) Meetings Follow-up Files, DC Meeting - Yugoslavia - Croatia & Kosovo October 16, 1992 11:00 - 12:00 Situation Room.",Catalog provenance: Catalog access Restricted - Possibly; NAID 470761548. Query hit(s): NSC/DC. Digital object: 41-bpr-nsc-hfiles-dc_mtgs_foll_up-90044-036.pdf. Catalog: https://catalog.archives.gov/id/470761548.,https://catalog.archives.gov/id/470761548,https://s3.amazonaws.com/NARAprodstorage/lz/presidential-libraries/bush/gb-nsc/H-Files/NSC-DC_Mtgs_Foll-up_312294094/41-bpr-nsc-hfiles-dc_mtgs_foll_up-90044-036.pdf
,,,9,Signal review,RS 006-026,Requested source pool: NSC/DC Meetings Follow-Up,Review requested source-pool lead,Series/source coverage,Cross-chapter,1993-01-14 to 1993-01-14,DC Meeting - Yugoslavia 1/14/93 11:00,NSC/DC,9,470761570,H-Files - National Security Council (NSC)/Deputies Committee (DC) Meetings Follow-up Files,"Source: George H.W. Bush Library, Bush Presidential Records, National Security Council, H-Files - National Security Council (NSC)/Deputies Committee (DC) Meetings Follow-up Files, DC Meeting - Yugoslavia 1/14/93 11:00.",Catalog provenance: Catalog access Restricted - Possibly; NAID 470761570. Query hit(s): NSC/DC. Digital object: 41-bpr-nsc-hfiles-dc_mtgs_foll_up-90045-017.pdf. Catalog: https://catalog.archives.gov/id/470761570.,https://catalog.archives.gov/id/470761570,https://s3.amazonaws.com/NARAprodstorage/lz/presidential-libraries/bush/gb-nsc/H-Files/NSC-DC_Mtgs_Foll-up_312294094/41-bpr-nsc-hfiles-dc_mtgs_foll_up-90045-017.pdf
,,,9,Signal review,RS 006-027,Requested source pool: NSC/DC Meetings Follow-Up,Review requested source-pool lead,Series/source coverage,Cross-chapter,1993-01-06 to 1993-01-06,DC Meeting - Yugoslavia 1/6/93 4:00,NSC/DC,9,470761567,H-Files - National Security Council (NSC)/Deputies Committee (DC) Meetings Follow-up Files,"Source: George H.W. Bush Library, Bush Presidential Records, National Security Council, H-Files - National Security Council (NSC)/Deputies Committee (DC) Meetings Follow-up Files, DC Meeting - Yugoslavia 1/6/93 4:00.",Catalog provenance: Catalog access Restricted - Possibly; NAID 470761567. Query hit(s): NSC/DC. Digital object: 41-bpr-nsc-hfiles-dc_mtgs_foll_up-90045-014.pdf. Catalog: https://catalog.archives.gov/id/470761567.,https://catalog.archives.gov/id/470761567,https://s3.amazonaws.com/NARAprodstorage/lz/presidential-libraries/bush/gb-nsc/H-Files/NSC-DC_Mtgs_Foll-up_312294094/41-bpr-nsc-hfiles-dc_mtgs_foll_up-90045-014.pdf
,,,9,Signal review,RS 006-028,Requested source pool: NSC/DC Meetings Follow-Up,Review requested source-pool lead,Series/source coverage,Cross-chapter,1992-06-24 to 1992-06-24,"DC Meeting - Yugoslavia June 24, 1992 15:00 - 16:00 Situation Room",NSC/DC,9,470761527,H-Files - National Security Council (NSC)/Deputies Committee (DC) Meetings Follow-up Files,"Source: George H.W. Bush Library, Bush Presidential Records, National Security Council, H-Files - National Security Council (NSC)/Deputies Committee (DC) Meetings Follow-up Files, DC Meeting - Yugoslavia June 24, 1992 15:00 - 16:00 Situation Room.",Catalog provenance: Catalog access Restricted - Possibly; NAID 470761527. Query hit(s): NSC/DC. Digital object: 41-bpr-nsc-hfiles-dc_mtgs_foll_up-90044-015.pdf. Catalog: https://catalog.archives.gov/id/470761527.,https://catalog.archives.gov/id/470761527,https://s3.amazonaws.com/NARAprodstorage/lz/presidential-libraries/bush/gb-nsc/H-Files/NSC-DC_Mtgs_Foll-up_312294094/41-bpr-nsc-hfiles-dc_mtgs_foll_up-90044-015.pdf
,,,9,Signal review,RS 006-029,Requested source pool: NSC/DC Meetings Follow-Up,Review requested source-pool lead,Series/source coverage,Cross-chapter,1992-06-04 to 1992-06-04,"DC Meeting - Yugoslavia June 4, 1992 11:00 - 12:00 Situation Room",NSC/DC,9,470761523,H-Files - National Security Council (NSC)/Deputies Committee (DC) Meetings Follow-up Files,"Source: George H.W. Bush Library, Bush Presidential Records, National Security Council, H-Files - National Security Council (NSC)/Deputies Committee (DC) Meetings Follow-up Files, DC Meeting - Yugoslavia June 4, 1992 11:00 - 12:00 Situation Room.",Catalog provenance: Catalog access Restricted - Possibly; NAID 470761523. Query hit(s): NSC/DC. Digital object: 41-bpr-nsc-hfiles-dc_mtgs_foll_up-90044-011.pdf. Catalog: https://catalog.archives.gov/id/470761523.,https://catalog.archives.gov/id/470761523,https://s3.amazonaws.com/NARAprodstorage/lz/presidential-libraries/bush/gb-nsc/H-Files/NSC-DC_Mtgs_Foll-up_312294094/41-bpr-nsc-hfiles-dc_mtgs_foll_up-90044-011.pdf
,,,9,Signal review,RS 006-030,Requested source pool: NSC/DC Meetings Follow-Up,Review requested source-pool lead,Series/source coverage,Cross-chapter,1992-05-27 to 1992-05-27,"DC Meeting - Yugoslavia May 27, 1992 17:00 - 18:00 Situation Room",NSC/DC,9,470761520,H-Files - National Security Council (NSC)/Deputies Committee (DC) Meetings Follow-up Files,"Source: George H.W. Bush Library, Bush Presidential Records, National Security Council, H-Files - National Security Council (NSC)/Deputies Committee (DC) Meetings Follow-up Files, DC Meeting - Yugoslavia May 27, 1992 17:00 - 18:00 Situation Room.",Catalog provenance: Catalog access Restricted - Possibly; NAID 470761520. Query hit(s): NSC/DC. Digital object: 41-bpr-nsc-hfiles-dc_mtgs_foll_up-90044-008.pdf. Catalog: https://catalog.archives.gov/id/470761520.,https://catalog.archives.gov/id/470761520,https://s3.amazonaws.com/NARAprodstorage/lz/presidential-libraries/bush/gb-nsc/H-Files/NSC-DC_Mtgs_Foll-up_312294094/41-bpr-nsc-hfiles-dc_mtgs_foll_up-90044-008.pdf
,,,9,Signal review,RS 009-022,Requested source pool: IF Transition,Review requested source-pool lead,Series/source coverage,Cross-chapter,1989-01-01 to 1989-01-31,[NSC: Reagan-Bush Transition Background Materials - Volume I - January 1989] [1],NSC/DC,9,470760864,National Security Council (NSC) Institutional Files (IF) Transition Files,"Source: George H.W. Bush Library, Bush Presidential Records, National Security Council, National Security Council (NSC) Institutional Files (IF) Transition Files, [NSC: Reagan-Bush Transition Background Materials - Volume I - January 1989] [1].",Catalog provenance: Catalog access Restricted - Possibly; NAID 470760864. Query hit(s): NSC/DC. Digital object: 41-bpr-nsc-hfiles-if_trans-99016-001.pdf. Catalog: https://catalog.archives.gov/id/470760864.,https://catalog.archives.gov/id/470760864,https://s3.amazonaws.com/NARAprodstorage/lz/presidential-libraries/bush/gb-nsc/H-Files/IF_Transition_348937136/41-bpr-nsc-hfiles-if_trans-99016-001.pdf
,,,9,Signal review,RS 009-023,Requested source pool: IF Transition,Review requested source-pool lead,Series/source coverage,Cross-chapter,1989-01-01 to 1989-01-31,[NSC: Reagan-Bush Transition Background Materials - Volume II - January 1989] [1],NSC/DC,9,470760867,National Security Council (NSC) Institutional Files (IF) Transition Files,"Source: George H.W. Bush Library, Bush Presidential Records, National Security Council, National Security Council (NSC) Institutional Files (IF) Transition Files, [NSC: Reagan-Bush Transition Background Materials - Volume II - January 1989] [1].",Catalog provenance: Catalog access Restricted - Possibly; NAID 470760867. Query hit(s): NSC/DC. Digital object: 41-bpr-nsc-hfiles-if_trans-99016-004.pdf. Catalog: https://catalog.archives.gov/id/470760867.,https://catalog.archives.gov/id/470760867,https://s3.amazonaws.com/NARAprodstorage/lz/presidential-libraries/bush/gb-nsc/H-Files/IF_Transition_348937136/41-bpr-nsc-hfiles-if_trans-99016-004.pdf
,,,9,Signal review,RS 009-024,Requested source pool: IF Transition,Review requested source-pool lead,Series/source coverage,Cross-chapter,1989-01-01 to 1989-01-31,[NSC: Reagan-Bush Transition Background Materials - Volume III - January 1989] [3],NSC/DC,9,470760872,National Security Council (NSC) Institutional Files (IF) Transition Files,"Source: George H.W. Bush Library, Bush Presidential Records, National Security Council, National Security Council (NSC) Institutional Files (IF) Transition Files, [NSC: Reagan-Bush Transition Background Materials - Volume III - January 1989] [3].",Catalog provenance: Catalog access Restricted - Possibly; NAID 470760872. Query hit(s): NSC/DC. Digital object: 41-bpr-nsc-hfiles-if_trans-99016-009.pdf. Catalog: https://catalog.archives.gov/id/470760872.,https://catalog.archives.gov/id/470760872,https://s3.amazonaws.com/NARAprodstorage/lz/presidential-libraries/bush/gb-nsc/H-Files/IF_Transition_348937136/41-bpr-nsc-hfiles-if_trans-99016-009.pdf
,,,9,Signal review,RS 009-025,Requested source pool: IF Transition,Review requested source-pool lead,Series/source coverage,Cross-chapter,,NSC Procedural Manual - Binder 2 [1],NSC/DC,9,470760878,National Security Council (NSC) Institutional Files (IF) Transition Files,"Source: George H.W. Bush Library, Bush Presidential Records, National Security Council, National Security Council (NSC) Institutional Files (IF) Transition Files, NSC Procedural Manual - Binder 2 [1].",Catalog provenance: Catalog access Restricted - Possibly; NAID 470760878. Query hit(s): NSC/DC. Digital object: 41-bpr-nsc-hfiles-if_trans-99017-004.pdf. Catalog: https://catalog.archives.gov/id/470760878.,https://catalog.archives.gov/id/470760878,https://s3.amazonaws.com/NARAprodstorage/lz/presidential-libraries/bush/gb-nsc/H-Files/IF_Transition_348937136/41-bpr-nsc-hfiles-if_trans-99017-004.pdf
,,,9,Signal review,RS 009-026,Requested source pool: IF Transition,Review requested source-pool lead,Series/source coverage,Cross-chapter,,NSC Procedural Manual - Binder 3 [1],NSC/DC,9,470760880,National Security Council (NSC) Institutional Files (IF) Transition Files,"Source: George H.W. Bush Library, Bush Presidential Records, National Security Council, National Security Council (NSC) Institutional Files (IF) Transition Files, NSC Procedural Manual - Binder 3 [1].",Catalog provenance: Catalog access Restricted - Possibly; NAID 470760880. Query hit(s): NSC/DC. Digital object: 41-bpr-nsc-hfiles-if_trans-99017-006.pdf. Catalog: https://catalog.archives.gov/id/470760880.,https://catalog.archives.gov/id/470760880,https://s3.amazonaws.com/NARAprodstorage/lz/presidential-libraries/bush/gb-nsc/H-Files/IF_Transition_348937136/41-bpr-nsc-hfiles-if_trans-99017-006.pdf
,,,9,Signal review,RS 009-027,Requested source pool: IF Transition,Review requested source-pool lead,Series/source coverage,Cross-chapter,,NSC Procedural Manual - Binder 4 [2],NSC/DC,9,470760883,National Security Council (NSC) Institutional Files (IF) Transition Files,"Source: George H.W. Bush Library, Bush Presidential Records, National Security Council, National Security Council (NSC) Institutional Files (IF) Transition Files, NSC Procedural Manual - Binder 4 [2].",Catalog provenance: Catalog access Restricted - Possibly; NAID 470760883. Query hit(s): NSC/DC. Digital object: 41-bpr-nsc-hfiles-if_trans-99017-009.pdf. Catalog: https://catalog.archives.gov/id/470760883.,https://catalog.archives.gov/id/470760883,https://s3.amazonaws.com/NARAprodstorage/lz/presidential-libraries/bush/gb-nsc/H-Files/IF_Transition_348937136/41-bpr-nsc-hfiles-if_trans-99017-009.pdf
,,,8,Signal review,RS 009-028,Requested source pool: IF Transition,Review requested source-pool lead,Series/source coverage,Cross-chapter,,National Security Council Administrative Manual,NSD,8,470760856,National Security Council (NSC) Institutional Files (IF) Transition Files,"Source: George H.W. Bush Library, Bush Presidential Records, National Security Council, National Security Council (NSC) Institutional Files (IF) Transition Files, National Security Council Administrative Manual.",Catalog provenance: Catalog access Restricted - Possibly; NAID 470760856. Query hit(s): NSD. Digital object: 41-bpr-nsc-hfiles-if_trans-99015-002.pdf. Catalog: https://catalog.archives.gov/id/470760856.,https://catalog.archives.gov/id/470760856,https://s3.amazonaws.com/NARAprodstorage/lz/presidential-libraries/bush/gb-nsc/H-Files/IF_Transition_348937136/41-bpr-nsc-hfiles-if_trans-99015-002.pdf
,,,0,Screen,BW 001,Blackwill Subject Files,Complete-series review,Low priority / administrative,Cross-chapter,1989-01-01,[Blackwill - Publications / Publication Agreements] [1],Low priority / administrative; Complete-series review; Robert D. Blackwill's Subject Files,,453248116,Robert D. Blackwill's Subject Files,"Source: George H.W. Bush Library, Bush Presidential Records, National Security Council, Robert D. Blackwill's Subject Files, [Blackwill - Publications / Publication Agreements] [1].",Catalog provenance: Catalog access Restricted - Possibly; NAID 453248116. PDF extent: 85 pages. Digital object: 41-bpr-nsc-blackwill_subj-cf00182-008.pdf. Catalog: https://catalog.archives.gov/id/453248116.,https://catalog.archives.gov/id/453248116,https://s3.dualstack.us-east-1.amazonaws.com/NARAprodstorage/lz/presidential-libraries/bush/gb-nsc/blackwill/subject_2554653/41-bpr-nsc-blackwill_subj-cf00182-008.pdf
,,,0,Screen,BW 002,Blackwill Subject Files,Complete-series review,Low priority / administrative,Cross-chapter,1989-01-01,[Blackwill - Publications / Publication Agreements] [2],Low priority / administrative; Complete-series review; Robert D. Blackwill's Subject Files,,453248117,Robert D. Blackwill's Subject Files,"Source: George H.W. Bush Library, Bush Presidential Records, National Security Council, Robert D. Blackwill's Subject Files, [Blackwill - Publications / Publication Agreements] [2].",Catalog provenance: Catalog access Restricted - Possibly; NAID 453248117. PDF extent: 51 pages. Digital object: 41-bpr-nsc-blackwill_subj-cf00182-009.pdf. Catalog: https://catalog.archives.gov/id/453248117.,https://catalog.archives.gov/id/453248117,https://s3.dualstack.us-east-1.amazonaws.com/NARAprodstorage/lz/presidential-libraries/bush/gb-nsc/blackwill/subject_2554653/41-bpr-nsc-blackwill_subj-cf00182-009.pdf
,,,0,Screen,BW 003,Blackwill Subject Files,Complete-series review,Low priority / administrative,Cross-chapter,1989-01-01,[Blackwill Miscellaneous],Low priority / administrative; Complete-series review; Robert D. Blackwill's Subject Files,,453248120,Robert D. Blackwill's Subject Files,"Source: George H.W. Bush Library, Bush Presidential Records, National Security Council, Robert D. Blackwill's Subject Files, [Blackwill Miscellaneous].",Catalog provenance: Catalog access Restricted - Possibly; NAID 453248120. PDF extent: 3 pages. Digital object: 41-bpr-nsc-blackwill_subj-cf00182-012.pdf. Catalog: https://catalog.archives.gov/id/453248120.,https://catalog.archives.gov/id/453248120,https://s3.dualstack.us-east-1.amazonaws.com/NARAprodstorage/lz/presidential-libraries/bush/gb-nsc/blackwill/subject_2554653/41-bpr-nsc-blackwill_subj-cf00182-012.pdf
,,,0,Screen,BW 007,Blackwill Subject Files,Complete-series review,Low priority / administrative,Cross-chapter,1989-01-01,[Mary Kay Appointment Calendar 1989],Low priority / administrative; Complete-series review; Robert D. Blackwill's Subject Files,,453248119,Robert D. Blackwill's Subject Files,"Source: George H.W. Bush Library, Bush Presidential Records, National Security Council, Robert D. Blackwill's Subject Files, [Mary Kay Appointment Calendar 1989].",Catalog provenance: Catalog access Restricted - Possibly; NAID 453248119. PDF extent: 3 pages. Digital object: 41-bpr-nsc-blackwill_subj-cf00182-011.pdf. Catalog: https://catalog.archives.gov/id/453248119.,https://catalog.archives.gov/id/453248119,https://s3.dualstack.us-east-1.amazonaws.com/NARAprodstorage/lz/presidential-libraries/bush/gb-nsc/blackwill/subject_2554653/41-bpr-nsc-blackwill_subj-cf00182-011.pdf
,,,0,Screen,BW 008,Blackwill Subject Files,Complete-series review,Low priority / administrative,Cross-chapter,1989-01-01,[Resumes to Blackwill - NSC Staff Positions] [1],Low priority / administrative; Complete-series review; Robert D. Blackwill's Subject Files,,453248110,Robert D. Blackwill's Subject Files,"Source: George H.W. Bush Library, Bush Presidential Records, National Security Council, Robert D. Blackwill's Subject Files, [Resumes to Blackwill - NSC Staff Positions] [1].",Catalog provenance: Catalog access Restricted - Possibly; NAID 453248110. PDF extent: 89 pages. Digital object: 41-bpr-nsc-blackwill_subj-cf00182-002.pdf. Catalog: https://catalog.archives.gov/id/453248110.,https://catalog.archives.gov/id/453248110,https://s3.dualstack.us-east-1.amazonaws.com/NARAprodstorage/lz/presidential-libraries/bush/gb-nsc/blackwill/subject_2554653/41-bpr-nsc-blackwill_subj-cf00182-002.pdf
,,,0,Screen,BW 009,Blackwill Subject Files,Complete-series review,Low priority / administrative,Cross-chapter,1989-01-01,[Resumes to Blackwill - NSC Staff Positions] [2],Low priority / administrative; Complete-series review; Robert D. Blackwill's Subject Files,,453248111,Robert D. Blackwill's Subject Files,"Source: George H.W. Bush Library, Bush Presidential Records, National Security Council, Robert D. Blackwill's Subject Files, [Resumes to Blackwill - NSC Staff Positions] [2].",Catalog provenance: Catalog access Restricted - Possibly; NAID 453248111. PDF extent: 31 pages. Digital object: 41-bpr-nsc-blackwill_subj-cf00182-003.pdf. Catalog: https://catalog.archives.gov/id/453248111.,https://catalog.archives.gov/id/453248111,https://s3.dualstack.us-east-1.amazonaws.com/NARAprodstorage/lz/presidential-libraries/bush/gb-nsc/blackwill/subject_2554653/41-bpr-nsc-blackwill_subj-cf00182-003.pdf
,,,0,Screen,BW 010,Blackwill Subject Files,Complete-series review,Low priority / administrative,Cross-chapter,1989-01-01,[Resumes to Blackwill - NSC Staff Positions] [3],Low priority / administrative; Complete-series review; Robert D. Blackwill's Subject Files,,453248112,Robert D. Blackwill's Subject Files,"Source: George H.W. Bush Library, Bush Presidential Records, National Security Council, Robert D. Blackwill's Subject Files, [Resumes to Blackwill - NSC Staff Positions] [3].",Catalog provenance: Catalog access Restricted - Possibly; NAID 453248112. PDF extent: 88 pages. Digital object: 41-bpr-nsc-blackwill_subj-cf00182-004.pdf. Catalog: https://catalog.archives.gov/id/453248112.,https://catalog.archives.gov/id/453248112,https://s3.dualstack.us-east-1.amazonaws.com/NARAprodstorage/lz/presidential-libraries/bush/gb-nsc/blackwill/subject_2554653/41-bpr-nsc-blackwill_subj-cf00182-004.pdf
,,,0,Screen,BW 011,Blackwill Subject Files,Complete-series review,Low priority / administrative,Cross-chapter,1989-01-01,[Resumes to Blackwill - NSC Staff Positions] [4],Low priority / administrative; Complete-series review; Robert D. Blackwill's Subject Files,,453248113,Robert D. Blackwill's Subject Files,"Source: George H.W. Bush Library, Bush Presidential Records, National Security Council, Robert D. Blackwill's Subject Files, [Resumes to Blackwill - NSC Staff Positions] [4].",Catalog provenance: Catalog access Restricted - Possibly; NAID 453248113. PDF extent: 36 pages. Digital object: 41-bpr-nsc-blackwill_subj-cf00182-005.pdf. Catalog: https://catalog.archives.gov/id/453248113.,https://catalog.archives.gov/id/453248113,https://s3.dualstack.us-east-1.amazonaws.com/NARAprodstorage/lz/presidential-libraries/bush/gb-nsc/blackwill/subject_2554653/41-bpr-nsc-blackwill_subj-cf00182-005.pdf
,,,0,Screen,BW 012,Blackwill Subject Files,Complete-series review,Low priority / administrative,Cross-chapter,1989-01-01,[Resumes to Blackwill - NSC Staff Positions] [5],Low priority / administrative; Complete-series review; Robert D. Blackwill's Subject Files,,453248114,Robert D. Blackwill's Subject Files,"Source: George H.W. Bush Library, Bush Presidential Records, National Security Council, Robert D. Blackwill's Subject Files, [Resumes to Blackwill - NSC Staff Positions] [5].",Catalog provenance: Catalog access Restricted - Possibly; NAID 453248114. PDF extent: 34 pages. Digital object: 41-bpr-nsc-blackwill_subj-cf00182-006.pdf. Catalog: https://catalog.archives.gov/id/453248114.,https://catalog.archives.gov/id/453248114,https://s3.dualstack.us-east-1.amazonaws.com/NARAprodstorage/lz/presidential-libraries/bush/gb-nsc/blackwill/subject_2554653/41-bpr-nsc-blackwill_subj-cf00182-006.pdf
,,,0,Screen,BW 013,Blackwill Subject Files,Complete-series review,Low priority / administrative,Cross-chapter,1989-01-01,[Resumes to Blackwill - NSC Staff Positions] [6],Low priority / administrative; Complete-series review; Robert D. Blackwill's Subject Files,,453248115,Robert D. Blackwill's Subject Files,"Source: George H.W. Bush Library, Bush Presidential Records, National Security Council, Robert D. Blackwill's Subject Files, [Resumes to Blackwill - NSC Staff Positions] [6].",Catalog provenance: Catalog access Restricted - Possibly; NAID 453248115. PDF extent: 51 pages. Digital object: 41-bpr-nsc-blackwill_subj-cf00182-007.pdf. Catalog: https://catalog.archives.gov/id/453248115.,https://catalog.archives.gov/id/453248115,https://s3.dualstack.us-east-1.amazonaws.com/NARAprodstorage/lz/presidential-libraries/bush/gb-nsc/blackwill/subject_2554653/41-bpr-nsc-blackwill_subj-cf00182-007.pdf
,,,0,Screen,BW 014,Blackwill Subject Files,Complete-series review,Low priority / administrative,Cross-chapter,1989-01-01,[Robert Blackwill Appointment Calendar 1989],Low priority / administrative; Complete-series review; Robert D. Blackwill's Subject Files,,453248118,Robert D. Blackwill's Subject Files,"Source: George H.W. Bush Library, Bush Presidential Records, National Security Council, Robert D. Blackwill's Subject Files, [Robert Blackwill Appointment Calendar 1989].",Catalog provenance: Catalog access Restricted - Possibly; NAID 453248118. PDF extent: 3 pages. Digital object: 41-bpr-nsc-blackwill_subj-cf00182-010.pdf. Catalog: https://catalog.archives.gov/id/453248118.,https://catalog.archives.gov/id/453248118,https://s3.dualstack.us-east-1.amazonaws.com/NARAprodstorage/lz/presidential-libraries/bush/gb-nsc/blackwill/subject_2554653/41-bpr-nsc-blackwill_subj-cf00182-010.pdf
,,,0,Screen,BW 015,Blackwill Subject Files,Complete-series review,Series coverage,Cross-chapter,1989-01-01,[Robert] Blackwill - [Handwritten Meeting] Notes [1],Series coverage; Complete-series review; Robert D. Blackwill's Subject Files,,453248134,Robert D. Blackwill's Subject Files,"Source: George H.W. Bush Library, Bush Presidential Records, National Security Council, Robert D. Blackwill's Subject Files, [Robert] Blackwill - [Handwritten Meeting] Notes [1].",Catalog provenance: Catalog access Restricted - Possibly; NAID 453248134. PDF extent: 60 pages. Digital object: 41-bpr-nsc-blackwill_subj-cf01952-006.pdf. Catalog: https://catalog.archives.gov/id/453248134.,https://catalog.archives.gov/id/453248134,https://s3.dualstack.us-east-1.amazonaws.com/NARAprodstorage/lz/presidential-libraries/bush/gb-nsc/blackwill/subject_2554653/41-bpr-nsc-blackwill_subj-cf01952-006.pdf
,,,0,Screen,BW 016,Blackwill Subject Files,Complete-series review,Series coverage,Cross-chapter,1989-01-01,[Robert] Blackwill - [Handwritten Meeting] Notes [2],Series coverage; Complete-series review; Robert D. Blackwill's Subject Files,,453248135,Robert D. Blackwill's Subject Files,"Source: George H.W. Bush Library, Bush Presidential Records, National Security Council, Robert D. Blackwill's Subject Files, [Robert] Blackwill - [Handwritten Meeting] Notes [2].",Catalog provenance: Catalog access Restricted - Possibly; NAID 453248135. PDF extent: 70 pages. Digital object: 41-bpr-nsc-blackwill_subj-cf01952-007.pdf. Catalog: https://catalog.archives.gov/id/453248135.,https://catalog.archives.gov/id/453248135,https://s3.dualstack.us-east-1.amazonaws.com/NARAprodstorage/lz/presidential-libraries/bush/gb-nsc/blackwill/subject_2554653/41-bpr-nsc-blackwill_subj-cf01952-007.pdf
,,,0,Screen,BW 017,Blackwill Subject Files,Complete-series review,Series coverage,Cross-chapter,1989-01-01,[Robert] Blackwill - [Handwritten Meeting] Notes [3],Series coverage; Complete-series review; Robert D. Blackwill's Subject Files,,453248136,Robert D. Blackwill's Subject Files,"Source: George H.W. Bush Library, Bush Presidential Records, National Security Council, Robert D. Blackwill's Subject Files, [Robert] Blackwill - [Handwritten Meeting] Notes [3].",Catalog provenance: Catalog access Restricted - Possibly; NAID 453248136. PDF extent: 26 pages. Digital object: 41-bpr-nsc-blackwill_subj-cf01952-008.pdf. Catalog: https://catalog.archives.gov/id/453248136.,https://catalog.archives.gov/id/453248136,https://s3.dualstack.us-east-1.amazonaws.com/NARAprodstorage/lz/presidential-libraries/bush/gb-nsc/blackwill/subject_2554653/41-bpr-nsc-blackwill_subj-cf01952-008.pdf
,,,0,Screen,BW 023,Blackwill Subject Files,Complete-series review,Series coverage,Cross-chapter,1989-12-02,"Non-Summit - December 2-3, 1989 [1]",Series coverage; Complete-series review; Robert D. Blackwill's Subject Files,,453248131,Robert D. Blackwill's Subject Files,"Source: George H.W. Bush Library, Bush Presidential Records, National Security Council, Robert D. Blackwill's Subject Files, Non-Summit - December 2-3, 1989 [1].",Catalog provenance: Catalog access Restricted - Possibly; NAID 453248131. PDF extent: 49 pages. Digital object: 41-bpr-nsc-blackwill_subj-cf01952-003.pdf. Catalog: https://catalog.archives.gov/id/453248131.,https://catalog.archives.gov/id/453248131,https://s3.dualstack.us-east-1.amazonaws.com/NARAprodstorage/lz/presidential-libraries/bush/gb-nsc/blackwill/subject_2554653/41-bpr-nsc-blackwill_subj-cf01952-003.pdf
,,,0,Screen,BW 024,Blackwill Subject Files,Complete-series review,Series coverage,Cross-chapter,1989-12-02,"Non-Summit - December 2-3, 1989 [2]",Series coverage; Complete-series review; Robert D. Blackwill's Subject Files,,453248132,Robert D. Blackwill's Subject Files,"Source: George H.W. Bush Library, Bush Presidential Records, National Security Council, Robert D. Blackwill's Subject Files, Non-Summit - December 2-3, 1989 [2].",Catalog provenance: Catalog access Restricted - Possibly; NAID 453248132. PDF extent: 63 pages. Digital object: 41-bpr-nsc-blackwill_subj-cf01952-004.pdf. Catalog: https://catalog.archives.gov/id/453248132.,https://catalog.archives.gov/id/453248132,https://s3.dualstack.us-east-1.amazonaws.com/NARAprodstorage/lz/presidential-libraries/bush/gb-nsc/blackwill/subject_2554653/41-bpr-nsc-blackwill_subj-cf01952-004.pdf
,,,0,Screen,BW 025,Blackwill Subject Files,Complete-series review,Series coverage,Cross-chapter,1989-12-02,"Non-Summit - December 2-3, 1989 [3]",Series coverage; Complete-series review; Robert D. Blackwill's Subject Files,,453248133,Robert D. Blackwill's Subject Files,"Source: George H.W. Bush Library, Bush Presidential Records, National Security Council, Robert D. Blackwill's Subject Files, Non-Summit - December 2-3, 1989 [3].",Catalog provenance: Catalog access Restricted - Possibly; NAID 453248133. PDF extent: 70 pages. Digital object: 41-bpr-nsc-blackwill_subj-cf01952-005.pdf. Catalog: https://catalog.archives.gov/id/453248133.,https://catalog.archives.gov/id/453248133,https://s3.dualstack.us-east-1.amazonaws.com/NARAprodstorage/lz/presidential-libraries/bush/gb-nsc/blackwill/subject_2554653/41-bpr-nsc-blackwill_subj-cf01952-005.pdf
,,,0,Signal review,RS 003-004,Requested source pool: Presidential Daily Diary and Backup,Review requested source-pool lead,Schedule corroboration source,Greece; Turkey,1991-01-30,"President's Daily Diary Entry, January 30, 1991",Ozal | Samaras | Greece,,186336,Presidential Daily Diary and Presidential Daily Backup Materials,"Source: George H.W. Bush Library, President's Daily Diary Entry, January 30, 1991.","Catalog provenance: NAID 186336. Query hit(s): Ozal, Samaras, Greece. Catalog: https://catalog.archives.gov/id/186336.",https://catalog.archives.gov/id/186336,
,,,0,Signal review,RS 003-001,Requested source pool: Presidential Daily Diary and Backup,Review requested source-pool lead,Schedule corroboration source,Turkey,1991-02-22,"President's Daily Diary Entry, February 22, 1991",Turkey,,186359,Presidential Daily Diary and Presidential Daily Backup Materials,"Source: George H.W. Bush Library, President's Daily Diary Entry, February 22, 1991.",Catalog provenance: NAID 186359. Query hit(s): Turkey. Catalog: https://catalog.archives.gov/id/186359.,https://catalog.archives.gov/id/186359,
,,,0,Signal review,RS 003-002,Requested source pool: Presidential Daily Diary and Backup,Review requested source-pool lead,Schedule corroboration source,Turkey,1991-02-05,"President's Daily Diary Entry, February 5, 1991",Ozal | Turkey,,186342,Presidential Daily Diary and Presidential Daily Backup Materials,"Source: George H.W. Bush Library, President's Daily Diary Entry, February 5, 1991.","Catalog provenance: NAID 186342. Query hit(s): Ozal, Turkey. Catalog: https://catalog.archives.gov/id/186342.",https://catalog.archives.gov/id/186342,
,,,0,Signal review,RS 003-003,Requested source pool: Presidential Daily Diary and Backup,Review requested source-pool lead,Schedule corroboration source,Turkey,1991-01-21,"President's Daily Diary Entry, January 21, 1991",Turkey,,186327,Presidential Daily Diary and Presidential Daily Backup Materials,"Source: George H.W. Bush Library, President's Daily Diary Entry, January 21, 1991.",Catalog provenance: NAID 186327. Query hit(s): Turkey. Catalog: https://catalog.archives.gov/id/186327.,https://catalog.archives.gov/id/186327,
