reviewStatus,compilerDecision,compilerNotes,chapter,gapRank,gapNeed,candidateDisposition,candidateId,lane,queueBucket,priority,date,title,whyConsider,selectedContextMatches,peopleOrSignals,score,naid,sourceSeries,sourceNote,researchNote,catalogUrl,pdfUrl
,,,Greece,913,Supplemental check: 14 selected records; screen high-signal source packets for missed context or appendices.,Context for selected record; screen for additional documents,CC 007,Central Chronological Files,Open first,Open packet first,1992-11-01,November 1992 [2],Supplemental check: 14 selected records; screen high-signal source packets for missed context or appendices. Open first 02a. Memorandum To: Brent Scowcroft From: Jane Holl 11/13/92 (b)f1) g Re: President's Meeting with Prime Minister Mitsotakis of | Re: President's Meeting with Prime Minister Mitsotakis of Greece (1 pp.) | 02b. Memoran... Already crosswalks to Doc 1.014; open for surrounding or enclosed material.,Doc 1.014,02a. Memorandum To: Brent Scowcroft From: Jane Holl 11/13/92 (b)f1) g Re: President's Meeting with Prime Minister Mitsotakis of | Re: President's Meeting with Prime Minister Mitsotakis of Greece (1 pp.) | 02b. Memorandum From: Brent Scowcroft 11/17/92 (b)(1) Cc Re: Meeting with Prime Minister Mitsotakis (3 pp.) | Mitsotakis + memcon | Mitsotakis + telcon | Mitsotakis + memorandum of conversation | Denktash + memorandum | Ozal + memcon | Ozal + telcon | Demirel + memcon | Demirel + telcon,243,470761834,European and Eurasian Directorate Central Chronological Files,"Source: George H.W. Bush Library, Bush Presidential Records, National Security Council, European and Eurasian Directorate Central Chronological Files, November 1992 [2].","Catalog provenance: Catalog access Restricted - Possibly; NAID 470761834. Query hit(s): Mitsotakis + memcon, Mitsotakis + telcon, Mitsotakis + memorandum of conversation, Denktash + memorandum, Ozal + memcon, Ozal + telcon, Demirel + memcon, Demirel + telcon, Greek-Turkish + memorandum, Greece / Turkey / Cyprus + memcon, Greece / Turkey / Cyprus + telcon, Cyprus + memorandum of conversation, Turkey + memorandum of conversation. OCR status: First four pages OCR reviewed. OCR signals: 02a. Memorandum To: Brent Scowcroft From: Jane Holl 11/13/92 (b)f1) g Re: President's Meeting with Prime Minister Mitsotakis of | Re: President's Meeting with Prime Minister Mitsotakis of Greece (1 pp.) | 02b. Memorandum From: Brent Scowcroft 11/17/92 (b)(1) Cc Re: Meeting with Prime Minister Mitsotakis (3 pp.). PDF extent: 142 pages. Digital object: 41-bpr-nsc-euro_eura-cen_chron-30530-005.pdf. Catalog: https://catalog.archives.gov/id/470761834.",https://catalog.archives.gov/id/470761834,https://s3.dualstack.us-east-1.amazonaws.com/NARAprodstorage/lz/presidential-libraries/bush/gb-nsc/euro_eura_dir_374000108/41-bpr-nsc-euro_eura-cen_chron-30530-005.pdf
,,,Greece,907,Supplemental check: 14 selected records; screen high-signal source packets for missed context or appendices.,Context for selected record; screen for additional documents,BC 001,Blackwill Chronological Files,Open first,Open packet first,1989-06-01,June 1989 [6],"Supplemental check: 14 selected records; screen high-signal source packets for missed context or appendices. Open first missing MEMCON is the Presidents meeting with Turkish Prime Minister Ozal, in Brussels on the morning of May 29. The | Minister Ozal, in Brussels on the morning of May 29. The | of Conversation for the Presidents May ... Already crosswalks to Doc 3.002; open for surrounding or enclosed material.",Doc 3.002,"missing MEMCON is the Presidents meeting with Turkish Prime Minister Ozal, in Brussels on the morning of May 29. The | Minister Ozal, in Brussels on the morning of May 29. The | of Conversation for the Presidents May | Greece | Greek | Papandreou | Papandreou + memcon | Cyprus | Cypriot | Vassiliou | Vassiliou + Cyprus",237,453248088,Robert D. Blackwill Chronological Files,"Source: George H.W. Bush Library, Bush Presidential Records, National Security Council, Robert D. Blackwill Chronological Files, June 1989 [6].","Catalog provenance: Catalog access Restricted - Possibly; NAID 453248088. Query hit(s): Greece, Greek, Papandreou, Papandreou + memcon, Cyprus, Cypriot, Vassiliou, Vassiliou + Cyprus, Denktash, Turkey, Turkish, Ozal, Ozal + Turkey, Greece / Turkey / Cyprus, memcon, memorandum of conversation, telephone conversation. OCR status: Full PDF OCR reviewed. OCR signals: missing MEMCON is the Presidents meeting with Turkish Prime Minister Ozal, in Brussels on the morning of May 29. The | Minister Ozal, in Brussels on the morning of May 29. The | of Conversation for the Presidents May. PDF extent: 149 pages. Digital object: 41-bpr-nsc-blackwill_chron-30545-006.pdf. Catalog: https://catalog.archives.gov/id/453248088.",https://catalog.archives.gov/id/453248088,https://s3.dualstack.us-east-1.amazonaws.com/NARAprodstorage/lz/presidential-libraries/bush/gb-nsc/blackwill/chron_2554659/41-bpr-nsc-blackwill_chron-30545-006.pdf
,,,Greece,907,Supplemental check: 14 selected records; screen high-signal source packets for missed context or appendices.,Context for selected record; screen for additional documents,BC 002,Blackwill Chronological Files,Open first,Open packet first,1989-07-01,July 1989 [2],"Supplemental check: 14 selected records; screen high-signal source packets for missed context or appendices. Open first missing MEMCON is the Presidents meeting with Turkish Prime Minister Ozal, in Brussels on the morning of May 29. The | Minister Ozal, in Brussels on the morning of May 29. The | Memorandum of Conversation for the May ... Already crosswalks to Doc 1.001, Doc 3.002, Doc 3.003; open for surrounding or enclosed material.",Doc 1.001; Doc 3.002; Doc 3.003,"missing MEMCON is the Presidents meeting with Turkish Prime Minister Ozal, in Brussels on the morning of May 29. The | Minister Ozal, in Brussels on the morning of May 29. The | Memorandum of Conversation for the May 30 Meeting Prime Minister Papandreou | Greece | Greek | Papandreou | Papandreou + memcon | Cyprus | Cypriot | Vassiliou | Vassiliou + Cyprus",237,453248091,Robert D. Blackwill Chronological Files,"Source: George H.W. Bush Library, Bush Presidential Records, National Security Council, Robert D. Blackwill Chronological Files, July 1989 [2].","Catalog provenance: Catalog access Restricted - Possibly; NAID 453248091. Query hit(s): Greece, Greek, Papandreou, Papandreou + memcon, Cyprus, Cypriot, Vassiliou, Vassiliou + Cyprus, Denktash, Turkey, Turkish, Ozal, Ozal + Turkey, Greece / Turkey / Cyprus, memcon, memorandum of conversation, telephone conversation. OCR status: Full PDF OCR reviewed. OCR signals: missing MEMCON is the Presidents meeting with Turkish Prime Minister Ozal, in Brussels on the morning of May 29. The | Minister Ozal, in Brussels on the morning of May 29. The | Memorandum of Conversation for the May 30 Meeting Prime Minister Papandreou. PDF extent: 151 pages. Digital object: 41-bpr-nsc-blackwill_chron-30546-002.pdf. Catalog: https://catalog.archives.gov/id/453248091.",https://catalog.archives.gov/id/453248091,https://s3.dualstack.us-east-1.amazonaws.com/NARAprodstorage/lz/presidential-libraries/bush/gb-nsc/blackwill/chron_2554659/41-bpr-nsc-blackwill_chron-30546-002.pdf
,,,Greece,874,Supplemental check: 14 selected records; screen high-signal source packets for missed context or appendices.,Context for selected record; screen for additional documents,CC 018,Central Chronological Files,Open first,Open packet first,1992-07-01,July 1992 [3],"Supplemental check: 14 selected records; screen high-signal source packets for missed context or appendices. Open first 03. Memcon Meeting with Prime Minister Constantine Mitsotakis of Greece 7/9/92 oy) vA | 05. Memcon Meeting with Prime Minister Constantine Mitsotakis of Greece 7/9/92 oh) g | Mitsotakis + memcon | Mitsotakis + memoran... Already crosswalks to Doc 1.013, Doc 3.063; open for surrounding or enclosed material.",Doc 1.013; Doc 3.063,03. Memcon Meeting with Prime Minister Constantine Mitsotakis of Greece 7/9/92 oy) vA | 05. Memcon Meeting with Prime Minister Constantine Mitsotakis of Greece 7/9/92 oh) g | Mitsotakis + memcon | Mitsotakis + memorandum of conversation | Vassiliou + memcon | Cyprus / Denktash / Vassiliou | Denktash + memorandum | Ozal + memcon | Demirel + memcon | Yilmaz + memcon,204,470761820,European and Eurasian Directorate Central Chronological Files,"Source: George H.W. Bush Library, Bush Presidential Records, National Security Council, European and Eurasian Directorate Central Chronological Files, July 1992 [3].","Catalog provenance: Catalog access Restricted - Possibly; NAID 470761820. Query hit(s): Mitsotakis + memcon, Mitsotakis + memorandum of conversation, Vassiliou + memcon, Cyprus / Denktash / Vassiliou, Denktash + memorandum, Ozal + memcon, Demirel + memcon, Yilmaz + memcon, Greece / Turkey / Cyprus + memcon, Cyprus + memorandum of conversation, Turkey + memorandum of conversation. OCR status: First four pages OCR reviewed. OCR signals: 03. Memcon Meeting with Prime Minister Constantine Mitsotakis of Greece 7/9/92 oy) vA | 05. Memcon Meeting with Prime Minister Constantine Mitsotakis of Greece 7/9/92 oh) g. PDF extent: 167 pages. Digital object: 41-bpr-nsc-euro_eura-cen_chron-30528-001.pdf. Catalog: https://catalog.archives.gov/id/470761820.",https://catalog.archives.gov/id/470761820,https://s3.dualstack.us-east-1.amazonaws.com/NARAprodstorage/lz/presidential-libraries/bush/gb-nsc/euro_eura_dir_374000108/41-bpr-nsc-euro_eura-cen_chron-30528-001.pdf
,,,Greece,787,Supplemental check: 14 selected records; screen high-signal source packets for missed context or appendices.,Context for selected record; screen for additional documents,RS 001-001,Requested source pool: Scowcroft Papers,High-value source pool,High-value EastMed lead,,Presidential Meetings--Memorandum of Conversations 7/11/91-7/22/91,"Supplemental check: 14 selected records; screen high-signal source packets for missed context or appendices. High-value source pool Greece | Greek | Papandreou | Mitsotakis | Cyprus | Cypriot | Vassiliou | Denktash | Turkey | Turkish Already crosswalks to Doc 1.008, Doc 3.050, Doc 3.051, Doc 3.052, Doc 3.053; open for surrounding or enclosed material.",Doc 1.008; Doc 3.050; Doc 3.051; Doc 3.052; Doc 3.053,Greece | Greek | Papandreou | Mitsotakis | Cyprus | Cypriot | Vassiliou | Denktash | Turkey | Turkish,252,366551676,Presidential Correspondence Files,"Source: George H.W. Bush Library, Bush Presidential Records, Brent Scowcroft Collection, Presidential Correspondence Files, Presidential Meetings--Memorandum of Conversations 7/11/91-7/22/91.","Catalog provenance: Catalog access Restricted - Possibly; NAID 366551676. Query hit(s): Greece, Greek, Papandreou, Mitsotakis, Cyprus, Cypriot, Vassiliou, Denktash, Turkey, Turkish, Ozal, Yilmaz, PKK, Aegean, Eastern Mediterranean, Greece / Turkey / Cyprus, memcon, memorandum of conversation. Digital object: 41-bpr-scow-pcor-memcon-91109-001.pdf. Catalog: https://catalog.archives.gov/id/366551676.",https://catalog.archives.gov/id/366551676,https://s3.amazonaws.com/NARAprodstorage/lz/presidential-libraries/bush/gb-gbs/4545941/41-bpr-scow-pcor-memcon-91109-001.pdf
,,,Greece,763,Supplemental check: 14 selected records; screen high-signal source packets for missed context or appendices.,Potential gap-fill addition,BC 020,Blackwill Chronological Files,Open first,Open packet first,1990-03-01,Mar-90,"Supplemental check: 14 selected records; screen high-signal source packets for missed context or appendices. Open first consensus. | Aegean No None None Turkey probably will not support sanctions. Little change, except for Greece where new | Greece may follow EC consensus. conservative government may be more | Greece | Turkey | Aegean ... No selected-document crosswalk match above threshold.",,"consensus. | Aegean No None None Turkey probably will not support sanctions. Little change, except for Greece where new | Greece may follow EC consensus. conservative government may be more | Greece | Turkey | Aegean | memorandum of conversation | telephone conversation",58,453248108,Robert D. Blackwill Chronological Files,"Source: George H.W. Bush Library, Bush Presidential Records, National Security Council, Robert D. Blackwill Chronological Files, Mar-90.","Catalog provenance: Catalog access Restricted - Possibly; NAID 453248108. Query hit(s): Greece, Turkey, Aegean, memorandum of conversation, telephone conversation. OCR status: Full PDF OCR reviewed. OCR signals: consensus. | Aegean No None None Turkey probably will not support sanctions. Little change, except for Greece where new | Greece may follow EC consensus. conservative government may be more. PDF extent: 39 pages. Digital object: 41-bpr-nsc-blackwill_chron-30547-012.pdf. Catalog: https://catalog.archives.gov/id/453248108.",https://catalog.archives.gov/id/453248108,https://s3.dualstack.us-east-1.amazonaws.com/NARAprodstorage/lz/presidential-libraries/bush/gb-nsc/blackwill/chron_2554659/41-bpr-nsc-blackwill_chron-30547-012.pdf
,,,Greece,744,Supplemental check: 14 selected records; screen high-signal source packets for missed context or appendices.,Potential gap-fill addition,RS 001-004,Requested source pool: Scowcroft Papers,High-value source pool,High-value EastMed lead,,Presidential Meetings--Memorandum of Conversations 2/1/92-2/27/92,Supplemental check: 14 selected records; screen high-signal source packets for missed context or appendices. High-value source pool Greece | Greek | Mitsotakis | Cyprus | Denktash | Turkey | Turkish | Demirel | PKK | Aegean No selected-document crosswalk match above threshold.,,Greece | Greek | Mitsotakis | Cyprus | Denktash | Turkey | Turkish | Demirel | PKK | Aegean,174,366551681,Presidential Correspondence Files,"Source: George H.W. Bush Library, Bush Presidential Records, Brent Scowcroft Collection, Presidential Correspondence Files, Presidential Meetings--Memorandum of Conversations 2/1/92-2/27/92.","Catalog provenance: Catalog access Restricted - Possibly; NAID 366551681. Query hit(s): Greece, Greek, Mitsotakis, Cyprus, Denktash, Turkey, Turkish, Demirel, PKK, Aegean, Greece / Turkey / Cyprus, memcon, memorandum of conversation. Digital object: 41-bpr-scow-pcor-memcon-91109-006.pdf. Catalog: https://catalog.archives.gov/id/366551681.",https://catalog.archives.gov/id/366551681,https://s3.amazonaws.com/NARAprodstorage/lz/presidential-libraries/bush/gb-gbs/4545941/41-bpr-scow-pcor-memcon-91109-006.pdf
,,,Greece,738,Supplemental check: 14 selected records; screen high-signal source packets for missed context or appendices.,Context for selected record; screen for additional documents,CC 075,Central Chronological Files,Open first,Open packet first,1990-06-01,June 1990 [5],Supplemental check: 14 selected records; screen high-signal source packets for missed context or appendices. Open first Re: Meeting and Lunch with Prime Minister Mitsotakis (3 pp.) | 04b. Talking Points Points to be Made for Meeting with Mitsotakis (5 pp.) n.d. (b)(1) S 04c. Talking Points Points to be Made for Meeting with Mitsotakis ... Already crosswalks to Doc 1.004; open for surrounding or enclosed material.,Doc 1.004,Re: Meeting and Lunch with Prime Minister Mitsotakis (3 pp.) | 04b. Talking Points Points to be Made for Meeting with Mitsotakis (5 pp.) n.d. (b)(1) S 04c. Talking Points Points to be Made for Meeting with Mitsotakis (6 pp.) n.d. (b)(1) N) | 04c. Talking Points Points to be Made for Meeting with Mitsotakis (6 pp.) n.d. (b)(1) N) 04d. Report Government Report (2 pp.) 4/30/90 (b)(1) S | Mitsotakis + memorandum of conversation | Greek-Turkish + memorandum | Cyprus + memorandum of conversation | Turkey + memorandum of conversation,68,470761700,European and Eurasian Directorate Central Chronological Files,"Source: George H.W. Bush Library, Bush Presidential Records, National Security Council, European and Eurasian Directorate Central Chronological Files, June 1990 [5].","Catalog provenance: Catalog access Restricted - Possibly; NAID 470761700. Query hit(s): Mitsotakis + memorandum of conversation, Greek-Turkish + memorandum, Cyprus + memorandum of conversation, Turkey + memorandum of conversation. OCR status: First four pages OCR reviewed. OCR signals: Re: Meeting and Lunch with Prime Minister Mitsotakis (3 pp.) | 04b. Talking Points Points to be Made for Meeting with Mitsotakis (5 pp.) n.d. (b)(1) S 04c. Talking Points Points to be Made for Meeting with Mitsotakis (6 pp.) n.d. (b)(1) N) | 04c. Talking Points Points to be Made for Meeting with Mitsotakis (6 pp.) n.d. (b)(1) N) 04d. Report Government Report (2 pp.) 4/30/90 (b)(1) S. PDF extent: 95 pages. Digital object: 41-bpr-nsc-euro_eura-cen_chron-30507-004.pdf. Catalog: https://catalog.archives.gov/id/470761700.",https://catalog.archives.gov/id/470761700,https://s3.dualstack.us-east-1.amazonaws.com/NARAprodstorage/lz/presidential-libraries/bush/gb-nsc/euro_eura_dir_374000108/41-bpr-nsc-euro_eura-cen_chron-30507-004.pdf
,,,Greece,732,Supplemental check: 14 selected records; screen high-signal source packets for missed context or appendices.,Context for selected record; screen for additional documents,RS 001-002,Requested source pool: Scowcroft Papers,High-value source pool,High-value EastMed lead,,Presidential Meetings--Memorandum of Conversations 7/9/92-12/22/92,"Supplemental check: 14 selected records; screen high-signal source packets for missed context or appendices. High-value source pool Greece | Greek | Papandreou | Mitsotakis | Cyprus | Cypriot | Vassiliou | Denktash | Clerides | Demirel Already crosswalks to Doc 1.013, Doc 1.014, Doc 3.063; open for surrounding or enclosed material.",Doc 1.013; Doc 1.014; Doc 3.063,Greece | Greek | Papandreou | Mitsotakis | Cyprus | Cypriot | Vassiliou | Denktash | Clerides | Demirel,197,366551685,Presidential Correspondence Files,"Source: George H.W. Bush Library, Bush Presidential Records, Brent Scowcroft Collection, Presidential Correspondence Files, Presidential Meetings--Memorandum of Conversations 7/9/92-12/22/92.","Catalog provenance: Catalog access Restricted - Possibly; NAID 366551685. Query hit(s): Greece, Greek, Papandreou, Mitsotakis, Cyprus, Cypriot, Vassiliou, Denktash, Clerides, Demirel, PKK, Greece / Turkey / Cyprus, memcon, memorandum of conversation. Digital object: 41-bpr-scow-pcor-memcon-91110-002.pdf. Catalog: https://catalog.archives.gov/id/366551685.",https://catalog.archives.gov/id/366551685,https://s3.amazonaws.com/NARAprodstorage/lz/presidential-libraries/bush/gb-gbs/4545941/41-bpr-scow-pcor-memcon-91110-002.pdf
,,,Greece,712,Supplemental check: 14 selected records; screen high-signal source packets for missed context or appendices.,Context for selected record; screen for additional documents,RS 001-003,Requested source pool: Scowcroft Papers,High-value source pool,High-value EastMed lead,,Presidential Meetings--Memorandum of Conversations 3/3/92-4/28/92,Supplemental check: 14 selected records; screen high-signal source packets for missed context or appendices. High-value source pool Greece | Greek | Mitsotakis | Cyprus | Cypriot | Vassiliou | Denktash | Turkish | Demirel | Eastern Mediterranean Already crosswalks to Doc 2.003; open for surrounding or enclosed material.,Doc 2.003,Greece | Greek | Mitsotakis | Cyprus | Cypriot | Vassiliou | Denktash | Turkish | Demirel | Eastern Mediterranean,177,366551682,Presidential Correspondence Files,"Source: George H.W. Bush Library, Bush Presidential Records, Brent Scowcroft Collection, Presidential Correspondence Files, Presidential Meetings--Memorandum of Conversations 3/3/92-4/28/92.","Catalog provenance: Catalog access Restricted - Possibly; NAID 366551682. Query hit(s): Greece, Greek, Mitsotakis, Cyprus, Cypriot, Vassiliou, Denktash, Turkish, Demirel, Eastern Mediterranean, Greece / Turkey / Cyprus, memcon, memorandum of conversation. Digital object: 41-bpr-scow-pcor-memcon-91109-007.pdf. Catalog: https://catalog.archives.gov/id/366551682.",https://catalog.archives.gov/id/366551682,https://s3.amazonaws.com/NARAprodstorage/lz/presidential-libraries/bush/gb-gbs/4545941/41-bpr-scow-pcor-memcon-91109-007.pdf
,,,Greece,711,Supplemental check: 14 selected records; screen high-signal source packets for missed context or appendices.,Potential gap-fill addition,RS 001-012,Requested source pool: Scowcroft Papers,High-value source pool,High-value EastMed lead,,Other (July 1989),Supplemental check: 14 selected records; screen high-signal source packets for missed context or appendices. High-value source pool Greece | Greek | Papandreou | Cyprus | Cypriot | Vassiliou | Denktash | Turkish | Ozal | memcon No selected-document crosswalk match above threshold.,,Greece | Greek | Papandreou | Cyprus | Cypriot | Vassiliou | Denktash | Turkish | Ozal | memcon,141,366551995,Chronological Files,"Source: George H.W. Bush Library, Bush Presidential Records, Brent Scowcroft Collection, Chronological Files, Other (July 1989).","Catalog provenance: Catalog access Restricted - Possibly; NAID 366551995. Query hit(s): Greece, Greek, Papandreou, Cyprus, Cypriot, Vassiliou, Denktash, Turkish, Ozal, memcon, memorandum of conversation. Digital object: 41-bpr-scow-chron-91148-006.pdf. Catalog: https://catalog.archives.gov/id/366551995.",https://catalog.archives.gov/id/366551995,https://s3.amazonaws.com/NARAprodstorage/lz/presidential-libraries/bush/gb-gbs/4708326/41-bpr-scow-chron-91148-006.pdf
,,,Greece,707,Supplemental check: 14 selected records; screen high-signal source packets for missed context or appendices.,Context for selected record; screen for additional documents,RS 001-005,Requested source pool: Scowcroft Papers,High-value source pool,High-value EastMed lead,,Presidential Telephone Calls--Memorandum of Conversations 8/22/90-10/5/90,"Supplemental check: 14 selected records; screen high-signal source packets for missed context or appendices. High-value source pool Greece | Greek | Mitsotakis | Cyprus | Vassiliou | Turkey | Turkish | Ozal | Eastern Mediterranean | Greece / Turkey / Cyprus Already crosswalks to Doc 1.005, Doc 2.002, Doc 3.018, Doc 3.019, Doc 3.020, Doc 3.021; open for surrounding or enclosed material.",Doc 1.005; Doc 2.002; Doc 3.018; Doc 3.019; Doc 3.020; Doc 3.021,Greece | Greek | Mitsotakis | Cyprus | Vassiliou | Turkey | Turkish | Ozal | Eastern Mediterranean | Greece / Turkey / Cyprus,172,366551694,Presidential Correspondence Files,"Source: George H.W. Bush Library, Bush Presidential Records, Brent Scowcroft Collection, Presidential Correspondence Files, Presidential Telephone Calls--Memorandum of Conversations 8/22/90-10/5/90.","Catalog provenance: Catalog access Restricted - Possibly; NAID 366551694. Query hit(s): Greece, Greek, Mitsotakis, Cyprus, Vassiliou, Turkey, Turkish, Ozal, Eastern Mediterranean, Greece / Turkey / Cyprus, telcon, memorandum of conversation, telephone conversation. Digital object: 41-bpr-scow-pcor-telcon-91112-002.pdf. Catalog: https://catalog.archives.gov/id/366551694.",https://catalog.archives.gov/id/366551694,https://s3.amazonaws.com/NARAprodstorage/lz/presidential-libraries/bush/gb-gbs/4545941/41-bpr-scow-pcor-telcon-91112-002.pdf
,,,Cyprus,1122,Thin selected chronology: 3 selected records versus 24 Central leads and 74 requested-pool leads.,Potential gap-fill addition,CC 021,Central Chronological Files,Open first,Open packet first,1992-01-01,January 1992 [2],Thin selected chronology: 3 selected records versus 24 Central leads and 74 requested-pool leads. Open first 01. Memorandum To: Brent Scowcroft From: Jane Holl 1/30/92 (b1) vA Re: Cyprus (2 pp.) | 07. Memorandum To: Brent Scowcroft From: Jane Holl 1/28/92 (bl) Re: Cyprus (2 pp.) | To: Brent Scowcroft From: Jane Holl Re: Meet... No selected-document crosswalk match above threshold.,,01. Memorandum To: Brent Scowcroft From: Jane Holl 1/30/92 (b1) vA Re: Cyprus (2 pp.) | 07. Memorandum To: Brent Scowcroft From: Jane Holl 1/28/92 (bl) Re: Cyprus (2 pp.) | To: Brent Scowcroft From: Jane Holl Re: Meeting with Greek Foreign Minister (2 pp.) | Mitsotakis + telcon | Mitsotakis + memorandum of conversation | Vassiliou + telcon | Cyprus / Denktash / Vassiliou | Denktash + memorandum | Demirel + telcon | Greek-Turkish + memorandum | Greece / Turkey / Cyprus + telcon,187,470761791,European and Eurasian Directorate Central Chronological Files,"Source: George H.W. Bush Library, Bush Presidential Records, National Security Council, European and Eurasian Directorate Central Chronological Files, January 1992 [2].","Catalog provenance: Catalog access Restricted - Possibly; NAID 470761791. Query hit(s): Mitsotakis + telcon, Mitsotakis + memorandum of conversation, Vassiliou + telcon, Cyprus / Denktash / Vassiliou, Denktash + memorandum, Demirel + telcon, Greek-Turkish + memorandum, Greece / Turkey / Cyprus + telcon, Cyprus + memorandum of conversation, Turkey + memorandum of conversation. OCR status: First four pages OCR reviewed. OCR signals: 01. Memorandum To: Brent Scowcroft From: Jane Holl 1/30/92 (b1) vA Re: Cyprus (2 pp.) | 07. Memorandum To: Brent Scowcroft From: Jane Holl 1/28/92 (bl) Re: Cyprus (2 pp.) | To: Brent Scowcroft From: Jane Holl Re: Meeting with Greek Foreign Minister (2 pp.). PDF extent: 91 pages. Digital object: 41-bpr-nsc-euro_eura-cen_chron-30522-006.pdf. Catalog: https://catalog.archives.gov/id/470761791.",https://catalog.archives.gov/id/470761791,https://s3.dualstack.us-east-1.amazonaws.com/NARAprodstorage/lz/presidential-libraries/bush/gb-nsc/euro_eura_dir_374000108/41-bpr-nsc-euro_eura-cen_chron-30522-006.pdf
,,,Cyprus,1067,Thin selected chronology: 3 selected records versus 24 Central leads and 74 requested-pool leads.,Context for selected record; screen for additional documents,CC 028,Central Chronological Files,Open first,Open packet first,1991-08-01,August 1991 [2],Thin selected chronology: 3 selected records versus 24 Central leads and 74 requested-pool leads. Open first 02b. Memorandum To: Brent Scowcroft From: David Gompert 8/3/91 (b)(1) S Re: Cyprus (2 pp.) | 04. Memorandum To: Brent Scowcroft From: David Gompert 8/5/91 (b)(1) S Re: Cyprus (1 pp.) | 05a. Memorandum To: Brent Scowcr... Already crosswalks to Doc 3.054; open for surrounding or enclosed material.,Doc 3.054,02b. Memorandum To: Brent Scowcroft From: David Gompert 8/3/91 (b)(1) S Re: Cyprus (2 pp.) | 04. Memorandum To: Brent Scowcroft From: David Gompert 8/5/91 (b)(1) S Re: Cyprus (1 pp.) | 05a. Memorandum To: Brent Scowcroft From: David Gompert 8/2/91 yt) go Re: Presidential Message to Vassiliou (1 pp.) | Vassiliou + memcon | Vassiliou + telcon | Cyprus / Denktash / Vassiliou | Denktash + memorandum | Ozal + memcon | Ozal + telcon | Greek-Turkish + memorandum | Cyprus + memorandum of conversation,167,470761771,European and Eurasian Directorate Central Chronological Files,"Source: George H.W. Bush Library, Bush Presidential Records, National Security Council, European and Eurasian Directorate Central Chronological Files, August 1991 [2].","Catalog provenance: Catalog access Restricted - Possibly; NAID 470761771. Query hit(s): Vassiliou + memcon, Vassiliou + telcon, Cyprus / Denktash / Vassiliou, Denktash + memorandum, Ozal + memcon, Ozal + telcon, Greek-Turkish + memorandum, Cyprus + memorandum of conversation, Turkey + memorandum of conversation. OCR status: First four pages OCR reviewed. OCR signals: 02b. Memorandum To: Brent Scowcroft From: David Gompert 8/3/91 (b)(1) S Re: Cyprus (2 pp.) | 04. Memorandum To: Brent Scowcroft From: David Gompert 8/5/91 (b)(1) S Re: Cyprus (1 pp.) | 05a. Memorandum To: Brent Scowcroft From: David Gompert 8/2/91 yt) go Re: Presidential Message to Vassiliou (1 pp.). PDF extent: 144 pages. Digital object: 41-bpr-nsc-euro_eura-cen_chron-30519-001.pdf. Catalog: https://catalog.archives.gov/id/470761771.",https://catalog.archives.gov/id/470761771,https://s3.dualstack.us-east-1.amazonaws.com/NARAprodstorage/lz/presidential-libraries/bush/gb-nsc/euro_eura_dir_374000108/41-bpr-nsc-euro_eura-cen_chron-30519-001.pdf
,,,Cyprus,1066,Thin selected chronology: 3 selected records versus 24 Central leads and 74 requested-pool leads.,Context for selected record; screen for additional documents,CC 029,Central Chronological Files,Open first,Open packet first,1992-12-01,December 1992 [4],"Thin selected chronology: 3 selected records versus 24 Central leads and 74 requested-pool leads. Open first 02h. Paper Maintaining Our New Strategic Relationship with Turkey (1 pp.) n.d. (bX 1) vA | 02i. Paper Settline the Cyprus Problem (1 pp.) n.d. ot ) vA | 02j. Paper Bosnia (1 pp.) n.d. (yf) g | Vassiliou + telcon | Cyp... Already crosswalks to Doc 3.065, Doc 3.066; open for surrounding or enclosed material.",Doc 3.065; Doc 3.066,02h. Paper Maintaining Our New Strategic Relationship with Turkey (1 pp.) n.d. (bX 1) vA | 02i. Paper Settline the Cyprus Problem (1 pp.) n.d. ot ) vA | 02j. Paper Bosnia (1 pp.) n.d. (yf) g | Vassiliou + telcon | Cyprus / Denktash / Vassiliou | Denktash + memorandum | Ozal + telcon | Demirel + telcon | Greek-Turkish + memorandum | Greece / Turkey / Cyprus + telcon | Cyprus + memorandum of conversation,166,470761838,European and Eurasian Directorate Central Chronological Files,"Source: George H.W. Bush Library, Bush Presidential Records, National Security Council, European and Eurasian Directorate Central Chronological Files, December 1992 [4].","Catalog provenance: Catalog access Restricted - Possibly; NAID 470761838. Query hit(s): Vassiliou + telcon, Cyprus / Denktash / Vassiliou, Denktash + memorandum, Ozal + telcon, Demirel + telcon, Greek-Turkish + memorandum, Greece / Turkey / Cyprus + telcon, Cyprus + memorandum of conversation, Turkey + memorandum of conversation. OCR status: First four pages OCR reviewed. OCR signals: 02h. Paper Maintaining Our New Strategic Relationship with Turkey (1 pp.) n.d. (bX 1) vA | 02i. Paper Settline the Cyprus Problem (1 pp.) n.d. ot ) vA | 02j. Paper Bosnia (1 pp.) n.d. (yf) g. PDF extent: 192 pages. Digital object: 41-bpr-nsc-euro_eura-cen_chron-30531-004.pdf. Catalog: https://catalog.archives.gov/id/470761838.",https://catalog.archives.gov/id/470761838,https://s3.dualstack.us-east-1.amazonaws.com/NARAprodstorage/lz/presidential-libraries/bush/gb-nsc/euro_eura_dir_374000108/41-bpr-nsc-euro_eura-cen_chron-30531-004.pdf
,,,Cyprus,1035,Thin selected chronology: 3 selected records versus 24 Central leads and 74 requested-pool leads.,Context for selected record; screen for additional documents,BC 003,Blackwill Chronological Files,Open first,Open packet first,1989-05-01,May 1989 [7],"Thin selected chronology: 3 selected records versus 24 Central leads and 74 requested-pool leads. Open first Subject: Request for Bilateral with Greek Prime | Minister Papandreou | under the auspices of the U.N. Secretary General, between Cypriot | Greece | Greek | Papandreou | Cyprus | Cypriot | Vassiliou | Vassiliou + Cypr... Already crosswalks to Doc 1.001, Doc 3.002; open for surrounding or enclosed material.",Doc 1.001; Doc 3.002,"Subject: Request for Bilateral with Greek Prime | Minister Papandreou | under the auspices of the U.N. Secretary General, between Cypriot | Greece | Greek | Papandreou | Cyprus | Cypriot | Vassiliou | Vassiliou + Cyprus | Denktash",205,453248079,Robert D. Blackwill Chronological Files,"Source: George H.W. Bush Library, Bush Presidential Records, National Security Council, Robert D. Blackwill Chronological Files, May 1989 [7].","Catalog provenance: Catalog access Restricted - Possibly; NAID 453248079. Query hit(s): Greece, Greek, Papandreou, Cyprus, Cypriot, Vassiliou, Vassiliou + Cyprus, Denktash, Turkey, Turkish, Ozal, Ozal + Turkey, Greece / Turkey / Cyprus, memorandum of conversation, telephone conversation. OCR status: Full PDF OCR reviewed. OCR signals: Subject: Request for Bilateral with Greek Prime | Minister Papandreou | under the auspices of the U.N. Secretary General, between Cypriot. PDF extent: 133 pages. Digital object: 41-bpr-nsc-blackwill_chron-30544-003.pdf. Catalog: https://catalog.archives.gov/id/453248079.",https://catalog.archives.gov/id/453248079,https://s3.dualstack.us-east-1.amazonaws.com/NARAprodstorage/lz/presidential-libraries/bush/gb-nsc/blackwill/chron_2554659/41-bpr-nsc-blackwill_chron-30544-003.pdf
,,,Cyprus,1017,Thin selected chronology: 3 selected records versus 24 Central leads and 74 requested-pool leads.,Potential gap-fill addition,BC 007,Blackwill Chronological Files,Open first,Open packet first,1989-03-01,March 1989 [4],"Thin selected chronology: 3 selected records versus 24 Central leads and 74 requested-pool leads. Open first When President Vassiliou was elected in February 1988, he evoked | high expectations that he would take a fresh look at the Cyprus | problem. He met with then-President Reagan in August and has had | Cyprus | Cypriot ... No selected-document crosswalk match above threshold.",,"When President Vassiliou was elected in February 1988, he evoked | high expectations that he would take a fresh look at the Cyprus | problem. He met with then-President Reagan in August and has had | Cyprus | Cypriot | Vassiliou | Vassiliou + Cyprus | Denktash | Turkey | Turkish | Ozal",152,453248061,Robert D. Blackwill Chronological Files,"Source: George H.W. Bush Library, Bush Presidential Records, National Security Council, Robert D. Blackwill Chronological Files, March 1989 [4].","Catalog provenance: Catalog access Restricted - Possibly; NAID 453248061. Query hit(s): Cyprus, Cypriot, Vassiliou, Vassiliou + Cyprus, Denktash, Turkey, Turkish, Ozal, Ozal + Turkey, memorandum of conversation, telephone conversation. OCR status: Full PDF OCR reviewed. OCR signals: When President Vassiliou was elected in February 1988, he evoked | high expectations that he would take a fresh look at the Cyprus | problem. He met with then-President Reagan in August and has had. PDF extent: 63 pages. Digital object: 41-bpr-nsc-blackwill_chron-30541-003.pdf. Catalog: https://catalog.archives.gov/id/453248061.",https://catalog.archives.gov/id/453248061,https://s3.dualstack.us-east-1.amazonaws.com/NARAprodstorage/lz/presidential-libraries/bush/gb-nsc/blackwill/chron_2554659/41-bpr-nsc-blackwill_chron-30541-003.pdf
,,,Cyprus,1011,Thin selected chronology: 3 selected records versus 24 Central leads and 74 requested-pool leads.,Context for selected record; screen for additional documents,CC 055,Central Chronological Files,Open first,Open packet first,1990-08-01,August 1990 [7],"Thin selected chronology: 3 selected records versus 24 Central leads and 74 requested-pool leads. Open first 06a. Letter To: President Vassiliou From: President Bush 8/9/90 (b)(1) Re: Cyprus (2 pp.) | 06b. Cable To: Distribution List From: AmEmbassy Nicosia 6/7/90 (b)(1) C Re: Vassiliou Letter to President Bush on Summit (1 ... Already crosswalks to Doc 2.002, Doc 3.011, Doc 3.012, Doc 3.013, Doc 3.014, Doc 3.015, Doc 3.016, Doc 3.017, Doc 3.018; open for surrounding or enclosed material.",Doc 2.002; Doc 3.011; Doc 3.012; Doc 3.013; Doc 3.014; Doc 3.015; Doc 3.016; Doc 3.017; Doc 3.018,06a. Letter To: President Vassiliou From: President Bush 8/9/90 (b)(1) Re: Cyprus (2 pp.) | 06b. Cable To: Distribution List From: AmEmbassy Nicosia 6/7/90 (b)(1) C Re: Vassiliou Letter to President Bush on Summit (1 pp.) | 06c. Cable To: Distribution List From: AmEmbassy Nicosia 5/21/90 (b)(1) C Re: Vassiliou Letter to President Bush on Summit (2 pp.) | Vassiliou + telcon | Ozal + telcon | Greek-Turkish + memorandum | Greece / Turkey / Cyprus + telcon | Cyprus + memorandum of conversation | Turkey + memorandum of conversation,111,470761713,European and Eurasian Directorate Central Chronological Files,"Source: George H.W. Bush Library, Bush Presidential Records, National Security Council, European and Eurasian Directorate Central Chronological Files, August 1990 [7].","Catalog provenance: Catalog access Restricted - Possibly; NAID 470761713. Query hit(s): Vassiliou + telcon, Ozal + telcon, Greek-Turkish + memorandum, Greece / Turkey / Cyprus + telcon, Cyprus + memorandum of conversation, Turkey + memorandum of conversation. OCR status: First four pages OCR reviewed. OCR signals: 06a. Letter To: President Vassiliou From: President Bush 8/9/90 (b)(1) Re: Cyprus (2 pp.) | 06b. Cable To: Distribution List From: AmEmbassy Nicosia 6/7/90 (b)(1) C Re: Vassiliou Letter to President Bush on Summit (1 pp.) | 06c. Cable To: Distribution List From: AmEmbassy Nicosia 5/21/90 (b)(1) C Re: Vassiliou Letter to President Bush on Summit (2 pp.). PDF extent: 133 pages. Digital object: 41-bpr-nsc-euro_eura-cen_chron-30509-004.pdf. Catalog: https://catalog.archives.gov/id/470761713.",https://catalog.archives.gov/id/470761713,https://s3.dualstack.us-east-1.amazonaws.com/NARAprodstorage/lz/presidential-libraries/bush/gb-nsc/euro_eura_dir_374000108/41-bpr-nsc-euro_eura-cen_chron-30509-004.pdf
,,,Cyprus,1010,Thin selected chronology: 3 selected records versus 24 Central leads and 74 requested-pool leads.,Context for selected record; screen for additional documents,CC 057,Central Chronological Files,Open first,Open packet first,1990-08-01,August 1990 [5],"Thin selected chronology: 3 selected records versus 24 Central leads and 74 requested-pool leads. Open first : Brent Scowcroft From: Nicholas Burns | : Presidential Letter to President Vassiliou (2 pp.) | : President Vassiliou From: President Bush | Vassiliou + memcon | Vassiliou + telcon | Ozal + memcon | Ozal + telcon | Cy... Already crosswalks to Doc 2.002, Doc 3.011, Doc 3.012, Doc 3.013, Doc 3.014, Doc 3.015, Doc 3.016, Doc 3.017, Doc 3.018; open for surrounding or enclosed material.",Doc 2.002; Doc 3.011; Doc 3.012; Doc 3.013; Doc 3.014; Doc 3.015; Doc 3.016; Doc 3.017; Doc 3.018,: Brent Scowcroft From: Nicholas Burns | : Presidential Letter to President Vassiliou (2 pp.) | : President Vassiliou From: President Bush | Vassiliou + memcon | Vassiliou + telcon | Ozal + memcon | Ozal + telcon | Cyprus + memorandum of conversation | Turkey + memorandum of conversation,110,470761711,European and Eurasian Directorate Central Chronological Files,"Source: George H.W. Bush Library, Bush Presidential Records, National Security Council, European and Eurasian Directorate Central Chronological Files, August 1990 [5].","Catalog provenance: Catalog access Restricted - Possibly; NAID 470761711. Query hit(s): Vassiliou + memcon, Vassiliou + telcon, Ozal + memcon, Ozal + telcon, Cyprus + memorandum of conversation, Turkey + memorandum of conversation. OCR status: First four pages OCR reviewed. OCR signals: : Brent Scowcroft From: Nicholas Burns | : Presidential Letter to President Vassiliou (2 pp.) | : President Vassiliou From: President Bush. PDF extent: 129 pages. Digital object: 41-bpr-nsc-euro_eura-cen_chron-30509-002.pdf. Catalog: https://catalog.archives.gov/id/470761711.",https://catalog.archives.gov/id/470761711,https://s3.dualstack.us-east-1.amazonaws.com/NARAprodstorage/lz/presidential-libraries/bush/gb-nsc/euro_eura_dir_374000108/41-bpr-nsc-euro_eura-cen_chron-30509-002.pdf
,,,Cyprus,992,Thin selected chronology: 3 selected records versus 24 Central leads and 74 requested-pool leads.,Context for selected record; screen for additional documents,CC 065,Central Chronological Files,Open first,Open packet first,1989-11-01,November 1989 [2],Thin selected chronology: 3 selected records versus 24 Central leads and 74 requested-pool leads. Open first 13a. Memorandum To: Brent Scowcroft From: Robert Hutchings 11/15/89 (1) Re: Message to Vassiliou (1 pp.) | 13b. Letter To: President Vassiliou From: President Bush n.d. (b)(1) Re: Cyprus (1 pp.) | Zolotas + telcon | V... Already crosswalks to Doc 1.003; open for surrounding or enclosed material.,Doc 1.003,13a. Memorandum To: Brent Scowcroft From: Robert Hutchings 11/15/89 (1) Re: Message to Vassiliou (1 pp.) | 13b. Letter To: President Vassiliou From: President Bush n.d. (b)(1) Re: Cyprus (1 pp.) | Zolotas + telcon | Vassiliou + telcon | Greece / Turkey / Cyprus + telcon | Cyprus + memorandum of conversation | Turkey + memorandum of conversation,92,470761667,European and Eurasian Directorate Central Chronological Files,"Source: George H.W. Bush Library, Bush Presidential Records, National Security Council, European and Eurasian Directorate Central Chronological Files, November 1989 [2].","Catalog provenance: Catalog access Restricted - Possibly; NAID 470761667. Query hit(s): Zolotas + telcon, Vassiliou + telcon, Greece / Turkey / Cyprus + telcon, Cyprus + memorandum of conversation, Turkey + memorandum of conversation. OCR status: First four pages OCR reviewed. OCR signals: 13a. Memorandum To: Brent Scowcroft From: Robert Hutchings 11/15/89 (1) Re: Message to Vassiliou (1 pp.) | 13b. Letter To: President Vassiliou From: President Bush n.d. (b)(1) Re: Cyprus (1 pp.). PDF extent: 129 pages. Digital object: 41-bpr-nsc-euro_eura-cen_chron-30502-002.pdf. Catalog: https://catalog.archives.gov/id/470761667.",https://catalog.archives.gov/id/470761667,https://s3.dualstack.us-east-1.amazonaws.com/NARAprodstorage/lz/presidential-libraries/bush/gb-nsc/euro_eura_dir_374000108/41-bpr-nsc-euro_eura-cen_chron-30502-002.pdf
,,,Cyprus,977,Thin selected chronology: 3 selected records versus 24 Central leads and 74 requested-pool leads.,Context for selected record; screen for additional documents,RS 001-001,Requested source pool: Scowcroft Papers,High-value source pool,High-value EastMed lead,,Presidential Meetings--Memorandum of Conversations 7/11/91-7/22/91,"Thin selected chronology: 3 selected records versus 24 Central leads and 74 requested-pool leads. High-value source pool Greece | Greek | Papandreou | Mitsotakis | Cyprus | Cypriot | Vassiliou | Denktash | Turkey | Turkish Already crosswalks to Doc 1.008, Doc 3.050, Doc 3.051, Doc 3.052, Doc 3.053; open for surrounding or enclosed material.",Doc 1.008; Doc 3.050; Doc 3.051; Doc 3.052; Doc 3.053,Greece | Greek | Papandreou | Mitsotakis | Cyprus | Cypriot | Vassiliou | Denktash | Turkey | Turkish,252,366551676,Presidential Correspondence Files,"Source: George H.W. Bush Library, Bush Presidential Records, Brent Scowcroft Collection, Presidential Correspondence Files, Presidential Meetings--Memorandum of Conversations 7/11/91-7/22/91.","Catalog provenance: Catalog access Restricted - Possibly; NAID 366551676. Query hit(s): Greece, Greek, Papandreou, Mitsotakis, Cyprus, Cypriot, Vassiliou, Denktash, Turkey, Turkish, Ozal, Yilmaz, PKK, Aegean, Eastern Mediterranean, Greece / Turkey / Cyprus, memcon, memorandum of conversation. Digital object: 41-bpr-scow-pcor-memcon-91109-001.pdf. Catalog: https://catalog.archives.gov/id/366551676.",https://catalog.archives.gov/id/366551676,https://s3.amazonaws.com/NARAprodstorage/lz/presidential-libraries/bush/gb-gbs/4545941/41-bpr-scow-pcor-memcon-91109-001.pdf
,,,Cyprus,934,Thin selected chronology: 3 selected records versus 24 Central leads and 74 requested-pool leads.,Potential gap-fill addition,RS 001-004,Requested source pool: Scowcroft Papers,High-value source pool,High-value EastMed lead,,Presidential Meetings--Memorandum of Conversations 2/1/92-2/27/92,Thin selected chronology: 3 selected records versus 24 Central leads and 74 requested-pool leads. High-value source pool Greece | Greek | Mitsotakis | Cyprus | Denktash | Turkey | Turkish | Demirel | PKK | Aegean No selected-document crosswalk match above threshold.,,Greece | Greek | Mitsotakis | Cyprus | Denktash | Turkey | Turkish | Demirel | PKK | Aegean,174,366551681,Presidential Correspondence Files,"Source: George H.W. Bush Library, Bush Presidential Records, Brent Scowcroft Collection, Presidential Correspondence Files, Presidential Meetings--Memorandum of Conversations 2/1/92-2/27/92.","Catalog provenance: Catalog access Restricted - Possibly; NAID 366551681. Query hit(s): Greece, Greek, Mitsotakis, Cyprus, Denktash, Turkey, Turkish, Demirel, PKK, Aegean, Greece / Turkey / Cyprus, memcon, memorandum of conversation. Digital object: 41-bpr-scow-pcor-memcon-91109-006.pdf. Catalog: https://catalog.archives.gov/id/366551681.",https://catalog.archives.gov/id/366551681,https://s3.amazonaws.com/NARAprodstorage/lz/presidential-libraries/bush/gb-gbs/4545941/41-bpr-scow-pcor-memcon-91109-006.pdf
,,,Cyprus,922,Thin selected chronology: 3 selected records versus 24 Central leads and 74 requested-pool leads.,Context for selected record; screen for additional documents,RS 001-002,Requested source pool: Scowcroft Papers,High-value source pool,High-value EastMed lead,,Presidential Meetings--Memorandum of Conversations 7/9/92-12/22/92,"Thin selected chronology: 3 selected records versus 24 Central leads and 74 requested-pool leads. High-value source pool Greece | Greek | Papandreou | Mitsotakis | Cyprus | Cypriot | Vassiliou | Denktash | Clerides | Demirel Already crosswalks to Doc 1.013, Doc 1.014, Doc 3.063; open for surrounding or enclosed material.",Doc 1.013; Doc 1.014; Doc 3.063,Greece | Greek | Papandreou | Mitsotakis | Cyprus | Cypriot | Vassiliou | Denktash | Clerides | Demirel,197,366551685,Presidential Correspondence Files,"Source: George H.W. Bush Library, Bush Presidential Records, Brent Scowcroft Collection, Presidential Correspondence Files, Presidential Meetings--Memorandum of Conversations 7/9/92-12/22/92.","Catalog provenance: Catalog access Restricted - Possibly; NAID 366551685. Query hit(s): Greece, Greek, Papandreou, Mitsotakis, Cyprus, Cypriot, Vassiliou, Denktash, Clerides, Demirel, PKK, Greece / Turkey / Cyprus, memcon, memorandum of conversation. Digital object: 41-bpr-scow-pcor-memcon-91110-002.pdf. Catalog: https://catalog.archives.gov/id/366551685.",https://catalog.archives.gov/id/366551685,https://s3.amazonaws.com/NARAprodstorage/lz/presidential-libraries/bush/gb-gbs/4545941/41-bpr-scow-pcor-memcon-91110-002.pdf
,,,Cyprus,902,Thin selected chronology: 3 selected records versus 24 Central leads and 74 requested-pool leads.,Context for selected record; screen for additional documents,RS 001-003,Requested source pool: Scowcroft Papers,High-value source pool,High-value EastMed lead,,Presidential Meetings--Memorandum of Conversations 3/3/92-4/28/92,Thin selected chronology: 3 selected records versus 24 Central leads and 74 requested-pool leads. High-value source pool Greece | Greek | Mitsotakis | Cyprus | Cypriot | Vassiliou | Denktash | Turkish | Demirel | Eastern Mediterranean Already crosswalks to Doc 2.003; open for surrounding or enclosed material.,Doc 2.003,Greece | Greek | Mitsotakis | Cyprus | Cypriot | Vassiliou | Denktash | Turkish | Demirel | Eastern Mediterranean,177,366551682,Presidential Correspondence Files,"Source: George H.W. Bush Library, Bush Presidential Records, Brent Scowcroft Collection, Presidential Correspondence Files, Presidential Meetings--Memorandum of Conversations 3/3/92-4/28/92.","Catalog provenance: Catalog access Restricted - Possibly; NAID 366551682. Query hit(s): Greece, Greek, Mitsotakis, Cyprus, Cypriot, Vassiliou, Denktash, Turkish, Demirel, Eastern Mediterranean, Greece / Turkey / Cyprus, memcon, memorandum of conversation. Digital object: 41-bpr-scow-pcor-memcon-91109-007.pdf. Catalog: https://catalog.archives.gov/id/366551682.",https://catalog.archives.gov/id/366551682,https://s3.amazonaws.com/NARAprodstorage/lz/presidential-libraries/bush/gb-gbs/4545941/41-bpr-scow-pcor-memcon-91109-007.pdf
,,,Cyprus,901,Thin selected chronology: 3 selected records versus 24 Central leads and 74 requested-pool leads.,Potential gap-fill addition,RS 001-012,Requested source pool: Scowcroft Papers,High-value source pool,High-value EastMed lead,,Other (July 1989),Thin selected chronology: 3 selected records versus 24 Central leads and 74 requested-pool leads. High-value source pool Greece | Greek | Papandreou | Cyprus | Cypriot | Vassiliou | Denktash | Turkish | Ozal | memcon No selected-document crosswalk match above threshold.,,Greece | Greek | Papandreou | Cyprus | Cypriot | Vassiliou | Denktash | Turkish | Ozal | memcon,141,366551995,Chronological Files,"Source: George H.W. Bush Library, Bush Presidential Records, Brent Scowcroft Collection, Chronological Files, Other (July 1989).","Catalog provenance: Catalog access Restricted - Possibly; NAID 366551995. Query hit(s): Greece, Greek, Papandreou, Cyprus, Cypriot, Vassiliou, Denktash, Turkish, Ozal, memcon, memorandum of conversation. Digital object: 41-bpr-scow-chron-91148-006.pdf. Catalog: https://catalog.archives.gov/id/366551995.",https://catalog.archives.gov/id/366551995,https://s3.amazonaws.com/NARAprodstorage/lz/presidential-libraries/bush/gb-gbs/4708326/41-bpr-scow-chron-91148-006.pdf
,,,Cyprus,897,Thin selected chronology: 3 selected records versus 24 Central leads and 74 requested-pool leads.,Context for selected record; screen for additional documents,RS 001-005,Requested source pool: Scowcroft Papers,High-value source pool,High-value EastMed lead,,Presidential Telephone Calls--Memorandum of Conversations 8/22/90-10/5/90,"Thin selected chronology: 3 selected records versus 24 Central leads and 74 requested-pool leads. High-value source pool Greece | Greek | Mitsotakis | Cyprus | Vassiliou | Turkey | Turkish | Ozal | Eastern Mediterranean | Greece / Turkey / Cyprus Already crosswalks to Doc 1.005, Doc 2.002, Doc 3.018, Doc 3.019, Doc 3.020, Doc 3.021; open for surrounding or enclosed material.",Doc 1.005; Doc 2.002; Doc 3.018; Doc 3.019; Doc 3.020; Doc 3.021,Greece | Greek | Mitsotakis | Cyprus | Vassiliou | Turkey | Turkish | Ozal | Eastern Mediterranean | Greece / Turkey / Cyprus,172,366551694,Presidential Correspondence Files,"Source: George H.W. Bush Library, Bush Presidential Records, Brent Scowcroft Collection, Presidential Correspondence Files, Presidential Telephone Calls--Memorandum of Conversations 8/22/90-10/5/90.","Catalog provenance: Catalog access Restricted - Possibly; NAID 366551694. Query hit(s): Greece, Greek, Mitsotakis, Cyprus, Vassiliou, Turkey, Turkish, Ozal, Eastern Mediterranean, Greece / Turkey / Cyprus, telcon, memorandum of conversation, telephone conversation. Digital object: 41-bpr-scow-pcor-telcon-91112-002.pdf. Catalog: https://catalog.archives.gov/id/366551694.",https://catalog.archives.gov/id/366551694,https://s3.amazonaws.com/NARAprodstorage/lz/presidential-libraries/bush/gb-gbs/4545941/41-bpr-scow-pcor-telcon-91112-002.pdf
,,,Cyprus,885,Thin selected chronology: 3 selected records versus 24 Central leads and 74 requested-pool leads.,Context for selected record; screen for additional documents,RS 001-007,Requested source pool: Scowcroft Papers,High-value source pool,High-value EastMed lead,,Presidential Meetings--Memorandum of Conversations 1/11/90-2/21/90,"Thin selected chronology: 3 selected records versus 24 Central leads and 74 requested-pool leads. High-value source pool Greece | Greek | Cyprus | Vassiliou | Denktash | Turkey | Turkish | Ozal | Eastern Mediterranean | Greece / Turkey / Cyprus Already crosswalks to Doc 3.008, Doc 3.009; open for surrounding or enclosed material.",Doc 3.008; Doc 3.009,Greece | Greek | Cyprus | Vassiliou | Denktash | Turkey | Turkish | Ozal | Eastern Mediterranean | Greece / Turkey / Cyprus,160,366551666,Presidential Correspondence Files,"Source: George H.W. Bush Library, Bush Presidential Records, Brent Scowcroft Collection, Presidential Correspondence Files, Presidential Meetings--Memorandum of Conversations 1/11/90-2/21/90.","Catalog provenance: Catalog access Restricted - Possibly; NAID 366551666. Query hit(s): Greece, Greek, Cyprus, Vassiliou, Denktash, Turkey, Turkish, Ozal, Eastern Mediterranean, Greece / Turkey / Cyprus, memcon, memorandum of conversation. Digital object: 41-bpr-scow-pcor-memcon-91107-007.pdf. Catalog: https://catalog.archives.gov/id/366551666.",https://catalog.archives.gov/id/366551666,https://s3.amazonaws.com/NARAprodstorage/lz/presidential-libraries/bush/gb-gbs/4545941/41-bpr-scow-pcor-memcon-91107-007.pdf
,,,Cyprus,881,Thin selected chronology: 3 selected records versus 24 Central leads and 74 requested-pool leads.,Context for selected record; screen for additional documents,RS 001-008,Requested source pool: Scowcroft Papers,High-value source pool,High-value EastMed lead,,Presidential Meetings--Memorandum of Conversations 11/13/90-12/21/90,"Thin selected chronology: 3 selected records versus 24 Central leads and 74 requested-pool leads. High-value source pool Greece | Greek | Mitsotakis | Cyprus | Denktash | Turkey | Turkish | Ozal | Incirlik | Greece / Turkey / Cyprus Already crosswalks to Doc 1.006, Doc 3.024; open for surrounding or enclosed material.",Doc 1.006; Doc 3.024,Greece | Greek | Mitsotakis | Cyprus | Denktash | Turkey | Turkish | Ozal | Incirlik | Greece / Turkey / Cyprus,156,366551672,Presidential Correspondence Files,"Source: George H.W. Bush Library, Bush Presidential Records, Brent Scowcroft Collection, Presidential Correspondence Files, Presidential Meetings--Memorandum of Conversations 11/13/90-12/21/90.","Catalog provenance: Catalog access Restricted - Possibly; NAID 366551672. Query hit(s): Greece, Greek, Mitsotakis, Cyprus, Denktash, Turkey, Turkish, Ozal, Incirlik, Greece / Turkey / Cyprus, memcon, memorandum of conversation. Digital object: 41-bpr-scow-pcor-memcon-91108-003.pdf. Catalog: https://catalog.archives.gov/id/366551672.",https://catalog.archives.gov/id/366551672,https://s3.amazonaws.com/NARAprodstorage/lz/presidential-libraries/bush/gb-gbs/4545941/41-bpr-scow-pcor-memcon-91108-003.pdf
,,,Cyprus,872,Thin selected chronology: 3 selected records versus 24 Central leads and 74 requested-pool leads.,Potential gap-fill addition,RS 001-020,Requested source pool: Scowcroft Papers,High-value source pool,High-value EastMed lead,,Presidential Meetings--Memorandum of Conversations 5/1/92-6/17/92,Thin selected chronology: 3 selected records versus 24 Central leads and 74 requested-pool leads. High-value source pool Greek | Cyprus | Vassiliou | Denktash | Demirel | Eastern Mediterranean | memcon | memorandum of conversation No selected-document crosswalk match above threshold.,,Greek | Cyprus | Vassiliou | Denktash | Demirel | Eastern Mediterranean | memcon | memorandum of conversation,112,366551683,Presidential Correspondence Files,"Source: George H.W. Bush Library, Bush Presidential Records, Brent Scowcroft Collection, Presidential Correspondence Files, Presidential Meetings--Memorandum of Conversations 5/1/92-6/17/92.","Catalog provenance: Catalog access Restricted - Possibly; NAID 366551683. Query hit(s): Greek, Cyprus, Vassiliou, Denktash, Demirel, Eastern Mediterranean, memcon, memorandum of conversation. Digital object: 41-bpr-scow-pcor-memcon-91109-008.pdf. Catalog: https://catalog.archives.gov/id/366551683.",https://catalog.archives.gov/id/366551683,https://s3.amazonaws.com/NARAprodstorage/lz/presidential-libraries/bush/gb-gbs/4545941/41-bpr-scow-pcor-memcon-91109-008.pdf
,,,Cyprus,870,Thin selected chronology: 3 selected records versus 24 Central leads and 74 requested-pool leads.,Context for selected record; screen for additional documents,RS 001-010,Requested source pool: Scowcroft Papers,High-value source pool,High-value EastMed lead,,Presidential Meetings--Memorandum of Conversations 7/1/92-7/9/92,"Thin selected chronology: 3 selected records versus 24 Central leads and 74 requested-pool leads. High-value source pool Greece | Mitsotakis | Cyprus | Vassiliou | Denktash | Demirel | Yilmaz | Greece / Turkey / Cyprus | memcon | memorandum of conversation Already crosswalks to Doc 1.013, Doc 3.063; open for surrounding or enclosed material.",Doc 1.013; Doc 3.063,Greece | Mitsotakis | Cyprus | Vassiliou | Denktash | Demirel | Yilmaz | Greece / Turkey / Cyprus | memcon | memorandum of conversation,145,366551684,Presidential Correspondence Files,"Source: George H.W. Bush Library, Bush Presidential Records, Brent Scowcroft Collection, Presidential Correspondence Files, Presidential Meetings--Memorandum of Conversations 7/1/92-7/9/92.","Catalog provenance: Catalog access Restricted - Possibly; NAID 366551684. Query hit(s): Greece, Mitsotakis, Cyprus, Vassiliou, Denktash, Demirel, Yilmaz, Greece / Turkey / Cyprus, memcon, memorandum of conversation. Digital object: 41-bpr-scow-pcor-memcon-91110-001.pdf. Catalog: https://catalog.archives.gov/id/366551684.",https://catalog.archives.gov/id/366551684,https://s3.amazonaws.com/NARAprodstorage/lz/presidential-libraries/bush/gb-gbs/4545941/41-bpr-scow-pcor-memcon-91110-001.pdf
,,,Cyprus,866,Thin selected chronology: 3 selected records versus 24 Central leads and 74 requested-pool leads.,Context for selected record; screen for additional documents,RS 001-013,Requested source pool: Scowcroft Papers,High-value source pool,High-value EastMed lead,,Presidential Telephone Calls--Memorandum of Conversations 8/5/91-9/25/91,"Thin selected chronology: 3 selected records versus 24 Central leads and 74 requested-pool leads. High-value source pool Mitsotakis | Cyprus | Denktash | Turkey | Ozal | Yilmaz | Greece / Turkey / Cyprus | telcon | memorandum of conversation | telephone conversation Already crosswalks to Doc 3.054, Doc 3.055; open for surrounding or enclosed material.",Doc 3.054; Doc 3.055,Mitsotakis | Cyprus | Denktash | Turkey | Ozal | Yilmaz | Greece / Turkey / Cyprus | telcon | memorandum of conversation | telephone conversation,141,366551701,Presidential Correspondence Files,"Source: George H.W. Bush Library, Bush Presidential Records, Brent Scowcroft Collection, Presidential Correspondence Files, Presidential Telephone Calls--Memorandum of Conversations 8/5/91-9/25/91.","Catalog provenance: Catalog access Restricted - Possibly; NAID 366551701. Query hit(s): Mitsotakis, Cyprus, Denktash, Turkey, Ozal, Yilmaz, Greece / Turkey / Cyprus, telcon, memorandum of conversation, telephone conversation. Digital object: 41-bpr-scow-pcor-telcon-91113-001.pdf. Catalog: https://catalog.archives.gov/id/366551701.",https://catalog.archives.gov/id/366551701,https://s3.amazonaws.com/NARAprodstorage/lz/presidential-libraries/bush/gb-gbs/4545941/41-bpr-scow-pcor-telcon-91113-001.pdf
,,,Cyprus,865,Thin selected chronology: 3 selected records versus 24 Central leads and 74 requested-pool leads.,Potential gap-fill addition,RS 001-021,Requested source pool: Scowcroft Papers,High-value source pool,High-value EastMed lead,,Desert Shield/Desert Storm (November 1990) [2],Thin selected chronology: 3 selected records versus 24 Central leads and 74 requested-pool leads. High-value source pool Greek | Mitsotakis | Cyprus | Turkey | Turkish | Ozal | Greece / Turkey / Cyprus | telcon No selected-document crosswalk match above threshold.,,Greek | Mitsotakis | Cyprus | Turkey | Turkish | Ozal | Greece / Turkey / Cyprus | telcon,105,366551964,Desert Shield and Desert Storm Files,"Source: George H.W. Bush Library, Bush Presidential Records, Brent Scowcroft Collection, Desert Shield and Desert Storm Files, Desert Shield/Desert Storm (November 1990) [2].","Catalog provenance: Catalog access Restricted - Possibly; NAID 366551964. Query hit(s): Greek, Mitsotakis, Cyprus, Turkey, Turkish, Ozal, Greece / Turkey / Cyprus, telcon. Digital object: 41-bpr-scow-dsds-chr-91145-001.pdf. Catalog: https://catalog.archives.gov/id/366551964.",https://catalog.archives.gov/id/366551964,https://s3.amazonaws.com/NARAprodstorage/lz/presidential-libraries/bush/gb-gbs/4708319/41-bpr-scow-dsds-chr-91145-001.pdf
,,,Cyprus,863,Thin selected chronology: 3 selected records versus 24 Central leads and 74 requested-pool leads.,Context for selected record; screen for additional documents,RS 001-014,Requested source pool: Scowcroft Papers,High-value source pool,High-value EastMed lead,,Presidential Meetings--Memorandum of Conversations 10/16/91-12/17/91,"Thin selected chronology: 3 selected records versus 24 Central leads and 74 requested-pool leads. High-value source pool Greece | Greek | Mitsotakis | Cyprus | Vassiliou | Demirel | Yilmaz | Greece / Turkey / Cyprus | memcon | memorandum of conversation Already crosswalks to Doc 1.009, Doc 1.010, Doc 1.011; open for surrounding or enclosed material.",Doc 1.009; Doc 1.010; Doc 1.011,Greece | Greek | Mitsotakis | Cyprus | Vassiliou | Demirel | Yilmaz | Greece / Turkey / Cyprus | memcon | memorandum of conversation,138,366551679,Presidential Correspondence Files,"Source: George H.W. Bush Library, Bush Presidential Records, Brent Scowcroft Collection, Presidential Correspondence Files, Presidential Meetings--Memorandum of Conversations 10/16/91-12/17/91.","Catalog provenance: Catalog access Restricted - Possibly; NAID 366551679. Query hit(s): Greece, Greek, Mitsotakis, Cyprus, Vassiliou, Demirel, Yilmaz, Greece / Turkey / Cyprus, memcon, memorandum of conversation. Digital object: 41-bpr-scow-pcor-memcon-91109-004.pdf. Catalog: https://catalog.archives.gov/id/366551679.",https://catalog.archives.gov/id/366551679,https://s3.amazonaws.com/NARAprodstorage/lz/presidential-libraries/bush/gb-gbs/4545941/41-bpr-scow-pcor-memcon-91109-004.pdf
,,,Cyprus,862,Thin selected chronology: 3 selected records versus 24 Central leads and 74 requested-pool leads.,Context for selected record; screen for additional documents,RS 001-015,Requested source pool: Scowcroft Papers,High-value source pool,High-value EastMed lead,,Presidential Meetings--Memorandum of Conversations 5/17/90-6/26/90,Thin selected chronology: 3 selected records versus 24 Central leads and 74 requested-pool leads. High-value source pool Greece | Greek | Papandreou | Mitsotakis | Cyprus | Vassiliou | Demirel | Greece / Turkey / Cyprus | memcon | memorandum of conversation Already crosswalks to Doc 1.004; open for surrounding or enclosed material.,Doc 1.004,Greece | Greek | Papandreou | Mitsotakis | Cyprus | Vassiliou | Demirel | Greece / Turkey / Cyprus | memcon | memorandum of conversation,137,366551669,Presidential Correspondence Files,"Source: George H.W. Bush Library, Bush Presidential Records, Brent Scowcroft Collection, Presidential Correspondence Files, Presidential Meetings--Memorandum of Conversations 5/17/90-6/26/90.","Catalog provenance: Catalog access Restricted - Possibly; NAID 366551669. Query hit(s): Greece, Greek, Papandreou, Mitsotakis, Cyprus, Vassiliou, Demirel, Greece / Turkey / Cyprus, memcon, memorandum of conversation. Digital object: 41-bpr-scow-pcor-memcon-91107-010.pdf. Catalog: https://catalog.archives.gov/id/366551669.",https://catalog.archives.gov/id/366551669,https://s3.amazonaws.com/NARAprodstorage/lz/presidential-libraries/bush/gb-gbs/4545941/41-bpr-scow-pcor-memcon-91107-010.pdf
,,,Cyprus,861,Thin selected chronology: 3 selected records versus 24 Central leads and 74 requested-pool leads.,Potential gap-fill addition,RS 001-024,Requested source pool: Scowcroft Papers,High-value source pool,High-value EastMed lead,,Presidential Meetings--Memorandum of Conversations 7/24/91-9/24/91,Thin selected chronology: 3 selected records versus 24 Central leads and 74 requested-pool leads. High-value source pool Mitsotakis | Cyprus | Denktash | Yilmaz | Greece / Turkey / Cyprus | memcon | memorandum of conversation No selected-document crosswalk match above threshold.,,Mitsotakis | Cyprus | Denktash | Yilmaz | Greece / Turkey / Cyprus | memcon | memorandum of conversation,101,366551677,Presidential Correspondence Files,"Source: George H.W. Bush Library, Bush Presidential Records, Brent Scowcroft Collection, Presidential Correspondence Files, Presidential Meetings--Memorandum of Conversations 7/24/91-9/24/91.","Catalog provenance: Catalog access Restricted - Possibly; NAID 366551677. Query hit(s): Mitsotakis, Cyprus, Denktash, Yilmaz, Greece / Turkey / Cyprus, memcon, memorandum of conversation. Digital object: 41-bpr-scow-pcor-memcon-91109-002.pdf. Catalog: https://catalog.archives.gov/id/366551677.",https://catalog.archives.gov/id/366551677,https://s3.amazonaws.com/NARAprodstorage/lz/presidential-libraries/bush/gb-gbs/4545941/41-bpr-scow-pcor-memcon-91109-002.pdf
,,,Cyprus,859,Thin selected chronology: 3 selected records versus 24 Central leads and 74 requested-pool leads.,Context for selected record; screen for additional documents,RS 001-016,Requested source pool: Scowcroft Papers,High-value source pool,High-value EastMed lead,,Presidential Meetings--Memorandum of Conversations 10/3/89-12/16/89,Thin selected chronology: 3 selected records versus 24 Central leads and 74 requested-pool leads. High-value source pool Greek | Cyprus | Cypriot | Vassiliou | Denktash | Turkish | Eastern Mediterranean | Greece / Turkey / Cyprus | memcon | memorandum of conversation Already crosswalks to Doc 2.001; open for surrounding or enclosed material.,Doc 2.001,Greek | Cyprus | Cypriot | Vassiliou | Denktash | Turkish | Eastern Mediterranean | Greece / Turkey / Cyprus | memcon | memorandum of conversation,134,366551665,Presidential Correspondence Files,"Source: George H.W. Bush Library, Bush Presidential Records, Brent Scowcroft Collection, Presidential Correspondence Files, Presidential Meetings--Memorandum of Conversations 10/3/89-12/16/89.","Catalog provenance: Catalog access Restricted - Possibly; NAID 366551665. Query hit(s): Greek, Cyprus, Cypriot, Vassiliou, Denktash, Turkish, Eastern Mediterranean, Greece / Turkey / Cyprus, memcon, memorandum of conversation. Digital object: 41-bpr-scow-pcor-memcon-91107-006.pdf. Catalog: https://catalog.archives.gov/id/366551665.",https://catalog.archives.gov/id/366551665,https://s3.amazonaws.com/NARAprodstorage/lz/presidential-libraries/bush/gb-gbs/4545941/41-bpr-scow-pcor-memcon-91107-006.pdf
,,,Cyprus,855,Thin selected chronology: 3 selected records versus 24 Central leads and 74 requested-pool leads.,Potential gap-fill addition,RS 001-006,Requested source pool: Scowcroft Papers,High-value source pool,High-value EastMed lead,,Presidential Listing of 1989-1992 Meetings/Telephone Calls,Thin selected chronology: 3 selected records versus 24 Central leads and 74 requested-pool leads. High-value source pool Greece | Papandreou | Mitsotakis | Zolotas | Cyprus | Vassiliou | Turkey | Ozal | Demirel | Yilmaz No selected-document crosswalk match above threshold.,,Greece | Papandreou | Mitsotakis | Zolotas | Cyprus | Vassiliou | Turkey | Ozal | Demirel | Yilmaz,165,366552177,Brent Scowcroft Administrative Files,"Source: George H.W. Bush Library, Bush Presidential Records, Brent Scowcroft Collection, Brent Scowcroft Administrative Files, Presidential Listing of 1989-1992 Meetings/Telephone Calls.","Catalog provenance: Catalog access Restricted - Possibly; NAID 366552177. Query hit(s): Greece, Papandreou, Mitsotakis, Zolotas, Cyprus, Vassiliou, Turkey, Ozal, Demirel, Yilmaz, Greece / Turkey / Cyprus. Digital object: 41-bpr-scow-admin-85038-002.pdf. Catalog: https://catalog.archives.gov/id/366552177.",https://catalog.archives.gov/id/366552177,https://s3.dualstack.us-east-1.amazonaws.com/NARAprodstorage/lz/presidential-libraries/bush/gb-gbs/74785770/41-bpr-scow-admin-85038-002.pdf
,,,Turkey,916,Supplemental check: 66 selected records; screen high-signal source packets for missed context or appendices.,Context for selected record; screen for additional documents,CC 005,Central Chronological Files,Open first,Open packet first,1992-05-01,May 1992 [5],"Supplemental check: 66 selected records; screen high-signal source packets for missed context or appendices. Open first Re: POTUS Call to Demirel (1 pp.) | 04b. Talking Points Points to be Made for Telephone Conversation with Prime Minister Demirel of Turkey (3 pp.) | Minister Demirel of Turkey (3 pp.) | Mitsotakis + memcon | Mitsotaki... Already crosswalks to Doc 3.059, Doc 3.060; open for surrounding or enclosed material.",Doc 3.059; Doc 3.060,Re: POTUS Call to Demirel (1 pp.) | 04b. Talking Points Points to be Made for Telephone Conversation with Prime Minister Demirel of Turkey (3 pp.) | Minister Demirel of Turkey (3 pp.) | Mitsotakis + memcon | Mitsotakis + telcon | Mitsotakis + memorandum of conversation | Denktash + memorandum | Ozal + memcon | Ozal + telcon | Demirel + memcon | Demirel + telcon,246,470761812,European and Eurasian Directorate Central Chronological Files,"Source: George H.W. Bush Library, Bush Presidential Records, National Security Council, European and Eurasian Directorate Central Chronological Files, May 1992 [5].","Catalog provenance: Catalog access Restricted - Possibly; NAID 470761812. Query hit(s): Mitsotakis + memcon, Mitsotakis + telcon, Mitsotakis + memorandum of conversation, Denktash + memorandum, Ozal + memcon, Ozal + telcon, Demirel + memcon, Demirel + telcon, Greek-Turkish + memorandum, Greece / Turkey / Cyprus + memcon, Greece / Turkey / Cyprus + telcon, Cyprus + memorandum of conversation, Turkey + memorandum of conversation. OCR status: First four pages OCR reviewed. OCR signals: Re: POTUS Call to Demirel (1 pp.) | 04b. Talking Points Points to be Made for Telephone Conversation with Prime Minister Demirel of Turkey (3 pp.) | Minister Demirel of Turkey (3 pp.). PDF extent: 150 pages. Digital object: 41-bpr-nsc-euro_eura-cen_chron-30526-003.pdf. Catalog: https://catalog.archives.gov/id/470761812.",https://catalog.archives.gov/id/470761812,https://s3.dualstack.us-east-1.amazonaws.com/NARAprodstorage/lz/presidential-libraries/bush/gb-nsc/euro_eura_dir_374000108/41-bpr-nsc-euro_eura-cen_chron-30526-003.pdf
,,,Turkey,874,Supplemental check: 66 selected records; screen high-signal source packets for missed context or appendices.,Context for selected record; screen for additional documents,CC 017,Central Chronological Files,Open first,Open packet first,1992-06-01,June 1992 [4],"Supplemental check: 66 selected records; screen high-signal source packets for missed context or appendices. Open first 04b. Report Government Report (1 pp.) 6/19/92 (b)(1) S | 05. Telcon Telcon with Prime Minister Demirel of Turkey (2 pp.) 6/26/92 (by) FA 06. Report Government Report (1 pp.) n.d. (b)(1) Cc | 06. Report Government Repo... Already crosswalks to Doc 1.012, Doc 3.061, Doc 3.062; open for surrounding or enclosed material.",Doc 1.012; Doc 3.061; Doc 3.062,04b. Report Government Report (1 pp.) 6/19/92 (b)(1) S | 05. Telcon Telcon with Prime Minister Demirel of Turkey (2 pp.) 6/26/92 (by) FA 06. Report Government Report (1 pp.) n.d. (b)(1) Cc | 06. Report Government Report (1 pp.) n.d. (b)(1) Cc | Mitsotakis + memcon | Mitsotakis + telcon | Mitsotakis + memorandum of conversation | Denktash + memorandum | Demirel + memcon | Demirel + telcon | Greek-Turkish + memorandum | Greece / Turkey / Cyprus + memcon,204,470761816,European and Eurasian Directorate Central Chronological Files,"Source: George H.W. Bush Library, Bush Presidential Records, National Security Council, European and Eurasian Directorate Central Chronological Files, June 1992 [4].","Catalog provenance: Catalog access Restricted - Possibly; NAID 470761816. Query hit(s): Mitsotakis + memcon, Mitsotakis + telcon, Mitsotakis + memorandum of conversation, Denktash + memorandum, Demirel + memcon, Demirel + telcon, Greek-Turkish + memorandum, Greece / Turkey / Cyprus + memcon, Greece / Turkey / Cyprus + telcon, Cyprus + memorandum of conversation, Turkey + memorandum of conversation. OCR status: First four pages OCR reviewed. OCR signals: 04b. Report Government Report (1 pp.) 6/19/92 (b)(1) S | 05. Telcon Telcon with Prime Minister Demirel of Turkey (2 pp.) 6/26/92 (by) FA 06. Report Government Report (1 pp.) n.d. (b)(1) Cc | 06. Report Government Report (1 pp.) n.d. (b)(1) Cc. PDF extent: 133 pages. Digital object: 41-bpr-nsc-euro_eura-cen_chron-30527-002.pdf. Catalog: https://catalog.archives.gov/id/470761816.",https://catalog.archives.gov/id/470761816,https://s3.dualstack.us-east-1.amazonaws.com/NARAprodstorage/lz/presidential-libraries/bush/gb-nsc/euro_eura_dir_374000108/41-bpr-nsc-euro_eura-cen_chron-30527-002.pdf
,,,Turkey,854,Supplemental check: 66 selected records; screen high-signal source packets for missed context or appendices.,Context for selected record; screen for additional documents,CC 026,Central Chronological Files,Open first,Open packet first,1992-07-01,July 1992 [4],"Supplemental check: 66 selected records; screen high-signal source packets for missed context or appendices. Open first 10a. Memorandum To: Brent Scowcroft From: Jane Holl 7/1/92 (oy) g Re: Reply to Turgut Ozal (1 pp.) | 10b. Memorandum To: President Bush From: Brent Scowcroft n.d. oy) f Re: Reply to Turgut Ozal (1 pp.) | 10c. Letter T... Already crosswalks to Doc 1.013, Doc 3.063; open for surrounding or enclosed material.",Doc 1.013; Doc 3.063,10a. Memorandum To: Brent Scowcroft From: Jane Holl 7/1/92 (oy) g Re: Reply to Turgut Ozal (1 pp.) | 10b. Memorandum To: President Bush From: Brent Scowcroft n.d. oy) f Re: Reply to Turgut Ozal (1 pp.) | 10c. Letter To: President Ozal From: President Bush n.d. (b)(1) | Mitsotakis + memcon | Mitsotakis + memorandum of conversation | Denktash + memorandum | Ozal + memcon | Demirel + memcon | Aegean + memcon | Greek-Turkish + memorandum | Greece / Turkey / Cyprus + memcon,184,470761821,European and Eurasian Directorate Central Chronological Files,"Source: George H.W. Bush Library, Bush Presidential Records, National Security Council, European and Eurasian Directorate Central Chronological Files, July 1992 [4].","Catalog provenance: Catalog access Restricted - Possibly; NAID 470761821. Query hit(s): Mitsotakis + memcon, Mitsotakis + memorandum of conversation, Denktash + memorandum, Ozal + memcon, Demirel + memcon, Aegean + memcon, Greek-Turkish + memorandum, Greece / Turkey / Cyprus + memcon, Cyprus + memorandum of conversation, Turkey + memorandum of conversation. OCR status: First four pages OCR reviewed. OCR signals: 10a. Memorandum To: Brent Scowcroft From: Jane Holl 7/1/92 (oy) g Re: Reply to Turgut Ozal (1 pp.) | 10b. Memorandum To: President Bush From: Brent Scowcroft n.d. oy) f Re: Reply to Turgut Ozal (1 pp.) | 10c. Letter To: President Ozal From: President Bush n.d. (b)(1). PDF extent: 155 pages. Digital object: 41-bpr-nsc-euro_eura-cen_chron-30528-002.pdf. Catalog: https://catalog.archives.gov/id/470761821.",https://catalog.archives.gov/id/470761821,https://s3.dualstack.us-east-1.amazonaws.com/NARAprodstorage/lz/presidential-libraries/bush/gb-nsc/euro_eura_dir_374000108/41-bpr-nsc-euro_eura-cen_chron-30528-002.pdf
,,,Turkey,834,Supplemental check: 66 selected records; screen high-signal source packets for missed context or appendices.,Potential gap-fill addition,CC 045,Central Chronological Files,Open first,Open packet first,1992-02-01,February 1992 [4],Supplemental check: 66 selected records; screen high-signal source packets for missed context or appendices. Open first 05b. Memorandum To: President Bush From: Brent Scowcroft n.d. (4!) vA Re: Letter to Demirel (1 pp.) | Re: Letter to Demirel (1 pp.) 06. Report Government Report (1 pp.) 2/7/92 (b)(1) | 06. Report Government Report (1 ... No selected-document crosswalk match above threshold.,,05b. Memorandum To: President Bush From: Brent Scowcroft n.d. (4!) vA Re: Letter to Demirel (1 pp.) | Re: Letter to Demirel (1 pp.) 06. Report Government Report (1 pp.) 2/7/92 (b)(1) | 06. Report Government Report (1 pp.) 2/7/92 (b)(1) | Demirel + memcon | Demirel + telcon | Greek-Turkish + memorandum | Greece / Turkey / Cyprus + memcon | Greece / Turkey / Cyprus + telcon | Cyprus + memorandum of conversation | Turkey + memorandum of conversation,129,470761797,European and Eurasian Directorate Central Chronological Files,"Source: George H.W. Bush Library, Bush Presidential Records, National Security Council, European and Eurasian Directorate Central Chronological Files, February 1992 [4].","Catalog provenance: Catalog access Restricted - Possibly; NAID 470761797. Query hit(s): Demirel + memcon, Demirel + telcon, Greek-Turkish + memorandum, Greece / Turkey / Cyprus + memcon, Greece / Turkey / Cyprus + telcon, Cyprus + memorandum of conversation, Turkey + memorandum of conversation. OCR status: First four pages OCR reviewed. OCR signals: 05b. Memorandum To: President Bush From: Brent Scowcroft n.d. (4!) vA Re: Letter to Demirel (1 pp.) | Re: Letter to Demirel (1 pp.) 06. Report Government Report (1 pp.) 2/7/92 (b)(1) | 06. Report Government Report (1 pp.) 2/7/92 (b)(1). PDF extent: 144 pages. Digital object: 41-bpr-nsc-euro_eura-cen_chron-30523-006.pdf. Catalog: https://catalog.archives.gov/id/470761797.",https://catalog.archives.gov/id/470761797,https://s3.dualstack.us-east-1.amazonaws.com/NARAprodstorage/lz/presidential-libraries/bush/gb-nsc/euro_eura_dir_374000108/41-bpr-nsc-euro_eura-cen_chron-30523-006.pdf
,,,Turkey,833,Supplemental check: 66 selected records; screen high-signal source packets for missed context or appendices.,Context for selected record; screen for additional documents,CC 033,Central Chronological Files,Open first,Open packet first,1990-01-01,January 1990 [1],"Supplemental check: 66 selected records; screen high-signal source packets for missed context or appendices. Open first Re: Ozal Visit to Washington (1 pp.) | 12e. Cable To: Brent Scowcroft From: Ambassador Abramowitz 1/2/90 (b)(1) Cc Re: Ozal Visit to Washington (1 pp.) | Vassiliou + memcon | Vassiliou + telcon | Cyprus / Denktash / V... Already crosswalks to Doc 3.008, Doc 3.009; open for surrounding or enclosed material.",Doc 3.008; Doc 3.009,Re: Ozal Visit to Washington (1 pp.) | 12e. Cable To: Brent Scowcroft From: Ambassador Abramowitz 1/2/90 (b)(1) Cc Re: Ozal Visit to Washington (1 pp.) | Vassiliou + memcon | Vassiliou + telcon | Cyprus / Denktash / Vassiliou | Denktash + memorandum | Ozal + memcon | Ozal + telcon | Greek-Turkish + memorandum | Cyprus + memorandum of conversation,163,470761674,European and Eurasian Directorate Central Chronological Files,"Source: George H.W. Bush Library, Bush Presidential Records, National Security Council, European and Eurasian Directorate Central Chronological Files, January 1990 [1].","Catalog provenance: Catalog access Restricted - Possibly; NAID 470761674. Query hit(s): Vassiliou + memcon, Vassiliou + telcon, Cyprus / Denktash / Vassiliou, Denktash + memorandum, Ozal + memcon, Ozal + telcon, Greek-Turkish + memorandum, Cyprus + memorandum of conversation, Turkey + memorandum of conversation. OCR status: First four pages OCR reviewed. OCR signals: Re: Ozal Visit to Washington (1 pp.) | 12e. Cable To: Brent Scowcroft From: Ambassador Abramowitz 1/2/90 (b)(1) Cc Re: Ozal Visit to Washington (1 pp.). PDF extent: 154 pages. Digital object: 41-bpr-nsc-euro_eura-cen_chron-30503-004.pdf. Catalog: https://catalog.archives.gov/id/470761674.",https://catalog.archives.gov/id/470761674,https://s3.dualstack.us-east-1.amazonaws.com/NARAprodstorage/lz/presidential-libraries/bush/gb-nsc/euro_eura_dir_374000108/41-bpr-nsc-euro_eura-cen_chron-30503-004.pdf
,,,Turkey,814,Supplemental check: 66 selected records; screen high-signal source packets for missed context or appendices.,Potential gap-fill addition,BC 012,Blackwill Chronological Files,Open first,Open packet first,1989-06-01,June 1989 [1],Supplemental check: 66 selected records; screen high-signal source packets for missed context or appendices. Open first SUBJECT: Telephone Call to Prime Minister Ozal | of Turkey | Telephone Call to Turkish Prime Minister | Greek | Cyprus | Turkey | Turkish | Ozal | Ozal + Turkey | memcon | memorandum of conversation No selected-document crosswalk match above threshold.,,SUBJECT: Telephone Call to Prime Minister Ozal | of Turkey | Telephone Call to Turkish Prime Minister | Greek | Cyprus | Turkey | Turkish | Ozal | Ozal + Turkey | memcon | memorandum of conversation,109,453248083,Robert D. Blackwill Chronological Files,"Source: George H.W. Bush Library, Bush Presidential Records, National Security Council, Robert D. Blackwill Chronological Files, June 1989 [1].","Catalog provenance: Catalog access Restricted - Possibly; NAID 453248083. Query hit(s): Greek, Cyprus, Turkey, Turkish, Ozal, Ozal + Turkey, memcon, memorandum of conversation, telephone conversation. OCR status: Full PDF OCR reviewed. OCR signals: SUBJECT: Telephone Call to Prime Minister Ozal | of Turkey | Telephone Call to Turkish Prime Minister. PDF extent: 140 pages. Digital object: 41-bpr-nsc-blackwill_chron-30545-001.pdf. Catalog: https://catalog.archives.gov/id/453248083.",https://catalog.archives.gov/id/453248083,https://s3.dualstack.us-east-1.amazonaws.com/NARAprodstorage/lz/presidential-libraries/bush/gb-nsc/blackwill/chron_2554659/41-bpr-nsc-blackwill_chron-30545-001.pdf
,,,Turkey,790,Supplemental check: 66 selected records; screen high-signal source packets for missed context or appendices.,Context for selected record; screen for additional documents,BC 004,Blackwill Chronological Files,Open first,Open packet first,1989-08-01,August 1989 [7],"Supplemental check: 66 selected records; screen high-signal source packets for missed context or appendices. Open first Minister Turgut Ozal and President Kenan Evren of Turkey | Minister Turgut Ozal and President Evren of Turkey, August 1, 1989 | SUBJECT: Telephone Call to Prime Minister Turgut Ozal of Turkey (U) | Greece | Greek | Cy... Already crosswalks to Doc 3.004, Doc 3.005; open for surrounding or enclosed material.",Doc 3.004; Doc 3.005,"Minister Turgut Ozal and President Kenan Evren of Turkey | Minister Turgut Ozal and President Evren of Turkey, August 1, 1989 | SUBJECT: Telephone Call to Prime Minister Turgut Ozal of Turkey (U) | Greece | Greek | Cyprus | Cypriot | Vassiliou | Vassiliou + Cyprus | Denktash | Turkey",190,453248101,Robert D. Blackwill Chronological Files,"Source: George H.W. Bush Library, Bush Presidential Records, National Security Council, Robert D. Blackwill Chronological Files, August 1989 [7].","Catalog provenance: Catalog access Restricted - Possibly; NAID 453248101. Query hit(s): Greece, Greek, Cyprus, Cypriot, Vassiliou, Vassiliou + Cyprus, Denktash, Turkey, Turkish, Ozal, Ozal + Turkey, Greece / Turkey / Cyprus, memorandum of conversation, telephone conversation. OCR status: Full PDF OCR reviewed. OCR signals: Minister Turgut Ozal and President Kenan Evren of Turkey | Minister Turgut Ozal and President Evren of Turkey, August 1, 1989 | SUBJECT: Telephone Call to Prime Minister Turgut Ozal of Turkey (U). PDF extent: 48 pages. Digital object: 41-bpr-nsc-blackwill_chron-30547-005.pdf. Catalog: https://catalog.archives.gov/id/453248101.",https://catalog.archives.gov/id/453248101,https://s3.dualstack.us-east-1.amazonaws.com/NARAprodstorage/lz/presidential-libraries/bush/gb-nsc/blackwill/chron_2554659/41-bpr-nsc-blackwill_chron-30547-005.pdf
,,,Turkey,787,Supplemental check: 66 selected records; screen high-signal source packets for missed context or appendices.,Context for selected record; screen for additional documents,RS 001-001,Requested source pool: Scowcroft Papers,High-value source pool,High-value EastMed lead,,Presidential Meetings--Memorandum of Conversations 7/11/91-7/22/91,"Supplemental check: 66 selected records; screen high-signal source packets for missed context or appendices. High-value source pool Greece | Greek | Papandreou | Mitsotakis | Cyprus | Cypriot | Vassiliou | Denktash | Turkey | Turkish Already crosswalks to Doc 1.008, Doc 3.050, Doc 3.051, Doc 3.052, Doc 3.053; open for surrounding or enclosed material.",Doc 1.008; Doc 3.050; Doc 3.051; Doc 3.052; Doc 3.053,Greece | Greek | Papandreou | Mitsotakis | Cyprus | Cypriot | Vassiliou | Denktash | Turkey | Turkish,252,366551676,Presidential Correspondence Files,"Source: George H.W. Bush Library, Bush Presidential Records, Brent Scowcroft Collection, Presidential Correspondence Files, Presidential Meetings--Memorandum of Conversations 7/11/91-7/22/91.","Catalog provenance: Catalog access Restricted - Possibly; NAID 366551676. Query hit(s): Greece, Greek, Papandreou, Mitsotakis, Cyprus, Cypriot, Vassiliou, Denktash, Turkey, Turkish, Ozal, Yilmaz, PKK, Aegean, Eastern Mediterranean, Greece / Turkey / Cyprus, memcon, memorandum of conversation. Digital object: 41-bpr-scow-pcor-memcon-91109-001.pdf. Catalog: https://catalog.archives.gov/id/366551676.",https://catalog.archives.gov/id/366551676,https://s3.amazonaws.com/NARAprodstorage/lz/presidential-libraries/bush/gb-gbs/4545941/41-bpr-scow-pcor-memcon-91109-001.pdf
,,,Turkey,785,Supplemental check: 66 selected records; screen high-signal source packets for missed context or appendices.,Context for selected record; screen for additional documents,CC 053,Central Chronological Files,Open first,Open packet first,1991-01-01,January 1991 [3],"Supplemental check: 66 selected records; screen high-signal source packets for missed context or appendices. Open first 03a. Memorandum To: Brent Scowcroft From: Nicholas Burns 1/17/91 (b)(1) S Re: Presidential Message to President Ozal (1 pp.) | 03b. Memorandum To: President Bush From: Brent Scowcroft 1/17/91 (b)(1) S Re: Telephone Ca... Already crosswalks to Doc 1.007, Doc 3.029, Doc 3.030, Doc 3.031, Doc 3.032, Doc 3.033; open for surrounding or enclosed material.",Doc 1.007; Doc 3.029; Doc 3.030; Doc 3.031; Doc 3.032; Doc 3.033,03a. Memorandum To: Brent Scowcroft From: Nicholas Burns 1/17/91 (b)(1) S Re: Presidential Message to President Ozal (1 pp.) | 03b. Memorandum To: President Bush From: Brent Scowcroft 1/17/91 (b)(1) S Re: Telephone Call to President Ozal (1 pp.) | 03c. Talking Points Points to be Made for Call to President Ozal (1 pp.) n.d. (b)(1) | Mitsotakis + memcon | Mitsotakis + telcon | Mitsotakis + memorandum of conversation | Ozal + memcon | Ozal + telcon | Turkey + memorandum of conversation,115,470761737,European and Eurasian Directorate Central Chronological Files,"Source: George H.W. Bush Library, Bush Presidential Records, National Security Council, European and Eurasian Directorate Central Chronological Files, January 1991 [3].","Catalog provenance: Catalog access Restricted - Possibly; NAID 470761737. Query hit(s): Mitsotakis + memcon, Mitsotakis + telcon, Mitsotakis + memorandum of conversation, Ozal + memcon, Ozal + telcon, Turkey + memorandum of conversation. OCR status: First four pages OCR reviewed. OCR signals: 03a. Memorandum To: Brent Scowcroft From: Nicholas Burns 1/17/91 (b)(1) S Re: Presidential Message to President Ozal (1 pp.) | 03b. Memorandum To: President Bush From: Brent Scowcroft 1/17/91 (b)(1) S Re: Telephone Call to President Ozal (1 pp.) | 03c. Talking Points Points to be Made for Call to President Ozal (1 pp.) n.d. (b)(1). PDF extent: 156 pages. Digital object: 41-bpr-nsc-euro_eura-cen_chron-30513-003.pdf. Catalog: https://catalog.archives.gov/id/470761737.",https://catalog.archives.gov/id/470761737,https://s3.dualstack.us-east-1.amazonaws.com/NARAprodstorage/lz/presidential-libraries/bush/gb-nsc/euro_eura_dir_374000108/41-bpr-nsc-euro_eura-cen_chron-30513-003.pdf
,,,Turkey,777,Supplemental check: 66 selected records; screen high-signal source packets for missed context or appendices.,Potential gap-fill addition,BC 008,Blackwill Chronological Files,Open first,Open packet first,1989-06-01,June 1989 [7],Supplemental check: 66 selected records; screen high-signal source packets for missed context or appendices. Open first SUBJECT: Telephone Call to Prime Minister Ozal | of Turkey | Telephone Call to Turkish Prime Minister | Greece | Greek | Mitsotakis | Cyprus | Turkey | Turkish | Ozal | Ozal + Turkey No selected-document crosswalk match above threshold.,,SUBJECT: Telephone Call to Prime Minister Ozal | of Turkey | Telephone Call to Turkish Prime Minister | Greece | Greek | Mitsotakis | Cyprus | Turkey | Turkish | Ozal | Ozal + Turkey,142,453248089,Robert D. Blackwill Chronological Files,"Source: George H.W. Bush Library, Bush Presidential Records, National Security Council, Robert D. Blackwill Chronological Files, June 1989 [7].","Catalog provenance: Catalog access Restricted - Possibly; NAID 453248089. Query hit(s): Greece, Greek, Mitsotakis, Cyprus, Turkey, Turkish, Ozal, Ozal + Turkey, Greece / Turkey / Cyprus, memorandum of conversation, telephone conversation. OCR status: Full PDF OCR reviewed. OCR signals: SUBJECT: Telephone Call to Prime Minister Ozal | of Turkey | Telephone Call to Turkish Prime Minister. PDF extent: 75 pages. Digital object: 41-bpr-nsc-blackwill_chron-30545-007.pdf. Catalog: https://catalog.archives.gov/id/453248089.",https://catalog.archives.gov/id/453248089,https://s3.dualstack.us-east-1.amazonaws.com/NARAprodstorage/lz/presidential-libraries/bush/gb-nsc/blackwill/chron_2554659/41-bpr-nsc-blackwill_chron-30545-007.pdf
,,,Turkey,760,Supplemental check: 66 selected records; screen high-signal source packets for missed context or appendices.,Potential gap-fill addition,CC 078,Central Chronological Files,Open first,Open packet first,1992-10-01,October 1992 [4],Supplemental check: 66 selected records; screen high-signal source packets for missed context or appendices. Open first 10. Telcon Memorandum of Telephone Conversation with Prime Minister 10/2/92 (of) f Demirel of Turkey (2 pp.) | Demirel of Turkey (2 pp.) | llc. Talking Points Points to be Made for Telephone Conversation with Presiden... No selected-document crosswalk match above threshold.,,10. Telcon Memorandum of Telephone Conversation with Prime Minister 10/2/92 (of) f Demirel of Turkey (2 pp.) | Demirel of Turkey (2 pp.) | llc. Talking Points Points to be Made for Telephone Conversation with President n.d. oh) Z Ozal and Prime Minister Demirel of Turkey (1 pp.) | Ozal + telcon | Demirel + telcon | Turkey + memorandum of conversation,55,470761832,European and Eurasian Directorate Central Chronological Files,"Source: George H.W. Bush Library, Bush Presidential Records, National Security Council, European and Eurasian Directorate Central Chronological Files, October 1992 [4].","Catalog provenance: Catalog access Restricted - Possibly; NAID 470761832. Query hit(s): Ozal + telcon, Demirel + telcon, Turkey + memorandum of conversation. OCR status: First four pages OCR reviewed. OCR signals: 10. Telcon Memorandum of Telephone Conversation with Prime Minister 10/2/92 (of) f Demirel of Turkey (2 pp.) | Demirel of Turkey (2 pp.) | llc. Talking Points Points to be Made for Telephone Conversation with President n.d. oh) Z Ozal and Prime Minister Demirel of Turkey (1 pp.). PDF extent: 114 pages. Digital object: 41-bpr-nsc-euro_eura-cen_chron-30530-003.pdf. Catalog: https://catalog.archives.gov/id/470761832.",https://catalog.archives.gov/id/470761832,https://s3.dualstack.us-east-1.amazonaws.com/NARAprodstorage/lz/presidential-libraries/bush/gb-nsc/euro_eura_dir_374000108/41-bpr-nsc-euro_eura-cen_chron-30530-003.pdf
,,,Turkey,744,Supplemental check: 66 selected records; screen high-signal source packets for missed context or appendices.,Potential gap-fill addition,RS 001-004,Requested source pool: Scowcroft Papers,High-value source pool,High-value EastMed lead,,Presidential Meetings--Memorandum of Conversations 2/1/92-2/27/92,Supplemental check: 66 selected records; screen high-signal source packets for missed context or appendices. High-value source pool Greece | Greek | Mitsotakis | Cyprus | Denktash | Turkey | Turkish | Demirel | PKK | Aegean No selected-document crosswalk match above threshold.,,Greece | Greek | Mitsotakis | Cyprus | Denktash | Turkey | Turkish | Demirel | PKK | Aegean,174,366551681,Presidential Correspondence Files,"Source: George H.W. Bush Library, Bush Presidential Records, Brent Scowcroft Collection, Presidential Correspondence Files, Presidential Meetings--Memorandum of Conversations 2/1/92-2/27/92.","Catalog provenance: Catalog access Restricted - Possibly; NAID 366551681. Query hit(s): Greece, Greek, Mitsotakis, Cyprus, Denktash, Turkey, Turkish, Demirel, PKK, Aegean, Greece / Turkey / Cyprus, memcon, memorandum of conversation. Digital object: 41-bpr-scow-pcor-memcon-91109-006.pdf. Catalog: https://catalog.archives.gov/id/366551681.",https://catalog.archives.gov/id/366551681,https://s3.amazonaws.com/NARAprodstorage/lz/presidential-libraries/bush/gb-gbs/4545941/41-bpr-scow-pcor-memcon-91109-006.pdf
,,,Regional,1017,"Largest apparent gap: 1 selected record versus 39 Scout, 40 Central, 41 Blackwill Chron, 17 Gates, and 59 requested-pool leads.",Context for selected record; screen for additional documents,RS 001-001,Requested source pool: Scowcroft Papers,High-value source pool,High-value EastMed lead,,Presidential Meetings--Memorandum of Conversations 7/11/91-7/22/91,"Largest apparent gap: 1 selected record versus 39 Scout, 40 Central, 41 Blackwill Chron, 17 Gates, and 59 requested-pool leads. High-value source pool Greece | Greek | Papandreou | Mitsotakis | Cyprus | Cypriot | Vassiliou | Denktash | Turkey | Turkish Already crosswalks to Doc 1.008, Doc 3.050, Doc 3.051, Doc 3.052, Doc 3.053; open for surrounding or enclosed material.",Doc 1.008; Doc 3.050; Doc 3.051; Doc 3.052; Doc 3.053,Greece | Greek | Papandreou | Mitsotakis | Cyprus | Cypriot | Vassiliou | Denktash | Turkey | Turkish,252,366551676,Presidential Correspondence Files,"Source: George H.W. Bush Library, Bush Presidential Records, Brent Scowcroft Collection, Presidential Correspondence Files, Presidential Meetings--Memorandum of Conversations 7/11/91-7/22/91.","Catalog provenance: Catalog access Restricted - Possibly; NAID 366551676. Query hit(s): Greece, Greek, Papandreou, Mitsotakis, Cyprus, Cypriot, Vassiliou, Denktash, Turkey, Turkish, Ozal, Yilmaz, PKK, Aegean, Eastern Mediterranean, Greece / Turkey / Cyprus, memcon, memorandum of conversation. Digital object: 41-bpr-scow-pcor-memcon-91109-001.pdf. Catalog: https://catalog.archives.gov/id/366551676.",https://catalog.archives.gov/id/366551676,https://s3.amazonaws.com/NARAprodstorage/lz/presidential-libraries/bush/gb-gbs/4545941/41-bpr-scow-pcor-memcon-91109-001.pdf
,,,Regional,974,"Largest apparent gap: 1 selected record versus 39 Scout, 40 Central, 41 Blackwill Chron, 17 Gates, and 59 requested-pool leads.",Potential gap-fill addition,RS 001-004,Requested source pool: Scowcroft Papers,High-value source pool,High-value EastMed lead,,Presidential Meetings--Memorandum of Conversations 2/1/92-2/27/92,"Largest apparent gap: 1 selected record versus 39 Scout, 40 Central, 41 Blackwill Chron, 17 Gates, and 59 requested-pool leads. High-value source pool Greece | Greek | Mitsotakis | Cyprus | Denktash | Turkey | Turkish | Demirel | PKK | Aegean No selected-document crosswalk match above threshold.",,Greece | Greek | Mitsotakis | Cyprus | Denktash | Turkey | Turkish | Demirel | PKK | Aegean,174,366551681,Presidential Correspondence Files,"Source: George H.W. Bush Library, Bush Presidential Records, Brent Scowcroft Collection, Presidential Correspondence Files, Presidential Meetings--Memorandum of Conversations 2/1/92-2/27/92.","Catalog provenance: Catalog access Restricted - Possibly; NAID 366551681. Query hit(s): Greece, Greek, Mitsotakis, Cyprus, Denktash, Turkey, Turkish, Demirel, PKK, Aegean, Greece / Turkey / Cyprus, memcon, memorandum of conversation. Digital object: 41-bpr-scow-pcor-memcon-91109-006.pdf. Catalog: https://catalog.archives.gov/id/366551681.",https://catalog.archives.gov/id/366551681,https://s3.amazonaws.com/NARAprodstorage/lz/presidential-libraries/bush/gb-gbs/4545941/41-bpr-scow-pcor-memcon-91109-006.pdf
,,,Regional,962,"Largest apparent gap: 1 selected record versus 39 Scout, 40 Central, 41 Blackwill Chron, 17 Gates, and 59 requested-pool leads.",Context for selected record; screen for additional documents,RS 001-002,Requested source pool: Scowcroft Papers,High-value source pool,High-value EastMed lead,,Presidential Meetings--Memorandum of Conversations 7/9/92-12/22/92,"Largest apparent gap: 1 selected record versus 39 Scout, 40 Central, 41 Blackwill Chron, 17 Gates, and 59 requested-pool leads. High-value source pool Greece | Greek | Papandreou | Mitsotakis | Cyprus | Cypriot | Vassiliou | Denktash | Clerides | Demirel Already crosswalks to Doc 1.013, Doc 1.014, Doc 3.063; open for surrounding or enclosed material.",Doc 1.013; Doc 1.014; Doc 3.063,Greece | Greek | Papandreou | Mitsotakis | Cyprus | Cypriot | Vassiliou | Denktash | Clerides | Demirel,197,366551685,Presidential Correspondence Files,"Source: George H.W. Bush Library, Bush Presidential Records, Brent Scowcroft Collection, Presidential Correspondence Files, Presidential Meetings--Memorandum of Conversations 7/9/92-12/22/92.","Catalog provenance: Catalog access Restricted - Possibly; NAID 366551685. Query hit(s): Greece, Greek, Papandreou, Mitsotakis, Cyprus, Cypriot, Vassiliou, Denktash, Clerides, Demirel, PKK, Greece / Turkey / Cyprus, memcon, memorandum of conversation. Digital object: 41-bpr-scow-pcor-memcon-91110-002.pdf. Catalog: https://catalog.archives.gov/id/366551685.",https://catalog.archives.gov/id/366551685,https://s3.amazonaws.com/NARAprodstorage/lz/presidential-libraries/bush/gb-gbs/4545941/41-bpr-scow-pcor-memcon-91110-002.pdf
,,,Regional,942,"Largest apparent gap: 1 selected record versus 39 Scout, 40 Central, 41 Blackwill Chron, 17 Gates, and 59 requested-pool leads.",Context for selected record; screen for additional documents,RS 001-003,Requested source pool: Scowcroft Papers,High-value source pool,High-value EastMed lead,,Presidential Meetings--Memorandum of Conversations 3/3/92-4/28/92,"Largest apparent gap: 1 selected record versus 39 Scout, 40 Central, 41 Blackwill Chron, 17 Gates, and 59 requested-pool leads. High-value source pool Greece | Greek | Mitsotakis | Cyprus | Cypriot | Vassiliou | Denktash | Turkish | Demirel | Eastern Mediterranean Already crosswalks to Doc 2.003; open for surrounding or enclosed material.",Doc 2.003,Greece | Greek | Mitsotakis | Cyprus | Cypriot | Vassiliou | Denktash | Turkish | Demirel | Eastern Mediterranean,177,366551682,Presidential Correspondence Files,"Source: George H.W. Bush Library, Bush Presidential Records, Brent Scowcroft Collection, Presidential Correspondence Files, Presidential Meetings--Memorandum of Conversations 3/3/92-4/28/92.","Catalog provenance: Catalog access Restricted - Possibly; NAID 366551682. Query hit(s): Greece, Greek, Mitsotakis, Cyprus, Cypriot, Vassiliou, Denktash, Turkish, Demirel, Eastern Mediterranean, Greece / Turkey / Cyprus, memcon, memorandum of conversation. Digital object: 41-bpr-scow-pcor-memcon-91109-007.pdf. Catalog: https://catalog.archives.gov/id/366551682.",https://catalog.archives.gov/id/366551682,https://s3.amazonaws.com/NARAprodstorage/lz/presidential-libraries/bush/gb-gbs/4545941/41-bpr-scow-pcor-memcon-91109-007.pdf
,,,Regional,937,"Largest apparent gap: 1 selected record versus 39 Scout, 40 Central, 41 Blackwill Chron, 17 Gates, and 59 requested-pool leads.",Context for selected record; screen for additional documents,RS 001-005,Requested source pool: Scowcroft Papers,High-value source pool,High-value EastMed lead,,Presidential Telephone Calls--Memorandum of Conversations 8/22/90-10/5/90,"Largest apparent gap: 1 selected record versus 39 Scout, 40 Central, 41 Blackwill Chron, 17 Gates, and 59 requested-pool leads. High-value source pool Greece | Greek | Mitsotakis | Cyprus | Vassiliou | Turkey | Turkish | Ozal | Eastern Mediterranean | Greece / Turkey / Cyprus Already crosswalks to Doc 1.005, Doc 2.002, Doc 3.018, Doc 3.019, Doc 3.020, Doc 3.021; open for surrounding or enclosed material.",Doc 1.005; Doc 2.002; Doc 3.018; Doc 3.019; Doc 3.020; Doc 3.021,Greece | Greek | Mitsotakis | Cyprus | Vassiliou | Turkey | Turkish | Ozal | Eastern Mediterranean | Greece / Turkey / Cyprus,172,366551694,Presidential Correspondence Files,"Source: George H.W. Bush Library, Bush Presidential Records, Brent Scowcroft Collection, Presidential Correspondence Files, Presidential Telephone Calls--Memorandum of Conversations 8/22/90-10/5/90.","Catalog provenance: Catalog access Restricted - Possibly; NAID 366551694. Query hit(s): Greece, Greek, Mitsotakis, Cyprus, Vassiliou, Turkey, Turkish, Ozal, Eastern Mediterranean, Greece / Turkey / Cyprus, telcon, memorandum of conversation, telephone conversation. Digital object: 41-bpr-scow-pcor-telcon-91112-002.pdf. Catalog: https://catalog.archives.gov/id/366551694.",https://catalog.archives.gov/id/366551694,https://s3.amazonaws.com/NARAprodstorage/lz/presidential-libraries/bush/gb-gbs/4545941/41-bpr-scow-pcor-telcon-91112-002.pdf
,,,Regional,925,"Largest apparent gap: 1 selected record versus 39 Scout, 40 Central, 41 Blackwill Chron, 17 Gates, and 59 requested-pool leads.",Context for selected record; screen for additional documents,RS 001-007,Requested source pool: Scowcroft Papers,High-value source pool,High-value EastMed lead,,Presidential Meetings--Memorandum of Conversations 1/11/90-2/21/90,"Largest apparent gap: 1 selected record versus 39 Scout, 40 Central, 41 Blackwill Chron, 17 Gates, and 59 requested-pool leads. High-value source pool Greece | Greek | Cyprus | Vassiliou | Denktash | Turkey | Turkish | Ozal | Eastern Mediterranean | Greece / Turkey / Cyprus Already crosswalks to Doc 3.008, Doc 3.009; open for surrounding or enclosed material.",Doc 3.008; Doc 3.009,Greece | Greek | Cyprus | Vassiliou | Denktash | Turkey | Turkish | Ozal | Eastern Mediterranean | Greece / Turkey / Cyprus,160,366551666,Presidential Correspondence Files,"Source: George H.W. Bush Library, Bush Presidential Records, Brent Scowcroft Collection, Presidential Correspondence Files, Presidential Meetings--Memorandum of Conversations 1/11/90-2/21/90.","Catalog provenance: Catalog access Restricted - Possibly; NAID 366551666. Query hit(s): Greece, Greek, Cyprus, Vassiliou, Denktash, Turkey, Turkish, Ozal, Eastern Mediterranean, Greece / Turkey / Cyprus, memcon, memorandum of conversation. Digital object: 41-bpr-scow-pcor-memcon-91107-007.pdf. Catalog: https://catalog.archives.gov/id/366551666.",https://catalog.archives.gov/id/366551666,https://s3.amazonaws.com/NARAprodstorage/lz/presidential-libraries/bush/gb-gbs/4545941/41-bpr-scow-pcor-memcon-91107-007.pdf
,,,Regional,921,"Largest apparent gap: 1 selected record versus 39 Scout, 40 Central, 41 Blackwill Chron, 17 Gates, and 59 requested-pool leads.",Context for selected record; screen for additional documents,RS 001-008,Requested source pool: Scowcroft Papers,High-value source pool,High-value EastMed lead,,Presidential Meetings--Memorandum of Conversations 11/13/90-12/21/90,"Largest apparent gap: 1 selected record versus 39 Scout, 40 Central, 41 Blackwill Chron, 17 Gates, and 59 requested-pool leads. High-value source pool Greece | Greek | Mitsotakis | Cyprus | Denktash | Turkey | Turkish | Ozal | Incirlik | Greece / Turkey / Cyprus Already crosswalks to Doc 1.006, Doc 3.024; open for surrounding or enclosed material.",Doc 1.006; Doc 3.024,Greece | Greek | Mitsotakis | Cyprus | Denktash | Turkey | Turkish | Ozal | Incirlik | Greece / Turkey / Cyprus,156,366551672,Presidential Correspondence Files,"Source: George H.W. Bush Library, Bush Presidential Records, Brent Scowcroft Collection, Presidential Correspondence Files, Presidential Meetings--Memorandum of Conversations 11/13/90-12/21/90.","Catalog provenance: Catalog access Restricted - Possibly; NAID 366551672. Query hit(s): Greece, Greek, Mitsotakis, Cyprus, Denktash, Turkey, Turkish, Ozal, Incirlik, Greece / Turkey / Cyprus, memcon, memorandum of conversation. Digital object: 41-bpr-scow-pcor-memcon-91108-003.pdf. Catalog: https://catalog.archives.gov/id/366551672.",https://catalog.archives.gov/id/366551672,https://s3.amazonaws.com/NARAprodstorage/lz/presidential-libraries/bush/gb-gbs/4545941/41-bpr-scow-pcor-memcon-91108-003.pdf
,,,Regional,912,"Largest apparent gap: 1 selected record versus 39 Scout, 40 Central, 41 Blackwill Chron, 17 Gates, and 59 requested-pool leads.",Potential gap-fill addition,RS 001-020,Requested source pool: Scowcroft Papers,High-value source pool,High-value EastMed lead,,Presidential Meetings--Memorandum of Conversations 5/1/92-6/17/92,"Largest apparent gap: 1 selected record versus 39 Scout, 40 Central, 41 Blackwill Chron, 17 Gates, and 59 requested-pool leads. High-value source pool Greek | Cyprus | Vassiliou | Denktash | Demirel | Eastern Mediterranean | memcon | memorandum of conversation No selected-document crosswalk match above threshold.",,Greek | Cyprus | Vassiliou | Denktash | Demirel | Eastern Mediterranean | memcon | memorandum of conversation,112,366551683,Presidential Correspondence Files,"Source: George H.W. Bush Library, Bush Presidential Records, Brent Scowcroft Collection, Presidential Correspondence Files, Presidential Meetings--Memorandum of Conversations 5/1/92-6/17/92.","Catalog provenance: Catalog access Restricted - Possibly; NAID 366551683. Query hit(s): Greek, Cyprus, Vassiliou, Denktash, Demirel, Eastern Mediterranean, memcon, memorandum of conversation. Digital object: 41-bpr-scow-pcor-memcon-91109-008.pdf. Catalog: https://catalog.archives.gov/id/366551683.",https://catalog.archives.gov/id/366551683,https://s3.amazonaws.com/NARAprodstorage/lz/presidential-libraries/bush/gb-gbs/4545941/41-bpr-scow-pcor-memcon-91109-008.pdf
,,,Regional,910,"Largest apparent gap: 1 selected record versus 39 Scout, 40 Central, 41 Blackwill Chron, 17 Gates, and 59 requested-pool leads.",Context for selected record; screen for additional documents,RS 001-010,Requested source pool: Scowcroft Papers,High-value source pool,High-value EastMed lead,,Presidential Meetings--Memorandum of Conversations 7/1/92-7/9/92,"Largest apparent gap: 1 selected record versus 39 Scout, 40 Central, 41 Blackwill Chron, 17 Gates, and 59 requested-pool leads. High-value source pool Greece | Mitsotakis | Cyprus | Vassiliou | Denktash | Demirel | Yilmaz | Greece / Turkey / Cyprus | memcon | memorandum of conversation Already crosswalks to Doc 1.013, Doc 3.063; open for surrounding or enclosed material.",Doc 1.013; Doc 3.063,Greece | Mitsotakis | Cyprus | Vassiliou | Denktash | Demirel | Yilmaz | Greece / Turkey / Cyprus | memcon | memorandum of conversation,145,366551684,Presidential Correspondence Files,"Source: George H.W. Bush Library, Bush Presidential Records, Brent Scowcroft Collection, Presidential Correspondence Files, Presidential Meetings--Memorandum of Conversations 7/1/92-7/9/92.","Catalog provenance: Catalog access Restricted - Possibly; NAID 366551684. Query hit(s): Greece, Mitsotakis, Cyprus, Vassiliou, Denktash, Demirel, Yilmaz, Greece / Turkey / Cyprus, memcon, memorandum of conversation. Digital object: 41-bpr-scow-pcor-memcon-91110-001.pdf. Catalog: https://catalog.archives.gov/id/366551684.",https://catalog.archives.gov/id/366551684,https://s3.amazonaws.com/NARAprodstorage/lz/presidential-libraries/bush/gb-gbs/4545941/41-bpr-scow-pcor-memcon-91110-001.pdf
,,,Regional,906,"Largest apparent gap: 1 selected record versus 39 Scout, 40 Central, 41 Blackwill Chron, 17 Gates, and 59 requested-pool leads.",Context for selected record; screen for additional documents,RS 001-013,Requested source pool: Scowcroft Papers,High-value source pool,High-value EastMed lead,,Presidential Telephone Calls--Memorandum of Conversations 8/5/91-9/25/91,"Largest apparent gap: 1 selected record versus 39 Scout, 40 Central, 41 Blackwill Chron, 17 Gates, and 59 requested-pool leads. High-value source pool Mitsotakis | Cyprus | Denktash | Turkey | Ozal | Yilmaz | Greece / Turkey / Cyprus | telcon | memorandum of conversation | telephone conversation Already crosswalks to Doc 3.054, Doc 3.055; open for surrounding or enclosed material.",Doc 3.054; Doc 3.055,Mitsotakis | Cyprus | Denktash | Turkey | Ozal | Yilmaz | Greece / Turkey / Cyprus | telcon | memorandum of conversation | telephone conversation,141,366551701,Presidential Correspondence Files,"Source: George H.W. Bush Library, Bush Presidential Records, Brent Scowcroft Collection, Presidential Correspondence Files, Presidential Telephone Calls--Memorandum of Conversations 8/5/91-9/25/91.","Catalog provenance: Catalog access Restricted - Possibly; NAID 366551701. Query hit(s): Mitsotakis, Cyprus, Denktash, Turkey, Ozal, Yilmaz, Greece / Turkey / Cyprus, telcon, memorandum of conversation, telephone conversation. Digital object: 41-bpr-scow-pcor-telcon-91113-001.pdf. Catalog: https://catalog.archives.gov/id/366551701.",https://catalog.archives.gov/id/366551701,https://s3.amazonaws.com/NARAprodstorage/lz/presidential-libraries/bush/gb-gbs/4545941/41-bpr-scow-pcor-telcon-91113-001.pdf
,,,Regional,905,"Largest apparent gap: 1 selected record versus 39 Scout, 40 Central, 41 Blackwill Chron, 17 Gates, and 59 requested-pool leads.",Potential gap-fill addition,RS 001-021,Requested source pool: Scowcroft Papers,High-value source pool,High-value EastMed lead,,Desert Shield/Desert Storm (November 1990) [2],"Largest apparent gap: 1 selected record versus 39 Scout, 40 Central, 41 Blackwill Chron, 17 Gates, and 59 requested-pool leads. High-value source pool Greek | Mitsotakis | Cyprus | Turkey | Turkish | Ozal | Greece / Turkey / Cyprus | telcon No selected-document crosswalk match above threshold.",,Greek | Mitsotakis | Cyprus | Turkey | Turkish | Ozal | Greece / Turkey / Cyprus | telcon,105,366551964,Desert Shield and Desert Storm Files,"Source: George H.W. Bush Library, Bush Presidential Records, Brent Scowcroft Collection, Desert Shield and Desert Storm Files, Desert Shield/Desert Storm (November 1990) [2].","Catalog provenance: Catalog access Restricted - Possibly; NAID 366551964. Query hit(s): Greek, Mitsotakis, Cyprus, Turkey, Turkish, Ozal, Greece / Turkey / Cyprus, telcon. Digital object: 41-bpr-scow-dsds-chr-91145-001.pdf. Catalog: https://catalog.archives.gov/id/366551964.",https://catalog.archives.gov/id/366551964,https://s3.amazonaws.com/NARAprodstorage/lz/presidential-libraries/bush/gb-gbs/4708319/41-bpr-scow-dsds-chr-91145-001.pdf
,,,Regional,903,"Largest apparent gap: 1 selected record versus 39 Scout, 40 Central, 41 Blackwill Chron, 17 Gates, and 59 requested-pool leads.",Context for selected record; screen for additional documents,RS 001-014,Requested source pool: Scowcroft Papers,High-value source pool,High-value EastMed lead,,Presidential Meetings--Memorandum of Conversations 10/16/91-12/17/91,"Largest apparent gap: 1 selected record versus 39 Scout, 40 Central, 41 Blackwill Chron, 17 Gates, and 59 requested-pool leads. High-value source pool Greece | Greek | Mitsotakis | Cyprus | Vassiliou | Demirel | Yilmaz | Greece / Turkey / Cyprus | memcon | memorandum of conversation Already crosswalks to Doc 1.009, Doc 1.010, Doc 1.011; open for surrounding or enclosed material.",Doc 1.009; Doc 1.010; Doc 1.011,Greece | Greek | Mitsotakis | Cyprus | Vassiliou | Demirel | Yilmaz | Greece / Turkey / Cyprus | memcon | memorandum of conversation,138,366551679,Presidential Correspondence Files,"Source: George H.W. Bush Library, Bush Presidential Records, Brent Scowcroft Collection, Presidential Correspondence Files, Presidential Meetings--Memorandum of Conversations 10/16/91-12/17/91.","Catalog provenance: Catalog access Restricted - Possibly; NAID 366551679. Query hit(s): Greece, Greek, Mitsotakis, Cyprus, Vassiliou, Demirel, Yilmaz, Greece / Turkey / Cyprus, memcon, memorandum of conversation. Digital object: 41-bpr-scow-pcor-memcon-91109-004.pdf. Catalog: https://catalog.archives.gov/id/366551679.",https://catalog.archives.gov/id/366551679,https://s3.amazonaws.com/NARAprodstorage/lz/presidential-libraries/bush/gb-gbs/4545941/41-bpr-scow-pcor-memcon-91109-004.pdf
,,,Regional,902,"Largest apparent gap: 1 selected record versus 39 Scout, 40 Central, 41 Blackwill Chron, 17 Gates, and 59 requested-pool leads.",Potential gap-fill addition,BC 006,Blackwill Chronological Files,High-value source pool,High-value EastMed search lead,1989-04-01,April 1989 [2],"Largest apparent gap: 1 selected record versus 39 Scout, 40 Central, 41 Blackwill Chron, 17 Gates, and 59 requested-pool leads. High-value source pool Greece | Greek | Papandreou | Cyprus | Cypriot | Turkey | Turkish | Ozal No selected-document crosswalk match above threshold.",,Greece | Greek | Papandreou | Cyprus | Cypriot | Turkey | Turkish | Ozal,167,453248066,Robert D. Blackwill Chronological Files,"Source: George H.W. Bush Library, Bush Presidential Records, National Security Council, Robert D. Blackwill Chronological Files, April 1989 [2].","Catalog provenance: Catalog access Restricted - Possibly; NAID 453248066. Query hit(s): Greece, Greek, Papandreou, Cyprus, Cypriot, Turkey, Turkish, Ozal, Ozal + Turkey, Aegean, Eastern Mediterranean, Greece / Turkey / Cyprus. OCR status: First four pages OCR reviewed. PDF extent: 139 pages. Digital object: 41-bpr-nsc-blackwill_chron-30542-002.pdf. Catalog: https://catalog.archives.gov/id/453248066.",https://catalog.archives.gov/id/453248066,https://s3.dualstack.us-east-1.amazonaws.com/NARAprodstorage/lz/presidential-libraries/bush/gb-nsc/blackwill/chron_2554659/41-bpr-nsc-blackwill_chron-30542-002.pdf
,,,Regional,902,"Largest apparent gap: 1 selected record versus 39 Scout, 40 Central, 41 Blackwill Chron, 17 Gates, and 59 requested-pool leads.",Context for selected record; screen for additional documents,RS 001-015,Requested source pool: Scowcroft Papers,High-value source pool,High-value EastMed lead,,Presidential Meetings--Memorandum of Conversations 5/17/90-6/26/90,"Largest apparent gap: 1 selected record versus 39 Scout, 40 Central, 41 Blackwill Chron, 17 Gates, and 59 requested-pool leads. High-value source pool Greece | Greek | Papandreou | Mitsotakis | Cyprus | Vassiliou | Demirel | Greece / Turkey / Cyprus | memcon | memorandum of conversation Already crosswalks to Doc 1.004; open for surrounding or enclosed material.",Doc 1.004,Greece | Greek | Papandreou | Mitsotakis | Cyprus | Vassiliou | Demirel | Greece / Turkey / Cyprus | memcon | memorandum of conversation,137,366551669,Presidential Correspondence Files,"Source: George H.W. Bush Library, Bush Presidential Records, Brent Scowcroft Collection, Presidential Correspondence Files, Presidential Meetings--Memorandum of Conversations 5/17/90-6/26/90.","Catalog provenance: Catalog access Restricted - Possibly; NAID 366551669. Query hit(s): Greece, Greek, Papandreou, Mitsotakis, Cyprus, Vassiliou, Demirel, Greece / Turkey / Cyprus, memcon, memorandum of conversation. Digital object: 41-bpr-scow-pcor-memcon-91107-010.pdf. Catalog: https://catalog.archives.gov/id/366551669.",https://catalog.archives.gov/id/366551669,https://s3.amazonaws.com/NARAprodstorage/lz/presidential-libraries/bush/gb-gbs/4545941/41-bpr-scow-pcor-memcon-91107-010.pdf
,,,Regional,901,"Largest apparent gap: 1 selected record versus 39 Scout, 40 Central, 41 Blackwill Chron, 17 Gates, and 59 requested-pool leads.",Potential gap-fill addition,RS 001-024,Requested source pool: Scowcroft Papers,High-value source pool,High-value EastMed lead,,Presidential Meetings--Memorandum of Conversations 7/24/91-9/24/91,"Largest apparent gap: 1 selected record versus 39 Scout, 40 Central, 41 Blackwill Chron, 17 Gates, and 59 requested-pool leads. High-value source pool Mitsotakis | Cyprus | Denktash | Yilmaz | Greece / Turkey / Cyprus | memcon | memorandum of conversation No selected-document crosswalk match above threshold.",,Mitsotakis | Cyprus | Denktash | Yilmaz | Greece / Turkey / Cyprus | memcon | memorandum of conversation,101,366551677,Presidential Correspondence Files,"Source: George H.W. Bush Library, Bush Presidential Records, Brent Scowcroft Collection, Presidential Correspondence Files, Presidential Meetings--Memorandum of Conversations 7/24/91-9/24/91.","Catalog provenance: Catalog access Restricted - Possibly; NAID 366551677. Query hit(s): Mitsotakis, Cyprus, Denktash, Yilmaz, Greece / Turkey / Cyprus, memcon, memorandum of conversation. Digital object: 41-bpr-scow-pcor-memcon-91109-002.pdf. Catalog: https://catalog.archives.gov/id/366551677.",https://catalog.archives.gov/id/366551677,https://s3.amazonaws.com/NARAprodstorage/lz/presidential-libraries/bush/gb-gbs/4545941/41-bpr-scow-pcor-memcon-91109-002.pdf
,,,Regional,899,"Largest apparent gap: 1 selected record versus 39 Scout, 40 Central, 41 Blackwill Chron, 17 Gates, and 59 requested-pool leads.",Context for selected record; screen for additional documents,RS 001-016,Requested source pool: Scowcroft Papers,High-value source pool,High-value EastMed lead,,Presidential Meetings--Memorandum of Conversations 10/3/89-12/16/89,"Largest apparent gap: 1 selected record versus 39 Scout, 40 Central, 41 Blackwill Chron, 17 Gates, and 59 requested-pool leads. High-value source pool Greek | Cyprus | Cypriot | Vassiliou | Denktash | Turkish | Eastern Mediterranean | Greece / Turkey / Cyprus | memcon | memorandum of conversation Already crosswalks to Doc 2.001; open for surrounding or enclosed material.",Doc 2.001,Greek | Cyprus | Cypriot | Vassiliou | Denktash | Turkish | Eastern Mediterranean | Greece / Turkey / Cyprus | memcon | memorandum of conversation,134,366551665,Presidential Correspondence Files,"Source: George H.W. Bush Library, Bush Presidential Records, Brent Scowcroft Collection, Presidential Correspondence Files, Presidential Meetings--Memorandum of Conversations 10/3/89-12/16/89.","Catalog provenance: Catalog access Restricted - Possibly; NAID 366551665. Query hit(s): Greek, Cyprus, Cypriot, Vassiliou, Denktash, Turkish, Eastern Mediterranean, Greece / Turkey / Cyprus, memcon, memorandum of conversation. Digital object: 41-bpr-scow-pcor-memcon-91107-006.pdf. Catalog: https://catalog.archives.gov/id/366551665.",https://catalog.archives.gov/id/366551665,https://s3.amazonaws.com/NARAprodstorage/lz/presidential-libraries/bush/gb-gbs/4545941/41-bpr-scow-pcor-memcon-91107-006.pdf
,,,Regional,895,"Largest apparent gap: 1 selected record versus 39 Scout, 40 Central, 41 Blackwill Chron, 17 Gates, and 59 requested-pool leads.",Potential gap-fill addition,RS 001-006,Requested source pool: Scowcroft Papers,High-value source pool,High-value EastMed lead,,Presidential Listing of 1989-1992 Meetings/Telephone Calls,"Largest apparent gap: 1 selected record versus 39 Scout, 40 Central, 41 Blackwill Chron, 17 Gates, and 59 requested-pool leads. High-value source pool Greece | Papandreou | Mitsotakis | Zolotas | Cyprus | Vassiliou | Turkey | Ozal | Demirel | Yilmaz No selected-document crosswalk match above threshold.",,Greece | Papandreou | Mitsotakis | Zolotas | Cyprus | Vassiliou | Turkey | Ozal | Demirel | Yilmaz,165,366552177,Brent Scowcroft Administrative Files,"Source: George H.W. Bush Library, Bush Presidential Records, Brent Scowcroft Collection, Brent Scowcroft Administrative Files, Presidential Listing of 1989-1992 Meetings/Telephone Calls.","Catalog provenance: Catalog access Restricted - Possibly; NAID 366552177. Query hit(s): Greece, Papandreou, Mitsotakis, Zolotas, Cyprus, Vassiliou, Turkey, Ozal, Demirel, Yilmaz, Greece / Turkey / Cyprus. Digital object: 41-bpr-scow-admin-85038-002.pdf. Catalog: https://catalog.archives.gov/id/366552177.",https://catalog.archives.gov/id/366552177,https://s3.dualstack.us-east-1.amazonaws.com/NARAprodstorage/lz/presidential-libraries/bush/gb-gbs/74785770/41-bpr-scow-admin-85038-002.pdf
,,,Regional,890,"Largest apparent gap: 1 selected record versus 39 Scout, 40 Central, 41 Blackwill Chron, 17 Gates, and 59 requested-pool leads.",Context for selected record; screen for additional documents,RS 001-017,Requested source pool: Scowcroft Papers,High-value source pool,High-value EastMed lead,,Presidential Telephone Calls--Memorandum of Conversations 4/10/92-6/30/92,"Largest apparent gap: 1 selected record versus 39 Scout, 40 Central, 41 Blackwill Chron, 17 Gates, and 59 requested-pool leads. High-value source pool Mitsotakis | Cyprus | Denktash | Turkey | Demirel | Greece / Turkey / Cyprus | telcon | memorandum of conversation | telephone conversation Already crosswalks to Doc 1.012, Doc 3.060, Doc 3.061, Doc 3.062; open for surrounding or enclosed material.",Doc 1.012; Doc 3.060; Doc 3.061; Doc 3.062,Mitsotakis | Cyprus | Denktash | Turkey | Demirel | Greece / Turkey / Cyprus | telcon | memorandum of conversation | telephone conversation,125,366551704,Presidential Correspondence Files,"Source: George H.W. Bush Library, Bush Presidential Records, Brent Scowcroft Collection, Presidential Correspondence Files, Presidential Telephone Calls--Memorandum of Conversations 4/10/92-6/30/92.","Catalog provenance: Catalog access Restricted - Possibly; NAID 366551704. Query hit(s): Mitsotakis, Cyprus, Denktash, Turkey, Demirel, Greece / Turkey / Cyprus, telcon, memorandum of conversation, telephone conversation. Digital object: 41-bpr-scow-pcor-telcon-91113-004.pdf. Catalog: https://catalog.archives.gov/id/366551704.",https://catalog.archives.gov/id/366551704,https://s3.amazonaws.com/NARAprodstorage/lz/presidential-libraries/bush/gb-gbs/4545941/41-bpr-scow-pcor-telcon-91113-004.pdf
,,,Regional,889,"Largest apparent gap: 1 selected record versus 39 Scout, 40 Central, 41 Blackwill Chron, 17 Gates, and 59 requested-pool leads.",Context for selected record; screen for additional documents,BC 005,Blackwill Chronological Files,High-value source pool,High-value EastMed search lead,1989-07-01,July 1989 [1],"Largest apparent gap: 1 selected record versus 39 Scout, 40 Central, 41 Blackwill Chron, 17 Gates, and 59 requested-pool leads. High-value source pool Greece | Greek | Cyprus | Cypriot | Vassiliou | Vassiliou + Cyprus | Denktash | Turkey Already crosswalks to Doc 3.003; open for surrounding or enclosed material.",Doc 3.003,Greece | Greek | Cyprus | Cypriot | Vassiliou | Vassiliou + Cyprus | Denktash | Turkey,189,453248090,Robert D. Blackwill Chronological Files,"Source: George H.W. Bush Library, Bush Presidential Records, National Security Council, Robert D. Blackwill Chronological Files, July 1989 [1].","Catalog provenance: Catalog access Restricted - Possibly; NAID 453248090. Query hit(s): Greece, Greek, Cyprus, Cypriot, Vassiliou, Vassiliou + Cyprus, Denktash, Turkey, Turkish, Ozal, Ozal + Turkey, Greece / Turkey / Cyprus, memorandum of conversation, telephone conversation. OCR status: First four pages OCR reviewed. PDF extent: 135 pages. Digital object: 41-bpr-nsc-blackwill_chron-30546-001.pdf. Catalog: https://catalog.archives.gov/id/453248090.",https://catalog.archives.gov/id/453248090,https://s3.dualstack.us-east-1.amazonaws.com/NARAprodstorage/lz/presidential-libraries/bush/gb-nsc/blackwill/chron_2554659/41-bpr-nsc-blackwill_chron-30546-001.pdf
,,,Regional,889,"Largest apparent gap: 1 selected record versus 39 Scout, 40 Central, 41 Blackwill Chron, 17 Gates, and 59 requested-pool leads.",Context for selected record; screen for additional documents,RS 001-018,Requested source pool: Scowcroft Papers,High-value source pool,High-value EastMed lead,,Presidential Telephone Calls--Memorandum of Conversations 7/10/92-11/5/92,"Largest apparent gap: 1 selected record versus 39 Scout, 40 Central, 41 Blackwill Chron, 17 Gates, and 59 requested-pool leads. High-value source pool Greece | Mitsotakis | Turkey | Ozal | Demirel | Greece / Turkey / Cyprus | telcon | memorandum of conversation | telephone conversation Already crosswalks to Doc 3.064; open for surrounding or enclosed material.",Doc 3.064,Greece | Mitsotakis | Turkey | Ozal | Demirel | Greece / Turkey / Cyprus | telcon | memorandum of conversation | telephone conversation,124,366551705,Presidential Correspondence Files,"Source: George H.W. Bush Library, Bush Presidential Records, Brent Scowcroft Collection, Presidential Correspondence Files, Presidential Telephone Calls--Memorandum of Conversations 7/10/92-11/5/92.","Catalog provenance: Catalog access Restricted - Possibly; NAID 366551705. Query hit(s): Greece, Mitsotakis, Turkey, Ozal, Demirel, Greece / Turkey / Cyprus, telcon, memorandum of conversation, telephone conversation. Digital object: 41-bpr-scow-pcor-telcon-91113-005.pdf. Catalog: https://catalog.archives.gov/id/366551705.",https://catalog.archives.gov/id/366551705,https://s3.amazonaws.com/NARAprodstorage/lz/presidential-libraries/bush/gb-gbs/4545941/41-bpr-scow-pcor-telcon-91113-005.pdf
,,,Regional,889,"Largest apparent gap: 1 selected record versus 39 Scout, 40 Central, 41 Blackwill Chron, 17 Gates, and 59 requested-pool leads.",Potential gap-fill addition,RS 001-030,Requested source pool: Scowcroft Papers,High-value source pool,High-value EastMed lead,,Presidential Meetings--Memorandum of Conversations 1/24/89-2/25/89,"Largest apparent gap: 1 selected record versus 39 Scout, 40 Central, 41 Blackwill Chron, 17 Gates, and 59 requested-pool leads. High-value source pool Greek | Papandreou | Cyprus | Greece / Turkey / Cyprus | memcon | memorandum of conversation | telephone conversation No selected-document crosswalk match above threshold.",,Greek | Papandreou | Cyprus | Greece / Turkey / Cyprus | memcon | memorandum of conversation | telephone conversation,89,366551660,Presidential Correspondence Files,"Source: George H.W. Bush Library, Bush Presidential Records, Brent Scowcroft Collection, Presidential Correspondence Files, Presidential Meetings--Memorandum of Conversations 1/24/89-2/25/89.","Catalog provenance: Catalog access Restricted - Possibly; NAID 366551660. Query hit(s): Greek, Papandreou, Cyprus, Greece / Turkey / Cyprus, memcon, memorandum of conversation, telephone conversation. Digital object: 41-bpr-scow-pcor-memcon-91107-001.pdf. Catalog: https://catalog.archives.gov/id/366551660.",https://catalog.archives.gov/id/366551660,https://s3.amazonaws.com/NARAprodstorage/lz/presidential-libraries/bush/gb-gbs/4545941/41-bpr-scow-pcor-memcon-91107-001.pdf
,,,Regional,886,"Largest apparent gap: 1 selected record versus 39 Scout, 40 Central, 41 Blackwill Chron, 17 Gates, and 59 requested-pool leads.",Context for selected record; screen for additional documents,RS 001-019,Requested source pool: Scowcroft Papers,High-value source pool,High-value EastMed lead,,Presidential Meetings--Memorandum of Conversations 4/19/89-5/31/89,"Largest apparent gap: 1 selected record versus 39 Scout, 40 Central, 41 Blackwill Chron, 17 Gates, and 59 requested-pool leads. High-value source pool Greece | Greek | Papandreou | Cypriot | Vassiliou | Denktash | Greece / Turkey / Cyprus | memcon | memorandum of conversation Already crosswalks to Doc 1.001; open for surrounding or enclosed material.",Doc 1.001,Greece | Greek | Papandreou | Cypriot | Vassiliou | Denktash | Greece / Turkey / Cyprus | memcon | memorandum of conversation,121,366551662,Presidential Correspondence Files,"Source: George H.W. Bush Library, Bush Presidential Records, Brent Scowcroft Collection, Presidential Correspondence Files, Presidential Meetings--Memorandum of Conversations 4/19/89-5/31/89.","Catalog provenance: Catalog access Restricted - Possibly; NAID 366551662. Query hit(s): Greece, Greek, Papandreou, Cypriot, Vassiliou, Denktash, Greece / Turkey / Cyprus, memcon, memorandum of conversation. Digital object: 41-bpr-scow-pcor-memcon-91107-003.pdf. Catalog: https://catalog.archives.gov/id/366551662.",https://catalog.archives.gov/id/366551662,https://s3.amazonaws.com/NARAprodstorage/lz/presidential-libraries/bush/gb-gbs/4545941/41-bpr-scow-pcor-memcon-91107-003.pdf
,,,Regional,881,"Largest apparent gap: 1 selected record versus 39 Scout, 40 Central, 41 Blackwill Chron, 17 Gates, and 59 requested-pool leads.",Potential gap-fill addition,RS 001-009,Requested source pool: Scowcroft Papers,High-value source pool,High-value EastMed lead,,Desert Shield/Desert Storm (September 1990) Part I [2],"Largest apparent gap: 1 selected record versus 39 Scout, 40 Central, 41 Blackwill Chron, 17 Gates, and 59 requested-pool leads. High-value source pool Greece | Greek | Papandreou | Mitsotakis | Cyprus | Turkey | Turkish | Ozal | Yilmaz | Aegean No selected-document crosswalk match above threshold.",,Greece | Greek | Papandreou | Mitsotakis | Cyprus | Turkey | Turkish | Ozal | Yilmaz | Aegean,151,366551957,Desert Shield and Desert Storm Files,"Source: George H.W. Bush Library, Bush Presidential Records, Brent Scowcroft Collection, Desert Shield and Desert Storm Files, Desert Shield/Desert Storm (September 1990) Part I [2].","Catalog provenance: Catalog access Restricted - Possibly; NAID 366551957. Query hit(s): Greece, Greek, Papandreou, Mitsotakis, Cyprus, Turkey, Turkish, Ozal, Yilmaz, Aegean, Greece / Turkey / Cyprus. Digital object: 41-bpr-scow-dsds-chr-91144-002.pdf. Catalog: https://catalog.archives.gov/id/366551957.",https://catalog.archives.gov/id/366551957,https://s3.amazonaws.com/NARAprodstorage/lz/presidential-libraries/bush/gb-gbs/4708319/41-bpr-scow-dsds-chr-91144-002.pdf
,,,Regional,877,"Largest apparent gap: 1 selected record versus 39 Scout, 40 Central, 41 Blackwill Chron, 17 Gates, and 59 requested-pool leads.",Potential gap-fill addition,RS 002-001,Requested source pool: Presidential Daily File,High-value source pool,High-value EastMed lead,1993-01-05 to 1993-01-05,"Tuesday, January 5, 1993 [2]","Largest apparent gap: 1 selected record versus 39 Scout, 40 Central, 41 Blackwill Chron, 17 Gates, and 59 requested-pool leads. High-value source pool Greece | Greek | Mitsotakis | Cyprus | Cypriot | Vassiliou | Denktash | Turkey | Turkish | Demirel No selected-document crosswalk match above threshold.",,Greece | Greek | Mitsotakis | Cyprus | Cypriot | Vassiliou | Denktash | Turkey | Turkish | Demirel,147,470418284,Presidential Daily Files,"Source: George H.W. Bush Library, George H. W. Bush Papers, Presidential Daily Files, Tuesday, January 5, 1993 [2].","Catalog provenance: Catalog access Restricted - Possibly; NAID 470418284. Query hit(s): Greece, Greek, Mitsotakis, Cyprus, Cypriot, Vassiliou, Denktash, Turkey, Turkish, Demirel, Greece / Turkey / Cyprus. Digital object: 41-bpr-ootp-daily_files-90746-009.pdf. Catalog: https://catalog.archives.gov/id/470418284.",https://catalog.archives.gov/id/470418284,https://s3.amazonaws.com/NARAprodstorage/lz/presidential-libraries/bush/gb-gbpp/Pres_Daily_Files_595141/1993/41-bpr-ootp-daily_files-90746-009.pdf
,,,Regional,877,"Largest apparent gap: 1 selected record versus 39 Scout, 40 Central, 41 Blackwill Chron, 17 Gates, and 59 requested-pool leads.",Potential gap-fill addition,RS 002-020,Requested source pool: Presidential Daily File,High-value source pool,High-value EastMed lead,1989-07-31 to 1989-07-31,"Monday, July 31, 1989","Largest apparent gap: 1 selected record versus 39 Scout, 40 Central, 41 Blackwill Chron, 17 Gates, and 59 requested-pool leads. High-value source pool Cypriot | Denktash | Turkey | Turkish | Greece / Turkey / Cyprus | telephone conversation No selected-document crosswalk match above threshold.",,Cypriot | Denktash | Turkey | Turkish | Greece / Turkey / Cyprus | telephone conversation,77,470416373,Presidential Daily Files,"Source: George H.W. Bush Library, George H. W. Bush Papers, Presidential Daily Files, Monday, July 31, 1989.","Catalog provenance: Catalog access Restricted - Possibly; NAID 470416373. Query hit(s): Cypriot, Denktash, Turkey, Turkish, Greece / Turkey / Cyprus, telephone conversation. Digital object: 41-bpr-ootp-daily_files-90518-006.pdf. Catalog: https://catalog.archives.gov/id/470416373.",https://catalog.archives.gov/id/470416373,https://s3.amazonaws.com/NARAprodstorage/lz/presidential-libraries/bush/gb-gbpp/Pres_Daily_Files_595141/1989/41-bpr-ootp-daily_files-90518-006.pdf
