reviewStatus,compilerDecision,compilerNotes,compilerNumber,recordId,chapter,date,type,title,selectedNaid,selectedCatalogUrl,selectedPdfUrl,scheduleNaids,matchRank,matchScore,matchStatus,matchReasons,candidateId,lane,candidateDate,candidateTitle,candidateNaid,candidatePriority,sourceSeries,candidateCatalogUrl,candidatePdfUrl
,,,1.001,conversation-428082497,Greece,1989-05-30,Memcon,"Meeting with Andreas Papandreaou, Prime Minister of Greece, May 30, 1989",428082497,https://catalog.archives.gov/id/428082497,https://s3.us-east-1.amazonaws.com/NARAprodstorage/lz/presidential-libraries/bush/gb-nsc/321498039/1989-05-30--Papandreou.pdf,415889858; 415889859,1,95,Review likely source/context packet,chapter match: Greece; date signal: May 30; person signal: papandreou; document-type signal: memcon; country signal: greece; open-first packet,BC 002,Blackwill Chronological Files,1989-07-01,July 1989 [2],453248091,Open packet first,Robert D. Blackwill Chronological Files,https://catalog.archives.gov/id/453248091,https://s3.dualstack.us-east-1.amazonaws.com/NARAprodstorage/lz/presidential-libraries/bush/gb-nsc/blackwill/chron_2554659/41-bpr-nsc-blackwill_chron-30546-002.pdf
,,,1.001,conversation-428082497,Greece,1989-05-30,Memcon,"Meeting with Andreas Papandreaou, Prime Minister of Greece, May 30, 1989",428082497,https://catalog.archives.gov/id/428082497,https://s3.us-east-1.amazonaws.com/NARAprodstorage/lz/presidential-libraries/bush/gb-nsc/321498039/1989-05-30--Papandreou.pdf,415889858; 415889859,2,91,Review likely source/context packet,chapter match: Greece; date-range signal: 4/19/89-5/31/89; person signal: papandreou; document-type signal: memcon; country signal: greece; high-value packet,RS 001-019,Requested source pool: Scowcroft Papers,,Presidential Meetings--Memorandum of Conversations 4/19/89-5/31/89,366551662,High-value EastMed lead,Presidential Correspondence Files,https://catalog.archives.gov/id/366551662,https://s3.amazonaws.com/NARAprodstorage/lz/presidential-libraries/bush/gb-gbs/4545941/41-bpr-scow-pcor-memcon-91107-003.pdf
,,,1.001,conversation-428082497,Greece,1989-05-30,Memcon,"Meeting with Andreas Papandreaou, Prime Minister of Greece, May 30, 1989",428082497,https://catalog.archives.gov/id/428082497,https://s3.us-east-1.amazonaws.com/NARAprodstorage/lz/presidential-libraries/bush/gb-nsc/321498039/1989-05-30--Papandreou.pdf,415889858; 415889859,3,77,Review likely source/context packet,same month: 1989-05; person signal: papandreou; document-type signal: memorandum of conversation; country signal: greece; open-first packet,BC 003,Blackwill Chronological Files,1989-05-01,May 1989 [7],453248079,Open packet first,Robert D. Blackwill Chronological Files,https://catalog.archives.gov/id/453248079,https://s3.dualstack.us-east-1.amazonaws.com/NARAprodstorage/lz/presidential-libraries/bush/gb-nsc/blackwill/chron_2554659/41-bpr-nsc-blackwill_chron-30544-003.pdf
,,,1.002,conversation-428080281,Greece,1989-10-24,Memcon,"Presentation of Credentials by Christos Zacharakis, Ambassador of Greece",428080281,https://catalog.archives.gov/id/428080281,https://s3.us-east-1.amazonaws.com/NARAprodstorage/lz/presidential-libraries/bush/gb-nsc/321498039/1989-10-24--Zacharakis.pdf,415890152; 415890153,,,No source-lane match above threshold,,,,,,,,,,
,,,1.003,conversation-428080371,Greece,1989-11-27,Telcon,"Telephone Call to Prime Minister Xenofon Zolotas of Greece, November 27, 1989",428080371,https://catalog.archives.gov/id/428080371,https://s3.us-east-1.amazonaws.com/NARAprodstorage/lz/presidential-libraries/bush/gb-nsc/321498139/1989-11-27--Zolotas.pdf,415890220; 415890221,1,117,Review likely source/context packet,"chapter match: Greece; same month: 1989-11; date signal: November 27, 1989; person signal: zolotas; document-type signal: telephone conversation; country signal: greece; high-value packet",RS 002-013,Requested source pool: Presidential Daily File,1989-11-27 to 1989-11-27,"Monday, November 27, 1989",470416509,High-value EastMed lead,Presidential Daily Files,https://catalog.archives.gov/id/470416509,https://s3.amazonaws.com/NARAprodstorage/lz/presidential-libraries/bush/gb-gbpp/Pres_Daily_Files_595141/1989/41-bpr-ootp-daily_files-90527-011.pdf
,,,1.003,conversation-428080371,Greece,1989-11-27,Telcon,"Telephone Call to Prime Minister Xenofon Zolotas of Greece, November 27, 1989",428080371,https://catalog.archives.gov/id/428080371,https://s3.us-east-1.amazonaws.com/NARAprodstorage/lz/presidential-libraries/bush/gb-nsc/321498139/1989-11-27--Zolotas.pdf,415890220; 415890221,2,83,Review likely source/context packet,date signal: 11/27/89; person signal: zolotas; document-type signal: telcon; country signal: greece; open-first packet,CC 076,Central Chronological Files,1989-12-01,December 1989 [3],470761673,Open packet first,European and Eurasian Directorate Central Chronological Files,https://catalog.archives.gov/id/470761673,https://s3.dualstack.us-east-1.amazonaws.com/NARAprodstorage/lz/presidential-libraries/bush/gb-nsc/euro_eura_dir_374000108/41-bpr-nsc-euro_eura-cen_chron-30503-003.pdf
,,,1.003,conversation-428080371,Greece,1989-11-27,Telcon,"Telephone Call to Prime Minister Xenofon Zolotas of Greece, November 27, 1989",428080371,https://catalog.archives.gov/id/428080371,https://s3.us-east-1.amazonaws.com/NARAprodstorage/lz/presidential-libraries/bush/gb-nsc/321498139/1989-11-27--Zolotas.pdf,415890220; 415890221,3,77,Review likely source/context packet,same month: 1989-11; person signal: zolotas; document-type signal: telcon; country signal: greece; open-first packet,CC 065,Central Chronological Files,1989-11-01,November 1989 [2],470761667,Open packet first,European and Eurasian Directorate Central Chronological Files,https://catalog.archives.gov/id/470761667,https://s3.dualstack.us-east-1.amazonaws.com/NARAprodstorage/lz/presidential-libraries/bush/gb-nsc/euro_eura_dir_374000108/41-bpr-nsc-euro_eura-cen_chron-30502-002.pdf
,,,1.004,conversation-428080735,Greece,1990-06-06,Memcon,"Meeting and Lunch with Prime Minister Mitsotakis, June 6, 1990",428080735,https://catalog.archives.gov/id/428080735,https://s3.us-east-1.amazonaws.com/NARAprodstorage/lz/presidential-libraries/bush/gb-nsc/321498039/1990-06-06--Mitsotakis.pdf,415890602; 415890603,1,91,Review likely source/context packet,chapter match: Greece; date-range signal: 5/17/90-6/26/90; person signal: mitsotakis; document-type signal: memcon; country signal: greece; high-value packet,RS 001-015,Requested source pool: Scowcroft Papers,,Presidential Meetings--Memorandum of Conversations 5/17/90-6/26/90,366551669,High-value EastMed lead,Presidential Correspondence Files,https://catalog.archives.gov/id/366551669,https://s3.amazonaws.com/NARAprodstorage/lz/presidential-libraries/bush/gb-gbs/4545941/41-bpr-scow-pcor-memcon-91107-010.pdf
,,,1.004,conversation-428080735,Greece,1990-06-06,Memcon,"Meeting and Lunch with Prime Minister Mitsotakis, June 6, 1990",428080735,https://catalog.archives.gov/id/428080735,https://s3.us-east-1.amazonaws.com/NARAprodstorage/lz/presidential-libraries/bush/gb-nsc/321498039/1990-06-06--Mitsotakis.pdf,415890602; 415890603,2,84,Review likely source/context packet,chapter match: Greece; same month: 1990-06; person signal: mitsotakis; document-type signal: memorandum of conversation; open-first packet,CC 075,Central Chronological Files,1990-06-01,June 1990 [5],470761700,Open packet first,European and Eurasian Directorate Central Chronological Files,https://catalog.archives.gov/id/470761700,https://s3.dualstack.us-east-1.amazonaws.com/NARAprodstorage/lz/presidential-libraries/bush/gb-nsc/euro_eura_dir_374000108/41-bpr-nsc-euro_eura-cen_chron-30507-004.pdf
,,,1.005,conversation-428080965,Greece,1990-08-22,Telcon,"Telephone Conversation with Prime Minister Constantine Mitsotakis of Greece, August 22, 1990",428080965,https://catalog.archives.gov/id/428080965,https://s3.us-east-1.amazonaws.com/NARAprodstorage/lz/presidential-libraries/bush/gb-nsc/321498139/1990-08-22--Mitsotakis.pdf,415890756; 415890757,1,121,Review likely source/context packet,chapter match: Greece; date signal: 8/22/90; date-range signal: 8/22/90-10/5/90; person signal: mitsotakis; document-type signal: telcon; country signal: greece; high-value packet,RS 001-005,Requested source pool: Scowcroft Papers,,Presidential Telephone Calls--Memorandum of Conversations 8/22/90-10/5/90,366551694,High-value EastMed lead,Presidential Correspondence Files,https://catalog.archives.gov/id/366551694,https://s3.amazonaws.com/NARAprodstorage/lz/presidential-libraries/bush/gb-gbs/4545941/41-bpr-scow-pcor-telcon-91112-002.pdf
,,,1.005,conversation-428080965,Greece,1990-08-22,Telcon,"Telephone Conversation with Prime Minister Constantine Mitsotakis of Greece, August 22, 1990",428080965,https://catalog.archives.gov/id/428080965,https://s3.us-east-1.amazonaws.com/NARAprodstorage/lz/presidential-libraries/bush/gb-nsc/321498139/1990-08-22--Mitsotakis.pdf,415890756; 415890757,2,69,Review likely source/context packet,same month: 1990-08; person signal: mitsotakis; document-type signal: telcon; country signal: greece,CC 013,Central Chronological Files,1990-08-01,August 1990 [6],470761712,Memcon/telcon search lead,European and Eurasian Directorate Central Chronological Files,https://catalog.archives.gov/id/470761712,https://s3.dualstack.us-east-1.amazonaws.com/NARAprodstorage/lz/presidential-libraries/bush/gb-nsc/euro_eura_dir_374000108/41-bpr-nsc-euro_eura-cen_chron-30509-003.pdf
,,,1.005,conversation-428080965,Greece,1990-08-22,Telcon,"Telephone Conversation with Prime Minister Constantine Mitsotakis of Greece, August 22, 1990",428080965,https://catalog.archives.gov/id/428080965,https://s3.us-east-1.amazonaws.com/NARAprodstorage/lz/presidential-libraries/bush/gb-nsc/321498139/1990-08-22--Mitsotakis.pdf,415890756; 415890757,3,69,Review likely source/context packet,same month: 1990-08; person signal: mitsotakis; document-type signal: telcon; country signal: greece,CC 041,Central Chronological Files,1990-08-01,August 1990 [2],470761708,Memcon/telcon search lead,European and Eurasian Directorate Central Chronological Files,https://catalog.archives.gov/id/470761708,https://s3.dualstack.us-east-1.amazonaws.com/NARAprodstorage/lz/presidential-libraries/bush/gb-nsc/euro_eura_dir_374000108/41-bpr-nsc-euro_eura-cen_chron-30508-006.pdf
,,,1.005,conversation-428080965,Greece,1990-08-22,Telcon,"Telephone Conversation with Prime Minister Constantine Mitsotakis of Greece, August 22, 1990",428080965,https://catalog.archives.gov/id/428080965,https://s3.us-east-1.amazonaws.com/NARAprodstorage/lz/presidential-libraries/bush/gb-nsc/321498139/1990-08-22--Mitsotakis.pdf,415890756; 415890757,4,64,Review likely source/context packet,same month: 1990-08; person signal: mitsotakis; document-type signal: telcon,CC 067,Central Chronological Files,1990-08-01,August 1990 [4],470761710,Memcon/telcon search lead,European and Eurasian Directorate Central Chronological Files,https://catalog.archives.gov/id/470761710,https://s3.dualstack.us-east-1.amazonaws.com/NARAprodstorage/lz/presidential-libraries/bush/gb-nsc/euro_eura_dir_374000108/41-bpr-nsc-euro_eura-cen_chron-30509-001.pdf
,,,1.006,conversation-428081201,Greece,1990-11-21,Memcon,"Meeting with Prime Minister Mitsotakis of Greece, November 21, 1990",428081201,https://catalog.archives.gov/id/428081201,https://s3.us-east-1.amazonaws.com/NARAprodstorage/lz/presidential-libraries/bush/gb-nsc/321498039/1990-11-21--Mitsotakis.pdf,415890940; 415890941,1,91,Review likely source/context packet,chapter match: Greece; date-range signal: 11/13/90-12/21/90; person signal: mitsotakis; document-type signal: memcon; country signal: greece; high-value packet,RS 001-008,Requested source pool: Scowcroft Papers,,Presidential Meetings--Memorandum of Conversations 11/13/90-12/21/90,366551672,High-value EastMed lead,Presidential Correspondence Files,https://catalog.archives.gov/id/366551672,https://s3.amazonaws.com/NARAprodstorage/lz/presidential-libraries/bush/gb-gbs/4545941/41-bpr-scow-pcor-memcon-91108-003.pdf
,,,1.006,conversation-428081201,Greece,1990-11-21,Memcon,"Meeting with Prime Minister Mitsotakis of Greece, November 21, 1990",428081201,https://catalog.archives.gov/id/428081201,https://s3.us-east-1.amazonaws.com/NARAprodstorage/lz/presidential-libraries/bush/gb-nsc/321498039/1990-11-21--Mitsotakis.pdf,415890940; 415890941,2,69,Review likely source/context packet,same month: 1990-11; person signal: mitsotakis; document-type signal: memcon; country signal: greece,CC 047,Central Chronological Files,1990-11-01,November 1990 [5],470761730,Memcon/telcon search lead,European and Eurasian Directorate Central Chronological Files,https://catalog.archives.gov/id/470761730,https://s3.dualstack.us-east-1.amazonaws.com/NARAprodstorage/lz/presidential-libraries/bush/gb-nsc/euro_eura_dir_374000108/41-bpr-nsc-euro_eura-cen_chron-30512-002.pdf
,,,1.006,conversation-428081201,Greece,1990-11-21,Memcon,"Meeting with Prime Minister Mitsotakis of Greece, November 21, 1990",428081201,https://catalog.archives.gov/id/428081201,https://s3.us-east-1.amazonaws.com/NARAprodstorage/lz/presidential-libraries/bush/gb-nsc/321498039/1990-11-21--Mitsotakis.pdf,415890940; 415890941,3,69,Review likely source/context packet,same month: 1990-11; person signal: mitsotakis; document-type signal: memcon; country signal: greece,CC 058,Central Chronological Files,1990-11-01,November 1990 [4],470761729,Memcon/telcon search lead,European and Eurasian Directorate Central Chronological Files,https://catalog.archives.gov/id/470761729,https://s3.dualstack.us-east-1.amazonaws.com/NARAprodstorage/lz/presidential-libraries/bush/gb-nsc/euro_eura_dir_374000108/41-bpr-nsc-euro_eura-cen_chron-30512-001.pdf
,,,1.006,conversation-428081201,Greece,1990-11-21,Memcon,"Meeting with Prime Minister Mitsotakis of Greece, November 21, 1990",428081201,https://catalog.archives.gov/id/428081201,https://s3.us-east-1.amazonaws.com/NARAprodstorage/lz/presidential-libraries/bush/gb-nsc/321498039/1990-11-21--Mitsotakis.pdf,415890940; 415890941,4,64,Review likely source/context packet,same month: 1990-11; person signal: mitsotakis; document-type signal: memcon,CC 044,Central Chronological Files,1990-11-01,November 1990 [3],470761728,Memcon/telcon search lead,European and Eurasian Directorate Central Chronological Files,https://catalog.archives.gov/id/470761728,https://s3.dualstack.us-east-1.amazonaws.com/NARAprodstorage/lz/presidential-libraries/bush/gb-nsc/euro_eura_dir_374000108/41-bpr-nsc-euro_eura-cen_chron-30511-007.pdf
,,,1.007,conversation-428081343,Greece,1991-01-14,Telcon,"Telephone Conversation with Prime Minister Constantine Mitsotakis of Greece, January 14, 1991",428081343,https://catalog.archives.gov/id/428081343,https://s3.us-east-1.amazonaws.com/NARAprodstorage/lz/presidential-libraries/bush/gb-nsc/321498139/1991-01-14--Mitsotakis.pdf,415891048; 415891049,1,72,Review likely source/context packet,same month: 1991-01; person signal: mitsotakis; document-type signal: telcon; open-first packet,CC 053,Central Chronological Files,1991-01-01,January 1991 [3],470761737,Open packet first,European and Eurasian Directorate Central Chronological Files,https://catalog.archives.gov/id/470761737,https://s3.dualstack.us-east-1.amazonaws.com/NARAprodstorage/lz/presidential-libraries/bush/gb-nsc/euro_eura_dir_374000108/41-bpr-nsc-euro_eura-cen_chron-30513-003.pdf
,,,1.007,conversation-428081343,Greece,1991-01-14,Telcon,"Telephone Conversation with Prime Minister Constantine Mitsotakis of Greece, January 14, 1991",428081343,https://catalog.archives.gov/id/428081343,https://s3.us-east-1.amazonaws.com/NARAprodstorage/lz/presidential-libraries/bush/gb-nsc/321498139/1991-01-14--Mitsotakis.pdf,415891048; 415891049,2,69,Review likely source/context packet,same month: 1991-01; person signal: mitsotakis; document-type signal: telcon; country signal: greece,CC 025,Central Chronological Files,1991-01-01,January 1991 [2],470761736,Memcon/telcon search lead,European and Eurasian Directorate Central Chronological Files,https://catalog.archives.gov/id/470761736,https://s3.dualstack.us-east-1.amazonaws.com/NARAprodstorage/lz/presidential-libraries/bush/gb-nsc/euro_eura_dir_374000108/41-bpr-nsc-euro_eura-cen_chron-30513-002.pdf
,,,1.007,conversation-428081343,Greece,1991-01-14,Telcon,"Telephone Conversation with Prime Minister Constantine Mitsotakis of Greece, January 14, 1991",428081343,https://catalog.archives.gov/id/428081343,https://s3.us-east-1.amazonaws.com/NARAprodstorage/lz/presidential-libraries/bush/gb-nsc/321498139/1991-01-14--Mitsotakis.pdf,415891048; 415891049,3,64,Review likely source/context packet,same month: 1991-01; person signal: mitsotakis; document-type signal: telcon,CC 068,Central Chronological Files,1991-01-01,January 1991 [1],470761735,Memcon/telcon search lead,European and Eurasian Directorate Central Chronological Files,https://catalog.archives.gov/id/470761735,https://s3.dualstack.us-east-1.amazonaws.com/NARAprodstorage/lz/presidential-libraries/bush/gb-nsc/euro_eura_dir_374000108/41-bpr-nsc-euro_eura-cen_chron-30513-001.pdf
,,,1.008,conversation-428081777,Greece,1991-07-18,Memcon,"President's Expanded Meeting with Prime Minister Mitsotakis of Greece, Ju 1 y 18, 1991",428081777,https://catalog.archives.gov/id/428081777,https://s3.us-east-1.amazonaws.com/NARAprodstorage/lz/presidential-libraries/bush/gb-nsc/321498039/1991-07-18--Mitsotakis.pdf,415891419; 415891420,1,99,Review likely source/context packet,"chapter match: Greece; same month: 1991-07; date signal: July 18, 1991; person signal: mitsotakis; country signal: greece; high-value packet",RS 002-008,Requested source pool: Presidential Daily File,1991-07-18 to 1991-07-18,"Thursday, July 18, 1991",470417258,High-value EastMed lead,Presidential Daily Files,https://catalog.archives.gov/id/470417258,https://s3.amazonaws.com/NARAprodstorage/lz/presidential-libraries/bush/gb-gbpp/Pres_Daily_Files_595141/1991/41-bpr-ootp-daily_files-90609-009.pdf
,,,1.008,conversation-428081777,Greece,1991-07-18,Memcon,"President's Expanded Meeting with Prime Minister Mitsotakis of Greece, Ju 1 y 18, 1991",428081777,https://catalog.archives.gov/id/428081777,https://s3.us-east-1.amazonaws.com/NARAprodstorage/lz/presidential-libraries/bush/gb-nsc/321498039/1991-07-18--Mitsotakis.pdf,415891419; 415891420,2,91,Review likely source/context packet,chapter match: Greece; date-range signal: 7/11/91-7/22/91; person signal: mitsotakis; document-type signal: memcon; country signal: greece; high-value packet,RS 001-001,Requested source pool: Scowcroft Papers,,Presidential Meetings--Memorandum of Conversations 7/11/91-7/22/91,366551676,High-value EastMed lead,Presidential Correspondence Files,https://catalog.archives.gov/id/366551676,https://s3.amazonaws.com/NARAprodstorage/lz/presidential-libraries/bush/gb-gbs/4545941/41-bpr-scow-pcor-memcon-91109-001.pdf
,,,1.008,conversation-428081777,Greece,1991-07-18,Memcon,"President's Expanded Meeting with Prime Minister Mitsotakis of Greece, Ju 1 y 18, 1991",428081777,https://catalog.archives.gov/id/428081777,https://s3.us-east-1.amazonaws.com/NARAprodstorage/lz/presidential-libraries/bush/gb-nsc/321498039/1991-07-18--Mitsotakis.pdf,415891419; 415891420,3,69,Review likely source/context packet,same month: 1991-07; person signal: mitsotakis; document-type signal: memcon; country signal: greece,CC 002,Central Chronological Files,1991-07-01,July 1991 [2],470761766,Memcon/telcon search lead,European and Eurasian Directorate Central Chronological Files,https://catalog.archives.gov/id/470761766,https://s3.dualstack.us-east-1.amazonaws.com/NARAprodstorage/lz/presidential-libraries/bush/gb-nsc/euro_eura_dir_374000108/41-bpr-nsc-euro_eura-cen_chron-30518-002.pdf
,,,1.008,conversation-428081777,Greece,1991-07-18,Memcon,"President's Expanded Meeting with Prime Minister Mitsotakis of Greece, Ju 1 y 18, 1991",428081777,https://catalog.archives.gov/id/428081777,https://s3.us-east-1.amazonaws.com/NARAprodstorage/lz/presidential-libraries/bush/gb-nsc/321498039/1991-07-18--Mitsotakis.pdf,415891419; 415891420,4,69,Review likely source/context packet,same month: 1991-07; person signal: mitsotakis; document-type signal: memcon; country signal: greece,CC 024,Central Chronological Files,1991-07-01,July 1991 [3],470761767,Memcon/telcon search lead,European and Eurasian Directorate Central Chronological Files,https://catalog.archives.gov/id/470761767,https://s3.dualstack.us-east-1.amazonaws.com/NARAprodstorage/lz/presidential-libraries/bush/gb-nsc/euro_eura_dir_374000108/41-bpr-nsc-euro_eura-cen_chron-30518-003.pdf
,,,1.008,conversation-428081777,Greece,1991-07-18,Memcon,"President's Expanded Meeting with Prime Minister Mitsotakis of Greece, Ju 1 y 18, 1991",428081777,https://catalog.archives.gov/id/428081777,https://s3.us-east-1.amazonaws.com/NARAprodstorage/lz/presidential-libraries/bush/gb-nsc/321498039/1991-07-18--Mitsotakis.pdf,415891419; 415891420,5,69,Review likely source/context packet,chapter match: Greece; same month: 1991-07; person signal: mitsotakis; country signal: greece; high-value packet,RS 002-003,Requested source pool: Presidential Daily File,1991-07-20 to 1991-07-20,"Saturday, July 20, 1991",470417260,High-value EastMed lead,Presidential Daily Files,https://catalog.archives.gov/id/470417260,https://s3.amazonaws.com/NARAprodstorage/lz/presidential-libraries/bush/gb-gbpp/Pres_Daily_Files_595141/1991/41-bpr-ootp-daily_files-90610-002.pdf
,,,1.008,conversation-428081777,Greece,1991-07-18,Memcon,"President's Expanded Meeting with Prime Minister Mitsotakis of Greece, Ju 1 y 18, 1991",428081777,https://catalog.archives.gov/id/428081777,https://s3.us-east-1.amazonaws.com/NARAprodstorage/lz/presidential-libraries/bush/gb-nsc/321498039/1991-07-18--Mitsotakis.pdf,415891419; 415891420,6,69,Review likely source/context packet,chapter match: Greece; same month: 1991-07; person signal: mitsotakis; country signal: greece; high-value packet,RS 002-022,Requested source pool: Presidential Daily File,1991-07-19 to 1991-07-19,"Friday, July 19, 1991",470417259,High-value EastMed lead,Presidential Daily Files,https://catalog.archives.gov/id/470417259,https://s3.amazonaws.com/NARAprodstorage/lz/presidential-libraries/bush/gb-gbpp/Pres_Daily_Files_595141/1991/41-bpr-ootp-daily_files-90610-001.pdf
,,,1.009,conversation-428082071,Greece,1991-12-12,Memcon,"Meeting with Prime Minister Constantine Mitsotakis of Greece, December 12, 1991 (1 of 3)",428082071,https://catalog.archives.gov/id/428082071,https://s3.us-east-1.amazonaws.com/NARAprodstorage/lz/presidential-libraries/bush/gb-nsc/321498039/1991-12-12--Mitsotakis-1.pdf,415891716; 415891717,1,99,Review likely source/context packet,"chapter match: Greece; same month: 1991-12; date signal: December 12, 1991; person signal: mitsotakis; country signal: greece; high-value packet",RS 002-021,Requested source pool: Presidential Daily File,1991-12-12 to 1991-12-12,"Thursday, December 12, 1991 [2]",470417495,High-value EastMed lead,Presidential Daily Files,https://catalog.archives.gov/id/470417495,https://s3.amazonaws.com/NARAprodstorage/lz/presidential-libraries/bush/gb-gbpp/Pres_Daily_Files_595141/1991/41-bpr-ootp-daily_files-90640-002.pdf
,,,1.009,conversation-428082071,Greece,1991-12-12,Memcon,"Meeting with Prime Minister Constantine Mitsotakis of Greece, December 12, 1991 (1 of 3)",428082071,https://catalog.archives.gov/id/428082071,https://s3.us-east-1.amazonaws.com/NARAprodstorage/lz/presidential-libraries/bush/gb-nsc/321498039/1991-12-12--Mitsotakis-1.pdf,415891716; 415891717,2,91,Review likely source/context packet,chapter match: Greece; date-range signal: 10/16/91-12/17/91; person signal: mitsotakis; document-type signal: memcon; country signal: greece; high-value packet,RS 001-014,Requested source pool: Scowcroft Papers,,Presidential Meetings--Memorandum of Conversations 10/16/91-12/17/91,366551679,High-value EastMed lead,Presidential Correspondence Files,https://catalog.archives.gov/id/366551679,https://s3.amazonaws.com/NARAprodstorage/lz/presidential-libraries/bush/gb-gbs/4545941/41-bpr-scow-pcor-memcon-91109-004.pdf
,,,1.009,conversation-428082071,Greece,1991-12-12,Memcon,"Meeting with Prime Minister Constantine Mitsotakis of Greece, December 12, 1991 (1 of 3)",428082071,https://catalog.archives.gov/id/428082071,https://s3.us-east-1.amazonaws.com/NARAprodstorage/lz/presidential-libraries/bush/gb-nsc/321498039/1991-12-12--Mitsotakis-1.pdf,415891716; 415891717,3,69,Review likely source/context packet,same month: 1991-12; person signal: mitsotakis; document-type signal: memcon; country signal: greece,CC 014,Central Chronological Files,1991-12-01,December 1991 [1],470761786,Memcon/telcon search lead,European and Eurasian Directorate Central Chronological Files,https://catalog.archives.gov/id/470761786,https://s3.dualstack.us-east-1.amazonaws.com/NARAprodstorage/lz/presidential-libraries/bush/gb-nsc/euro_eura_dir_374000108/41-bpr-nsc-euro_eura-cen_chron-30522-001.pdf
,,,1.010,conversation-428082073,Greece,1991-12-12,Memcon,"Meeting with Prime Minister Constantine Mitsotakis of Greece, December 12, 1991 (2 of 3)",428082073,https://catalog.archives.gov/id/428082073,https://s3.us-east-1.amazonaws.com/NARAprodstorage/lz/presidential-libraries/bush/gb-nsc/321498039/1991-12-12--Mitsotakis-2.pdf,415891716; 415891717,1,99,Review likely source/context packet,"chapter match: Greece; same month: 1991-12; date signal: December 12, 1991; person signal: mitsotakis; country signal: greece; high-value packet",RS 002-021,Requested source pool: Presidential Daily File,1991-12-12 to 1991-12-12,"Thursday, December 12, 1991 [2]",470417495,High-value EastMed lead,Presidential Daily Files,https://catalog.archives.gov/id/470417495,https://s3.amazonaws.com/NARAprodstorage/lz/presidential-libraries/bush/gb-gbpp/Pres_Daily_Files_595141/1991/41-bpr-ootp-daily_files-90640-002.pdf
,,,1.010,conversation-428082073,Greece,1991-12-12,Memcon,"Meeting with Prime Minister Constantine Mitsotakis of Greece, December 12, 1991 (2 of 3)",428082073,https://catalog.archives.gov/id/428082073,https://s3.us-east-1.amazonaws.com/NARAprodstorage/lz/presidential-libraries/bush/gb-nsc/321498039/1991-12-12--Mitsotakis-2.pdf,415891716; 415891717,2,91,Review likely source/context packet,chapter match: Greece; date-range signal: 10/16/91-12/17/91; person signal: mitsotakis; document-type signal: memcon; country signal: greece; high-value packet,RS 001-014,Requested source pool: Scowcroft Papers,,Presidential Meetings--Memorandum of Conversations 10/16/91-12/17/91,366551679,High-value EastMed lead,Presidential Correspondence Files,https://catalog.archives.gov/id/366551679,https://s3.amazonaws.com/NARAprodstorage/lz/presidential-libraries/bush/gb-gbs/4545941/41-bpr-scow-pcor-memcon-91109-004.pdf
,,,1.010,conversation-428082073,Greece,1991-12-12,Memcon,"Meeting with Prime Minister Constantine Mitsotakis of Greece, December 12, 1991 (2 of 3)",428082073,https://catalog.archives.gov/id/428082073,https://s3.us-east-1.amazonaws.com/NARAprodstorage/lz/presidential-libraries/bush/gb-nsc/321498039/1991-12-12--Mitsotakis-2.pdf,415891716; 415891717,3,69,Review likely source/context packet,same month: 1991-12; person signal: mitsotakis; document-type signal: memcon; country signal: greece,CC 014,Central Chronological Files,1991-12-01,December 1991 [1],470761786,Memcon/telcon search lead,European and Eurasian Directorate Central Chronological Files,https://catalog.archives.gov/id/470761786,https://s3.dualstack.us-east-1.amazonaws.com/NARAprodstorage/lz/presidential-libraries/bush/gb-nsc/euro_eura_dir_374000108/41-bpr-nsc-euro_eura-cen_chron-30522-001.pdf
,,,1.011,conversation-428082075,Greece,1991-12-12,Memcon,"Meeting with Prime Minister Constantine Mitsotakis of Greece, December 12, 1991 (3 of 3)",428082075,https://catalog.archives.gov/id/428082075,https://s3.us-east-1.amazonaws.com/NARAprodstorage/lz/presidential-libraries/bush/gb-nsc/321498039/1991-12-12--Mitsotakis-3.pdf,415891716; 415891717,1,99,Review likely source/context packet,"chapter match: Greece; same month: 1991-12; date signal: December 12, 1991; person signal: mitsotakis; country signal: greece; high-value packet",RS 002-021,Requested source pool: Presidential Daily File,1991-12-12 to 1991-12-12,"Thursday, December 12, 1991 [2]",470417495,High-value EastMed lead,Presidential Daily Files,https://catalog.archives.gov/id/470417495,https://s3.amazonaws.com/NARAprodstorage/lz/presidential-libraries/bush/gb-gbpp/Pres_Daily_Files_595141/1991/41-bpr-ootp-daily_files-90640-002.pdf
,,,1.011,conversation-428082075,Greece,1991-12-12,Memcon,"Meeting with Prime Minister Constantine Mitsotakis of Greece, December 12, 1991 (3 of 3)",428082075,https://catalog.archives.gov/id/428082075,https://s3.us-east-1.amazonaws.com/NARAprodstorage/lz/presidential-libraries/bush/gb-nsc/321498039/1991-12-12--Mitsotakis-3.pdf,415891716; 415891717,2,91,Review likely source/context packet,chapter match: Greece; date-range signal: 10/16/91-12/17/91; person signal: mitsotakis; document-type signal: memcon; country signal: greece; high-value packet,RS 001-014,Requested source pool: Scowcroft Papers,,Presidential Meetings--Memorandum of Conversations 10/16/91-12/17/91,366551679,High-value EastMed lead,Presidential Correspondence Files,https://catalog.archives.gov/id/366551679,https://s3.amazonaws.com/NARAprodstorage/lz/presidential-libraries/bush/gb-gbs/4545941/41-bpr-scow-pcor-memcon-91109-004.pdf
,,,1.011,conversation-428082075,Greece,1991-12-12,Memcon,"Meeting with Prime Minister Constantine Mitsotakis of Greece, December 12, 1991 (3 of 3)",428082075,https://catalog.archives.gov/id/428082075,https://s3.us-east-1.amazonaws.com/NARAprodstorage/lz/presidential-libraries/bush/gb-nsc/321498039/1991-12-12--Mitsotakis-3.pdf,415891716; 415891717,3,69,Review likely source/context packet,same month: 1991-12; person signal: mitsotakis; document-type signal: memcon; country signal: greece,CC 014,Central Chronological Files,1991-12-01,December 1991 [1],470761786,Memcon/telcon search lead,European and Eurasian Directorate Central Chronological Files,https://catalog.archives.gov/id/470761786,https://s3.dualstack.us-east-1.amazonaws.com/NARAprodstorage/lz/presidential-libraries/bush/gb-nsc/euro_eura_dir_374000108/41-bpr-nsc-euro_eura-cen_chron-30522-001.pdf
,,,1.012,conversation-428082239,Greece,1992-06-10,Telcon,"Telcon with Constantine Mitsotakis, Prime Minister of Greece, June 10, 1992",428082239,https://catalog.archives.gov/id/428082239,https://s3.us-east-1.amazonaws.com/NARAprodstorage/lz/presidential-libraries/bush/gb-nsc/321498139/1992-06-10--Mitsotakis.pdf,415892082; 415892083,1,91,Review likely source/context packet,chapter match: Greece; date-range signal: 4/10/92-6/30/92; person signal: mitsotakis; document-type signal: telcon; country signal: greece; high-value packet,RS 001-017,Requested source pool: Scowcroft Papers,,Presidential Telephone Calls--Memorandum of Conversations 4/10/92-6/30/92,366551704,High-value EastMed lead,Presidential Correspondence Files,https://catalog.archives.gov/id/366551704,https://s3.amazonaws.com/NARAprodstorage/lz/presidential-libraries/bush/gb-gbs/4545941/41-bpr-scow-pcor-telcon-91113-004.pdf
,,,1.012,conversation-428082239,Greece,1992-06-10,Telcon,"Telcon with Constantine Mitsotakis, Prime Minister of Greece, June 10, 1992",428082239,https://catalog.archives.gov/id/428082239,https://s3.us-east-1.amazonaws.com/NARAprodstorage/lz/presidential-libraries/bush/gb-nsc/321498139/1992-06-10--Mitsotakis.pdf,415892082; 415892083,2,77,Review likely source/context packet,same month: 1992-06; person signal: mitsotakis; document-type signal: telcon; country signal: greece; open-first packet,CC 017,Central Chronological Files,1992-06-01,June 1992 [4],470761816,Open packet first,European and Eurasian Directorate Central Chronological Files,https://catalog.archives.gov/id/470761816,https://s3.dualstack.us-east-1.amazonaws.com/NARAprodstorage/lz/presidential-libraries/bush/gb-nsc/euro_eura_dir_374000108/41-bpr-nsc-euro_eura-cen_chron-30527-002.pdf
,,,1.012,conversation-428082239,Greece,1992-06-10,Telcon,"Telcon with Constantine Mitsotakis, Prime Minister of Greece, June 10, 1992",428082239,https://catalog.archives.gov/id/428082239,https://s3.us-east-1.amazonaws.com/NARAprodstorage/lz/presidential-libraries/bush/gb-nsc/321498139/1992-06-10--Mitsotakis.pdf,415892082; 415892083,3,69,Review likely source/context packet,same month: 1992-06; person signal: mitsotakis; document-type signal: telcon; country signal: greece,CC 060,Central Chronological Files,1992-06-01,June 1992 [3],470761815,Memcon/telcon search lead,European and Eurasian Directorate Central Chronological Files,https://catalog.archives.gov/id/470761815,https://s3.dualstack.us-east-1.amazonaws.com/NARAprodstorage/lz/presidential-libraries/bush/gb-nsc/euro_eura_dir_374000108/41-bpr-nsc-euro_eura-cen_chron-30527-001.pdf
,,,1.012,conversation-428082239,Greece,1992-06-10,Telcon,"Telcon with Constantine Mitsotakis, Prime Minister of Greece, June 10, 1992",428082239,https://catalog.archives.gov/id/428082239,https://s3.us-east-1.amazonaws.com/NARAprodstorage/lz/presidential-libraries/bush/gb-nsc/321498139/1992-06-10--Mitsotakis.pdf,415892082; 415892083,4,64,Review likely source/context packet,same month: 1992-06; person signal: mitsotakis; document-type signal: telcon,CC 062,Central Chronological Files,1992-06-01,June 1992 [1],470761813,Memcon/telcon search lead,European and Eurasian Directorate Central Chronological Files,https://catalog.archives.gov/id/470761813,https://s3.dualstack.us-east-1.amazonaws.com/NARAprodstorage/lz/presidential-libraries/bush/gb-nsc/euro_eura_dir_374000108/41-bpr-nsc-euro_eura-cen_chron-30526-004.pdf
,,,1.013,conversation-428082291,Greece,1992-07-09,Memcon,"Meeting With Prime Minister Constantine Mitsotakis of Greece, July 9, 1992",428082291,https://catalog.archives.gov/id/428082291,https://s3.us-east-1.amazonaws.com/NARAprodstorage/lz/presidential-libraries/bush/gb-nsc/321498039/1992-07-09--Mitsotakis.pdf,415892141; 415892142,1,121,Review likely source/context packet,chapter match: Greece; date signal: 7/9/92; date-range signal: 7/9/92-12/22/92; person signal: mitsotakis; document-type signal: memcon; country signal: greece; high-value packet,RS 001-002,Requested source pool: Scowcroft Papers,,Presidential Meetings--Memorandum of Conversations 7/9/92-12/22/92,366551685,High-value EastMed lead,Presidential Correspondence Files,https://catalog.archives.gov/id/366551685,https://s3.amazonaws.com/NARAprodstorage/lz/presidential-libraries/bush/gb-gbs/4545941/41-bpr-scow-pcor-memcon-91110-002.pdf
,,,1.013,conversation-428082291,Greece,1992-07-09,Memcon,"Meeting With Prime Minister Constantine Mitsotakis of Greece, July 9, 1992",428082291,https://catalog.archives.gov/id/428082291,https://s3.us-east-1.amazonaws.com/NARAprodstorage/lz/presidential-libraries/bush/gb-nsc/321498039/1992-07-09--Mitsotakis.pdf,415892141; 415892142,2,121,Review likely source/context packet,chapter match: Greece; date signal: 7/9/92; date-range signal: 7/1/92-7/9/92; person signal: mitsotakis; document-type signal: memcon; country signal: greece; high-value packet,RS 001-010,Requested source pool: Scowcroft Papers,,Presidential Meetings--Memorandum of Conversations 7/1/92-7/9/92,366551684,High-value EastMed lead,Presidential Correspondence Files,https://catalog.archives.gov/id/366551684,https://s3.amazonaws.com/NARAprodstorage/lz/presidential-libraries/bush/gb-gbs/4545941/41-bpr-scow-pcor-memcon-91110-001.pdf
,,,1.013,conversation-428082291,Greece,1992-07-09,Memcon,"Meeting With Prime Minister Constantine Mitsotakis of Greece, July 9, 1992",428082291,https://catalog.archives.gov/id/428082291,https://s3.us-east-1.amazonaws.com/NARAprodstorage/lz/presidential-libraries/bush/gb-nsc/321498039/1992-07-09--Mitsotakis.pdf,415892141; 415892142,3,119,Review likely source/context packet,chapter match: Greece; same month: 1992-07; date signal: 7/9/92; person signal: mitsotakis; document-type signal: memcon; country signal: greece; open-first packet,CC 018,Central Chronological Files,1992-07-01,July 1992 [3],470761820,Open packet first,European and Eurasian Directorate Central Chronological Files,https://catalog.archives.gov/id/470761820,https://s3.dualstack.us-east-1.amazonaws.com/NARAprodstorage/lz/presidential-libraries/bush/gb-nsc/euro_eura_dir_374000108/41-bpr-nsc-euro_eura-cen_chron-30528-001.pdf
,,,1.013,conversation-428082291,Greece,1992-07-09,Memcon,"Meeting With Prime Minister Constantine Mitsotakis of Greece, July 9, 1992",428082291,https://catalog.archives.gov/id/428082291,https://s3.us-east-1.amazonaws.com/NARAprodstorage/lz/presidential-libraries/bush/gb-nsc/321498039/1992-07-09--Mitsotakis.pdf,415892141; 415892142,4,77,Review likely source/context packet,same month: 1992-07; person signal: mitsotakis; document-type signal: memcon; country signal: greece; open-first packet,CC 026,Central Chronological Files,1992-07-01,July 1992 [4],470761821,Open packet first,European and Eurasian Directorate Central Chronological Files,https://catalog.archives.gov/id/470761821,https://s3.dualstack.us-east-1.amazonaws.com/NARAprodstorage/lz/presidential-libraries/bush/gb-nsc/euro_eura_dir_374000108/41-bpr-nsc-euro_eura-cen_chron-30528-002.pdf
,,,1.013,conversation-428082291,Greece,1992-07-09,Memcon,"Meeting With Prime Minister Constantine Mitsotakis of Greece, July 9, 1992",428082291,https://catalog.archives.gov/id/428082291,https://s3.us-east-1.amazonaws.com/NARAprodstorage/lz/presidential-libraries/bush/gb-nsc/321498039/1992-07-09--Mitsotakis.pdf,415892141; 415892142,5,69,Review likely source/context packet,chapter match: Greece; same month: 1992-07; person signal: mitsotakis; country signal: greece; high-value packet,RS 002-014,Requested source pool: Presidential Daily File,1992-07-04 to 1992-07-04,"Saturday, July 4, 1992 [2]",470417886,High-value EastMed lead,Presidential Daily Files,https://catalog.archives.gov/id/470417886,https://s3.amazonaws.com/NARAprodstorage/lz/presidential-libraries/bush/gb-gbpp/Pres_Daily_Files_595141/1992/41-bpr-ootp-daily_files-90694-006.pdf
,,,1.014,conversation-428082333,Greece,1992-11-17,Memcon,"Meeting with Prime Minister Mitsotakis of Greece, November 17, 1992",428082333,https://catalog.archives.gov/id/428082333,https://s3.us-east-1.amazonaws.com/NARAprodstorage/lz/presidential-libraries/bush/gb-nsc/321498039/1992-11-17--Mitsotakis.pdf,415892404; 415892405,1,119,Review likely source/context packet,chapter match: Greece; same month: 1992-11; date signal: 11/17/92; person signal: mitsotakis; document-type signal: memcon; country signal: greece; open-first packet,CC 007,Central Chronological Files,1992-11-01,November 1992 [2],470761834,Open packet first,European and Eurasian Directorate Central Chronological Files,https://catalog.archives.gov/id/470761834,https://s3.dualstack.us-east-1.amazonaws.com/NARAprodstorage/lz/presidential-libraries/bush/gb-nsc/euro_eura_dir_374000108/41-bpr-nsc-euro_eura-cen_chron-30530-005.pdf
,,,1.014,conversation-428082333,Greece,1992-11-17,Memcon,"Meeting with Prime Minister Mitsotakis of Greece, November 17, 1992",428082333,https://catalog.archives.gov/id/428082333,https://s3.us-east-1.amazonaws.com/NARAprodstorage/lz/presidential-libraries/bush/gb-nsc/321498039/1992-11-17--Mitsotakis.pdf,415892404; 415892405,2,99,Review likely source/context packet,"chapter match: Greece; same month: 1992-11; date signal: November 17, 1992; person signal: mitsotakis; country signal: greece; high-value packet",RS 002-004,Requested source pool: Presidential Daily File,1992-11-17 to 1992-11-17,"Tuesday, November 17, 1992 [1]",470418188,High-value EastMed lead,Presidential Daily Files,https://catalog.archives.gov/id/470418188,https://s3.amazonaws.com/NARAprodstorage/lz/presidential-libraries/bush/gb-gbpp/Pres_Daily_Files_595141/1992/41-bpr-ootp-daily_files-90735-004.pdf
,,,1.014,conversation-428082333,Greece,1992-11-17,Memcon,"Meeting with Prime Minister Mitsotakis of Greece, November 17, 1992",428082333,https://catalog.archives.gov/id/428082333,https://s3.us-east-1.amazonaws.com/NARAprodstorage/lz/presidential-libraries/bush/gb-nsc/321498039/1992-11-17--Mitsotakis.pdf,415892404; 415892405,3,91,Review likely source/context packet,chapter match: Greece; date-range signal: 7/9/92-12/22/92; person signal: mitsotakis; document-type signal: memcon; country signal: greece; high-value packet,RS 001-002,Requested source pool: Scowcroft Papers,,Presidential Meetings--Memorandum of Conversations 7/9/92-12/22/92,366551685,High-value EastMed lead,Presidential Correspondence Files,https://catalog.archives.gov/id/366551685,https://s3.amazonaws.com/NARAprodstorage/lz/presidential-libraries/bush/gb-gbs/4545941/41-bpr-scow-pcor-memcon-91110-002.pdf
,,,1.014,conversation-428082333,Greece,1992-11-17,Memcon,"Meeting with Prime Minister Mitsotakis of Greece, November 17, 1992",428082333,https://catalog.archives.gov/id/428082333,https://s3.us-east-1.amazonaws.com/NARAprodstorage/lz/presidential-libraries/bush/gb-nsc/321498039/1992-11-17--Mitsotakis.pdf,415892404; 415892405,4,69,Review likely source/context packet,same month: 1992-11; person signal: mitsotakis; document-type signal: memcon; country signal: greece,CC 019,Central Chronological Files,1992-11-01,November 1992 [1],470761833,Memcon/telcon search lead,European and Eurasian Directorate Central Chronological Files,https://catalog.archives.gov/id/470761833,https://s3.dualstack.us-east-1.amazonaws.com/NARAprodstorage/lz/presidential-libraries/bush/gb-nsc/euro_eura_dir_374000108/41-bpr-nsc-euro_eura-cen_chron-30530-004.pdf
,,,1.014,conversation-428082333,Greece,1992-11-17,Memcon,"Meeting with Prime Minister Mitsotakis of Greece, November 17, 1992",428082333,https://catalog.archives.gov/id/428082333,https://s3.us-east-1.amazonaws.com/NARAprodstorage/lz/presidential-libraries/bush/gb-nsc/321498039/1992-11-17--Mitsotakis.pdf,415892404; 415892405,5,64,Review likely source/context packet,chapter match: Greece; same month: 1992-11; person signal: mitsotakis; high-value packet,RS 002-025,Requested source pool: Presidential Daily File,1992-11-24 to 1992-11-24,"Tuesday, November 24, 1992 [1]",470418201,High-value EastMed lead,Presidential Daily Files,https://catalog.archives.gov/id/470418201,https://s3.amazonaws.com/NARAprodstorage/lz/presidential-libraries/bush/gb-gbpp/Pres_Daily_Files_595141/1992/41-bpr-ootp-daily_files-90737-003.pdf
,,,2.001,conversation-428080249,Cyprus,1989-10-04,Memcon,"Meeting with George Vassiliou, President of Cyprus",428080249,https://catalog.archives.gov/id/428080249,https://s3.us-east-1.amazonaws.com/NARAprodstorage/lz/presidential-libraries/bush/gb-nsc/321498039/1989-10-04--Vassiliou.pdf,415890112; 415890113,1,91,Review likely source/context packet,chapter match: Cyprus; date-range signal: 10/3/89-12/16/89; person signal: vassiliou; document-type signal: memcon; country signal: cyprus; high-value packet,RS 001-016,Requested source pool: Scowcroft Papers,,Presidential Meetings--Memorandum of Conversations 10/3/89-12/16/89,366551665,High-value EastMed lead,Presidential Correspondence Files,https://catalog.archives.gov/id/366551665,https://s3.amazonaws.com/NARAprodstorage/lz/presidential-libraries/bush/gb-gbs/4545941/41-bpr-scow-pcor-memcon-91107-006.pdf
,,,2.001,conversation-428080249,Cyprus,1989-10-04,Memcon,"Meeting with George Vassiliou, President of Cyprus",428080249,https://catalog.archives.gov/id/428080249,https://s3.us-east-1.amazonaws.com/NARAprodstorage/lz/presidential-libraries/bush/gb-nsc/321498039/1989-10-04--Vassiliou.pdf,415890112; 415890113,2,81,Review likely source/context packet,chapter match: Cyprus; same month: 1989-10; person signal: vassiliou; document-type signal: memcon; country signal: cyprus,CC 061,Central Chronological Files,1989-10-01,October 1989 [4],470761664,Memcon/telcon search lead,European and Eurasian Directorate Central Chronological Files,https://catalog.archives.gov/id/470761664,https://s3.dualstack.us-east-1.amazonaws.com/NARAprodstorage/lz/presidential-libraries/bush/gb-nsc/euro_eura_dir_374000108/41-bpr-nsc-euro_eura-cen_chron-30501-005.pdf
,,,2.001,conversation-428080249,Cyprus,1989-10-04,Memcon,"Meeting with George Vassiliou, President of Cyprus",428080249,https://catalog.archives.gov/id/428080249,https://s3.us-east-1.amazonaws.com/NARAprodstorage/lz/presidential-libraries/bush/gb-nsc/321498039/1989-10-04--Vassiliou.pdf,415890112; 415890113,3,81,Review likely source/context packet,chapter match: Cyprus; same month: 1989-10; person signal: vassiliou; document-type signal: memcon; country signal: cyprus,CC 073,Central Chronological Files,1989-10-01,October 1989 [2],470761662,Memcon/telcon search lead,European and Eurasian Directorate Central Chronological Files,https://catalog.archives.gov/id/470761662,https://s3.dualstack.us-east-1.amazonaws.com/NARAprodstorage/lz/presidential-libraries/bush/gb-nsc/euro_eura_dir_374000108/41-bpr-nsc-euro_eura-cen_chron-30501-003.pdf
,,,2.002,conversation-428080971,Cyprus,1990-08-25,Telcon,"Telephone Conversation with President George Vassiliou of Cyprus, August 25, 1990",428080971,https://catalog.archives.gov/id/428080971,https://s3.us-east-1.amazonaws.com/NARAprodstorage/lz/presidential-libraries/bush/gb-nsc/321498139/1990-08-25--Vassiliou.pdf,415890762; 415890763,1,91,Review likely source/context packet,chapter match: Cyprus; date-range signal: 8/22/90-10/5/90; person signal: vassiliou; document-type signal: telcon; country signal: cyprus; high-value packet,RS 001-005,Requested source pool: Scowcroft Papers,,Presidential Telephone Calls--Memorandum of Conversations 8/22/90-10/5/90,366551694,High-value EastMed lead,Presidential Correspondence Files,https://catalog.archives.gov/id/366551694,https://s3.amazonaws.com/NARAprodstorage/lz/presidential-libraries/bush/gb-gbs/4545941/41-bpr-scow-pcor-telcon-91112-002.pdf
,,,2.002,conversation-428080971,Cyprus,1990-08-25,Telcon,"Telephone Conversation with President George Vassiliou of Cyprus, August 25, 1990",428080971,https://catalog.archives.gov/id/428080971,https://s3.us-east-1.amazonaws.com/NARAprodstorage/lz/presidential-libraries/bush/gb-nsc/321498139/1990-08-25--Vassiliou.pdf,415890762; 415890763,2,89,Review likely source/context packet,chapter match: Cyprus; same month: 1990-08; person signal: vassiliou; document-type signal: telcon; country signal: cyprus; open-first packet,CC 055,Central Chronological Files,1990-08-01,August 1990 [7],470761713,Open packet first,European and Eurasian Directorate Central Chronological Files,https://catalog.archives.gov/id/470761713,https://s3.dualstack.us-east-1.amazonaws.com/NARAprodstorage/lz/presidential-libraries/bush/gb-nsc/euro_eura_dir_374000108/41-bpr-nsc-euro_eura-cen_chron-30509-004.pdf
,,,2.002,conversation-428080971,Cyprus,1990-08-25,Telcon,"Telephone Conversation with President George Vassiliou of Cyprus, August 25, 1990",428080971,https://catalog.archives.gov/id/428080971,https://s3.us-east-1.amazonaws.com/NARAprodstorage/lz/presidential-libraries/bush/gb-nsc/321498139/1990-08-25--Vassiliou.pdf,415890762; 415890763,3,89,Review likely source/context packet,chapter match: Cyprus; same month: 1990-08; person signal: vassiliou; document-type signal: telcon; country signal: cyprus; open-first packet,CC 057,Central Chronological Files,1990-08-01,August 1990 [5],470761711,Open packet first,European and Eurasian Directorate Central Chronological Files,https://catalog.archives.gov/id/470761711,https://s3.dualstack.us-east-1.amazonaws.com/NARAprodstorage/lz/presidential-libraries/bush/gb-nsc/euro_eura_dir_374000108/41-bpr-nsc-euro_eura-cen_chron-30509-002.pdf
,,,2.002,conversation-428080971,Cyprus,1990-08-25,Telcon,"Telephone Conversation with President George Vassiliou of Cyprus, August 25, 1990",428080971,https://catalog.archives.gov/id/428080971,https://s3.us-east-1.amazonaws.com/NARAprodstorage/lz/presidential-libraries/bush/gb-nsc/321498139/1990-08-25--Vassiliou.pdf,415890762; 415890763,4,81,Review likely source/context packet,chapter match: Cyprus; same month: 1990-08; person signal: vassiliou; document-type signal: telcon; country signal: cyprus,CC 013,Central Chronological Files,1990-08-01,August 1990 [6],470761712,Memcon/telcon search lead,European and Eurasian Directorate Central Chronological Files,https://catalog.archives.gov/id/470761712,https://s3.dualstack.us-east-1.amazonaws.com/NARAprodstorage/lz/presidential-libraries/bush/gb-nsc/euro_eura_dir_374000108/41-bpr-nsc-euro_eura-cen_chron-30509-003.pdf
,,,2.002,conversation-428080971,Cyprus,1990-08-25,Telcon,"Telephone Conversation with President George Vassiliou of Cyprus, August 25, 1990",428080971,https://catalog.archives.gov/id/428080971,https://s3.us-east-1.amazonaws.com/NARAprodstorage/lz/presidential-libraries/bush/gb-nsc/321498139/1990-08-25--Vassiliou.pdf,415890762; 415890763,5,69,Review likely source/context packet,same month: 1990-08; person signal: vassiliou; document-type signal: telcon; country signal: cyprus,CC 041,Central Chronological Files,1990-08-01,August 1990 [2],470761708,Memcon/telcon search lead,European and Eurasian Directorate Central Chronological Files,https://catalog.archives.gov/id/470761708,https://s3.dualstack.us-east-1.amazonaws.com/NARAprodstorage/lz/presidential-libraries/bush/gb-nsc/euro_eura_dir_374000108/41-bpr-nsc-euro_eura-cen_chron-30508-006.pdf
,,,2.003,conversation-428082149,Cyprus,1992-03-30,Memcon,"Meeting with George Vassiliou, President of Cyprus, March 30, 1992",428082149,https://catalog.archives.gov/id/428082149,https://s3.us-east-1.amazonaws.com/NARAprodstorage/lz/presidential-libraries/bush/gb-nsc/321498039/1992-03-30--Vassiliou.pdf,415891936; 415891937,1,99,Review likely source/context packet,"chapter match: Cyprus; same month: 1992-03; date signal: March 30, 1992; person signal: vassiliou; country signal: cyprus; high-value packet",RS 002-024,Requested source pool: Presidential Daily File,1992-03-30 to 1992-03-30,"Monday, March 30, 1992 [1]",470417673,High-value EastMed lead,Presidential Daily Files,https://catalog.archives.gov/id/470417673,https://s3.amazonaws.com/NARAprodstorage/lz/presidential-libraries/bush/gb-gbpp/Pres_Daily_Files_595141/1992/41-bpr-ootp-daily_files-90665-005.pdf
,,,2.003,conversation-428082149,Cyprus,1992-03-30,Memcon,"Meeting with George Vassiliou, President of Cyprus, March 30, 1992",428082149,https://catalog.archives.gov/id/428082149,https://s3.us-east-1.amazonaws.com/NARAprodstorage/lz/presidential-libraries/bush/gb-nsc/321498039/1992-03-30--Vassiliou.pdf,415891936; 415891937,2,91,Review likely source/context packet,chapter match: Cyprus; date-range signal: 3/3/92-4/28/92; person signal: vassiliou; document-type signal: memcon; country signal: cyprus; high-value packet,RS 001-003,Requested source pool: Scowcroft Papers,,Presidential Meetings--Memorandum of Conversations 3/3/92-4/28/92,366551682,High-value EastMed lead,Presidential Correspondence Files,https://catalog.archives.gov/id/366551682,https://s3.amazonaws.com/NARAprodstorage/lz/presidential-libraries/bush/gb-gbs/4545941/41-bpr-scow-pcor-memcon-91109-007.pdf
,,,2.003,conversation-428082149,Cyprus,1992-03-30,Memcon,"Meeting with George Vassiliou, President of Cyprus, March 30, 1992",428082149,https://catalog.archives.gov/id/428082149,https://s3.us-east-1.amazonaws.com/NARAprodstorage/lz/presidential-libraries/bush/gb-nsc/321498039/1992-03-30--Vassiliou.pdf,415891936; 415891937,3,69,Review likely source/context packet,same month: 1992-03; person signal: vassiliou; document-type signal: memcon; country signal: cyprus,CC 003,Central Chronological Files,1992-03-01,March 1992 [3],470761800,Memcon/telcon search lead,European and Eurasian Directorate Central Chronological Files,https://catalog.archives.gov/id/470761800,https://s3.dualstack.us-east-1.amazonaws.com/NARAprodstorage/lz/presidential-libraries/bush/gb-nsc/euro_eura_dir_374000108/41-bpr-nsc-euro_eura-cen_chron-30524-003.pdf
,,,2.003,conversation-428082149,Cyprus,1992-03-30,Memcon,"Meeting with George Vassiliou, President of Cyprus, March 30, 1992",428082149,https://catalog.archives.gov/id/428082149,https://s3.us-east-1.amazonaws.com/NARAprodstorage/lz/presidential-libraries/bush/gb-nsc/321498039/1992-03-30--Vassiliou.pdf,415891936; 415891937,4,69,Review likely source/context packet,same month: 1992-03; person signal: vassiliou; document-type signal: memcon; country signal: cyprus,CC 016,Central Chronological Files,1992-03-01,March 1992 [2],470761799,Memcon/telcon search lead,European and Eurasian Directorate Central Chronological Files,https://catalog.archives.gov/id/470761799,https://s3.dualstack.us-east-1.amazonaws.com/NARAprodstorage/lz/presidential-libraries/bush/gb-nsc/euro_eura_dir_374000108/41-bpr-nsc-euro_eura-cen_chron-30524-002.pdf
,,,3.001,conversation-428079863,Turkey,1989-02-24,Memcon,"President's Meeting with Prime Minister Turgut Ozal of Turkey, February 24, 1989",428079863,https://catalog.archives.gov/id/428079863,https://s3.us-east-1.amazonaws.com/NARAprodstorage/lz/presidential-libraries/bush/gb-nsc/321498039/1989-02-24--Ozal.pdf,415889668; 415889669,1,87,Review likely source/context packet,chapter match: Turkey; same month: 1989-02; person signal: ozal; document-type signal: memorandum of conversation; country signal: turkey; high-value packet,BC 015,Blackwill Chronological Files,1989-02-01,January-February 1989 [1],453248053,High-value EastMed search lead,Robert D. Blackwill Chronological Files,https://catalog.archives.gov/id/453248053,https://s3.dualstack.us-east-1.amazonaws.com/NARAprodstorage/lz/presidential-libraries/bush/gb-nsc/blackwill/chron_2554659/41-bpr-nsc-blackwill_chron-30540-001.pdf
,,,3.002,conversation-428082487,Turkey,1989-05-29,No Memcon,"Meeting with Prime Minister Turgut Ozal of Turkey, May 29, 1989 (no Memcon)",428082487,https://catalog.archives.gov/id/428082487,https://s3.us-east-1.amazonaws.com/NARAprodstorage/lz/presidential-libraries/bush/gb-nsc/321498039/1989-05-29--Ozal.pdf,415889856; 415889857,1,83,Review likely source/context packet,date signal: May 29; person signal: ozal; document-type signal: memcon; country signal: turkey; open-first packet,BC 001,Blackwill Chronological Files,1989-06-01,June 1989 [6],453248088,Open packet first,Robert D. Blackwill Chronological Files,https://catalog.archives.gov/id/453248088,https://s3.dualstack.us-east-1.amazonaws.com/NARAprodstorage/lz/presidential-libraries/bush/gb-nsc/blackwill/chron_2554659/41-bpr-nsc-blackwill_chron-30545-006.pdf
,,,3.002,conversation-428082487,Turkey,1989-05-29,No Memcon,"Meeting with Prime Minister Turgut Ozal of Turkey, May 29, 1989 (no Memcon)",428082487,https://catalog.archives.gov/id/428082487,https://s3.us-east-1.amazonaws.com/NARAprodstorage/lz/presidential-libraries/bush/gb-nsc/321498039/1989-05-29--Ozal.pdf,415889856; 415889857,2,83,Review likely source/context packet,date signal: May 29; person signal: ozal; document-type signal: memcon; country signal: turkey; open-first packet,BC 002,Blackwill Chronological Files,1989-07-01,July 1989 [2],453248091,Open packet first,Robert D. Blackwill Chronological Files,https://catalog.archives.gov/id/453248091,https://s3.dualstack.us-east-1.amazonaws.com/NARAprodstorage/lz/presidential-libraries/bush/gb-nsc/blackwill/chron_2554659/41-bpr-nsc-blackwill_chron-30546-002.pdf
,,,3.002,conversation-428082487,Turkey,1989-05-29,No Memcon,"Meeting with Prime Minister Turgut Ozal of Turkey, May 29, 1989 (no Memcon)",428082487,https://catalog.archives.gov/id/428082487,https://s3.us-east-1.amazonaws.com/NARAprodstorage/lz/presidential-libraries/bush/gb-nsc/321498039/1989-05-29--Ozal.pdf,415889856; 415889857,3,77,Review likely source/context packet,same month: 1989-05; person signal: ozal; document-type signal: memorandum of conversation; country signal: turkey; open-first packet,BC 003,Blackwill Chronological Files,1989-05-01,May 1989 [7],453248079,Open packet first,Robert D. Blackwill Chronological Files,https://catalog.archives.gov/id/453248079,https://s3.dualstack.us-east-1.amazonaws.com/NARAprodstorage/lz/presidential-libraries/bush/gb-nsc/blackwill/chron_2554659/41-bpr-nsc-blackwill_chron-30544-003.pdf
,,,3.003,conversation-428080111,Turkey,1989-07-03,Telcon,"Telephone Call to Prime Minister Turgut Ozal of Turkey, July 3, 1989",428080111,https://catalog.archives.gov/id/428080111,https://s3.us-east-1.amazonaws.com/NARAprodstorage/lz/presidential-libraries/bush/gb-nsc/321498139/1989-07-03--Ozal.pdf,415889926; 415889927,1,87,Review likely source/context packet,chapter match: Turkey; same month: 1989-07; person signal: ozal; document-type signal: telephone conversation; country signal: turkey; high-value packet,BC 013,Blackwill Chronological Files,1989-07-01,July 1989 [4],453248093,High-value EastMed search lead,Robert D. Blackwill Chronological Files,https://catalog.archives.gov/id/453248093,https://s3.dualstack.us-east-1.amazonaws.com/NARAprodstorage/lz/presidential-libraries/bush/gb-nsc/blackwill/chron_2554659/41-bpr-nsc-blackwill_chron-30546-004.pdf
,,,3.003,conversation-428080111,Turkey,1989-07-03,Telcon,"Telephone Call to Prime Minister Turgut Ozal of Turkey, July 3, 1989",428080111,https://catalog.archives.gov/id/428080111,https://s3.us-east-1.amazonaws.com/NARAprodstorage/lz/presidential-libraries/bush/gb-nsc/321498139/1989-07-03--Ozal.pdf,415889926; 415889927,2,87,Review likely source/context packet,chapter match: Turkey; same month: 1989-07; person signal: ozal; document-type signal: telephone conversation; country signal: turkey; high-value packet,BC 014,Blackwill Chronological Files,1989-07-01,July 1989 [5],453248094,High-value EastMed search lead,Robert D. Blackwill Chronological Files,https://catalog.archives.gov/id/453248094,https://s3.dualstack.us-east-1.amazonaws.com/NARAprodstorage/lz/presidential-libraries/bush/gb-nsc/blackwill/chron_2554659/41-bpr-nsc-blackwill_chron-30546-005.pdf
,,,3.003,conversation-428080111,Turkey,1989-07-03,Telcon,"Telephone Call to Prime Minister Turgut Ozal of Turkey, July 3, 1989",428080111,https://catalog.archives.gov/id/428080111,https://s3.us-east-1.amazonaws.com/NARAprodstorage/lz/presidential-libraries/bush/gb-nsc/321498139/1989-07-03--Ozal.pdf,415889926; 415889927,3,77,Review likely source/context packet,same month: 1989-07; person signal: ozal; document-type signal: telephone conversation; country signal: turkey; open-first packet,BC 002,Blackwill Chronological Files,1989-07-01,July 1989 [2],453248091,Open packet first,Robert D. Blackwill Chronological Files,https://catalog.archives.gov/id/453248091,https://s3.dualstack.us-east-1.amazonaws.com/NARAprodstorage/lz/presidential-libraries/bush/gb-nsc/blackwill/chron_2554659/41-bpr-nsc-blackwill_chron-30546-002.pdf
,,,3.003,conversation-428080111,Turkey,1989-07-03,Telcon,"Telephone Call to Prime Minister Turgut Ozal of Turkey, July 3, 1989",428080111,https://catalog.archives.gov/id/428080111,https://s3.us-east-1.amazonaws.com/NARAprodstorage/lz/presidential-libraries/bush/gb-nsc/321498139/1989-07-03--Ozal.pdf,415889926; 415889927,4,75,Review likely source/context packet,same month: 1989-07; person signal: ozal; document-type signal: telephone conversation; country signal: turkey; high-value packet,BC 005,Blackwill Chronological Files,1989-07-01,July 1989 [1],453248090,High-value EastMed search lead,Robert D. Blackwill Chronological Files,https://catalog.archives.gov/id/453248090,https://s3.dualstack.us-east-1.amazonaws.com/NARAprodstorage/lz/presidential-libraries/bush/gb-nsc/blackwill/chron_2554659/41-bpr-nsc-blackwill_chron-30546-001.pdf
,,,3.004,conversation-428080149,Turkey,1989-08-01,Telcon,"Telephone Call to President Kenan Evren of Turkey, August 1, 1989",428080149,https://catalog.archives.gov/id/428080149,https://s3.us-east-1.amazonaws.com/NARAprodstorage/lz/presidential-libraries/bush/gb-nsc/321498139/1989-08-01--Evren.pdf,415889984; 415889985,1,119,Review likely source/context packet,"chapter match: Turkey; same month: 1989-08; date signal: August 1, 1989; person signal: evren; document-type signal: telephone conversation; country signal: turkey; open-first packet",BC 004,Blackwill Chronological Files,1989-08-01,August 1989 [7],453248101,Open packet first,Robert D. Blackwill Chronological Files,https://catalog.archives.gov/id/453248101,https://s3.dualstack.us-east-1.amazonaws.com/NARAprodstorage/lz/presidential-libraries/bush/gb-nsc/blackwill/chron_2554659/41-bpr-nsc-blackwill_chron-30547-005.pdf
,,,3.005,conversation-428080153,Turkey,1989-08-01,Telcon,"Telephone Call to Prime Minister Turgut Ozal of Turkey, August 1, 1989",428080153,https://catalog.archives.gov/id/428080153,https://s3.us-east-1.amazonaws.com/NARAprodstorage/lz/presidential-libraries/bush/gb-nsc/321498139/1989-08-01--Ozal.pdf,415889984; 415889985,1,121,Review likely source/context packet,chapter match: Turkey; date signal: 8/1/89; date-range signal: 8/1/89-10/23/89; person signal: ozal; document-type signal: telcon; country signal: turkey; high-value packet,RS 001-022,Requested source pool: Scowcroft Papers,,Presidential Telephone Calls--Memorandum of Conversations 8/1/89-10/23/89,366551688,High-value EastMed lead,Presidential Correspondence Files,https://catalog.archives.gov/id/366551688,https://s3.amazonaws.com/NARAprodstorage/lz/presidential-libraries/bush/gb-gbs/4545941/41-bpr-scow-pcor-telcon-91111-003.pdf
,,,3.005,conversation-428080153,Turkey,1989-08-01,Telcon,"Telephone Call to Prime Minister Turgut Ozal of Turkey, August 1, 1989",428080153,https://catalog.archives.gov/id/428080153,https://s3.us-east-1.amazonaws.com/NARAprodstorage/lz/presidential-libraries/bush/gb-nsc/321498139/1989-08-01--Ozal.pdf,415889984; 415889985,2,119,Review likely source/context packet,"chapter match: Turkey; same month: 1989-08; date signal: August 1, 1989; person signal: ozal; document-type signal: telephone conversation; country signal: turkey; open-first packet",BC 004,Blackwill Chronological Files,1989-08-01,August 1989 [7],453248101,Open packet first,Robert D. Blackwill Chronological Files,https://catalog.archives.gov/id/453248101,https://s3.dualstack.us-east-1.amazonaws.com/NARAprodstorage/lz/presidential-libraries/bush/gb-nsc/blackwill/chron_2554659/41-bpr-nsc-blackwill_chron-30547-005.pdf
,,,3.005,conversation-428080153,Turkey,1989-08-01,Telcon,"Telephone Call to Prime Minister Turgut Ozal of Turkey, August 1, 1989",428080153,https://catalog.archives.gov/id/428080153,https://s3.us-east-1.amazonaws.com/NARAprodstorage/lz/presidential-libraries/bush/gb-nsc/321498139/1989-08-01--Ozal.pdf,415889984; 415889985,3,89,Review likely source/context packet,chapter match: Turkey; same month: 1989-08; person signal: ozal; document-type signal: telephone conversation; country signal: turkey; open-first packet,BC 010,Blackwill Chronological Files,1989-08-01,August 1989 [5],453248099,Open packet first,Robert D. Blackwill Chronological Files,https://catalog.archives.gov/id/453248099,https://s3.dualstack.us-east-1.amazonaws.com/NARAprodstorage/lz/presidential-libraries/bush/gb-nsc/blackwill/chron_2554659/41-bpr-nsc-blackwill_chron-30547-003.pdf
,,,3.005,conversation-428080153,Turkey,1989-08-01,Telcon,"Telephone Call to Prime Minister Turgut Ozal of Turkey, August 1, 1989",428080153,https://catalog.archives.gov/id/428080153,https://s3.us-east-1.amazonaws.com/NARAprodstorage/lz/presidential-libraries/bush/gb-nsc/321498139/1989-08-01--Ozal.pdf,415889984; 415889985,4,87,Review likely source/context packet,chapter match: Turkey; same month: 1989-08; person signal: ozal; document-type signal: telephone conversation; country signal: turkey; high-value packet,BC 016,Blackwill Chronological Files,1989-08-01,August 1989 [1],453248095,High-value EastMed search lead,Robert D. Blackwill Chronological Files,https://catalog.archives.gov/id/453248095,https://s3.dualstack.us-east-1.amazonaws.com/NARAprodstorage/lz/presidential-libraries/bush/gb-nsc/blackwill/chron_2554659/41-bpr-nsc-blackwill_chron-30546-006.pdf
,,,3.006,conversation-428080269,Turkey,1989-10-02,Telcon,"Telephone Conversation with Turgut Ozal, Prime Minister of Republic of Turkey",428080269,https://catalog.archives.gov/id/428080269,https://s3.us-east-1.amazonaws.com/NARAprodstorage/lz/presidential-libraries/bush/gb-nsc/321498139/1989-10-02--Ozal.pdf,415890108; 415890109,1,91,Review likely source/context packet,chapter match: Turkey; date-range signal: 8/1/89-10/23/89; person signal: ozal; document-type signal: telcon; country signal: turkey; high-value packet,RS 001-022,Requested source pool: Scowcroft Papers,,Presidential Telephone Calls--Memorandum of Conversations 8/1/89-10/23/89,366551688,High-value EastMed lead,Presidential Correspondence Files,https://catalog.archives.gov/id/366551688,https://s3.amazonaws.com/NARAprodstorage/lz/presidential-libraries/bush/gb-gbs/4545941/41-bpr-scow-pcor-telcon-91111-003.pdf
,,,3.007,conversation-428080363,Turkey,1989-11-27,Telcon,"Telephone Call to President Turgut Ozal of Turkey, November 27, 1989",428080363,https://catalog.archives.gov/id/428080363,https://s3.us-east-1.amazonaws.com/NARAprodstorage/lz/presidential-libraries/bush/gb-nsc/321498139/1989-11-27--Ozal.pdf,415890220; 415890221,1,117,Review likely source/context packet,"chapter match: Turkey; same month: 1989-11; date signal: November 27, 1989; person signal: ozal; document-type signal: telephone conversation; country signal: turkey; high-value packet",RS 002-013,Requested source pool: Presidential Daily File,1989-11-27 to 1989-11-27,"Monday, November 27, 1989",470416509,High-value EastMed lead,Presidential Daily Files,https://catalog.archives.gov/id/470416509,https://s3.amazonaws.com/NARAprodstorage/lz/presidential-libraries/bush/gb-gbpp/Pres_Daily_Files_595141/1989/41-bpr-ootp-daily_files-90527-011.pdf
,,,3.007,conversation-428080363,Turkey,1989-11-27,Telcon,"Telephone Call to President Turgut Ozal of Turkey, November 27, 1989",428080363,https://catalog.archives.gov/id/428080363,https://s3.us-east-1.amazonaws.com/NARAprodstorage/lz/presidential-libraries/bush/gb-nsc/321498139/1989-11-27--Ozal.pdf,415890220; 415890221,2,95,Review likely source/context packet,chapter match: Turkey; date signal: 11/27/89; person signal: ozal; document-type signal: telcon; country signal: turkey; open-first packet,CC 076,Central Chronological Files,1989-12-01,December 1989 [3],470761673,Open packet first,European and Eurasian Directorate Central Chronological Files,https://catalog.archives.gov/id/470761673,https://s3.dualstack.us-east-1.amazonaws.com/NARAprodstorage/lz/presidential-libraries/bush/gb-nsc/euro_eura_dir_374000108/41-bpr-nsc-euro_eura-cen_chron-30503-003.pdf
,,,3.008,conversation-428080435,Turkey,1990-01-18,Memcon,"Meeting With President Turgut Ozal of Turkey, January 18, 1990 (1 of 2)",428080435,https://catalog.archives.gov/id/428080435,https://s3.us-east-1.amazonaws.com/NARAprodstorage/lz/presidential-libraries/bush/gb-nsc/321498039/1990-01-18--Ozal-1.pdf,415890324; 415890325,1,91,Review likely source/context packet,chapter match: Turkey; date-range signal: 1/11/90-2/21/90; person signal: ozal; document-type signal: memcon; country signal: turkey; high-value packet,RS 001-007,Requested source pool: Scowcroft Papers,,Presidential Meetings--Memorandum of Conversations 1/11/90-2/21/90,366551666,High-value EastMed lead,Presidential Correspondence Files,https://catalog.archives.gov/id/366551666,https://s3.amazonaws.com/NARAprodstorage/lz/presidential-libraries/bush/gb-gbs/4545941/41-bpr-scow-pcor-memcon-91107-007.pdf
,,,3.008,conversation-428080435,Turkey,1990-01-18,Memcon,"Meeting With President Turgut Ozal of Turkey, January 18, 1990 (1 of 2)",428080435,https://catalog.archives.gov/id/428080435,https://s3.us-east-1.amazonaws.com/NARAprodstorage/lz/presidential-libraries/bush/gb-nsc/321498039/1990-01-18--Ozal-1.pdf,415890324; 415890325,2,89,Review likely source/context packet,chapter match: Turkey; same month: 1990-01; person signal: ozal; document-type signal: memcon; country signal: turkey; open-first packet,CC 033,Central Chronological Files,1990-01-01,January 1990 [1],470761674,Open packet first,European and Eurasian Directorate Central Chronological Files,https://catalog.archives.gov/id/470761674,https://s3.dualstack.us-east-1.amazonaws.com/NARAprodstorage/lz/presidential-libraries/bush/gb-nsc/euro_eura_dir_374000108/41-bpr-nsc-euro_eura-cen_chron-30503-004.pdf
,,,3.009,conversation-428080437,Turkey,1990-01-18,Memcon,"Meeting with President Turgut Ozal of Turkey, January 18, 1990 (2 of 2)",428080437,https://catalog.archives.gov/id/428080437,https://s3.us-east-1.amazonaws.com/NARAprodstorage/lz/presidential-libraries/bush/gb-nsc/321498039/1990-01-18--Ozal-2.pdf,415890324; 415890325,1,91,Review likely source/context packet,chapter match: Turkey; date-range signal: 1/11/90-2/21/90; person signal: ozal; document-type signal: memcon; country signal: turkey; high-value packet,RS 001-007,Requested source pool: Scowcroft Papers,,Presidential Meetings--Memorandum of Conversations 1/11/90-2/21/90,366551666,High-value EastMed lead,Presidential Correspondence Files,https://catalog.archives.gov/id/366551666,https://s3.amazonaws.com/NARAprodstorage/lz/presidential-libraries/bush/gb-gbs/4545941/41-bpr-scow-pcor-memcon-91107-007.pdf
,,,3.009,conversation-428080437,Turkey,1990-01-18,Memcon,"Meeting with President Turgut Ozal of Turkey, January 18, 1990 (2 of 2)",428080437,https://catalog.archives.gov/id/428080437,https://s3.us-east-1.amazonaws.com/NARAprodstorage/lz/presidential-libraries/bush/gb-nsc/321498039/1990-01-18--Ozal-2.pdf,415890324; 415890325,2,89,Review likely source/context packet,chapter match: Turkey; same month: 1990-01; person signal: ozal; document-type signal: memcon; country signal: turkey; open-first packet,CC 033,Central Chronological Files,1990-01-01,January 1990 [1],470761674,Open packet first,European and Eurasian Directorate Central Chronological Files,https://catalog.archives.gov/id/470761674,https://s3.dualstack.us-east-1.amazonaws.com/NARAprodstorage/lz/presidential-libraries/bush/gb-nsc/euro_eura_dir_374000108/41-bpr-nsc-euro_eura-cen_chron-30503-004.pdf
,,,3.010,conversation-428080861,Turkey,1990-07-26,Telcon,"Telephone Call to President Turgut Ozal of Turkey, July 26, 1990",428080861,https://catalog.archives.gov/id/428080861,https://s3.us-east-1.amazonaws.com/NARAprodstorage/lz/presidential-libraries/bush/gb-nsc/321498139/1990-07-26--Ozal.pdf,415890703,,,No source-lane match above threshold,,,,,,,,,,
,,,3.011,conversation-428080881,Turkey,1990-08-03,Telcon,"Telephone Call to President Turgut Ozal of Turkey, August 3, 1990",428080881,https://catalog.archives.gov/id/428080881,https://s3.us-east-1.amazonaws.com/NARAprodstorage/lz/presidential-libraries/bush/gb-nsc/321498139/1990-08-03--Ozal.pdf,415890718; 415890719,1,87,Review likely source/context packet,chapter match: Turkey; same month: 1990-08; person signal: ozal; document-type signal: telephone conversation; country signal: turkey; high-value packet,RS 002-029,Requested source pool: Presidential Daily File,1990-08-14 to 1990-08-14,"Tuesday, August 14, 1990",470416813,High-value EastMed lead,Presidential Daily Files,https://catalog.archives.gov/id/470416813,https://s3.amazonaws.com/NARAprodstorage/lz/presidential-libraries/bush/gb-gbpp/Pres_Daily_Files_595141/1990/41-bpr-ootp-daily_files-90557-001.pdf
,,,3.011,conversation-428080881,Turkey,1990-08-03,Telcon,"Telephone Call to President Turgut Ozal of Turkey, August 3, 1990",428080881,https://catalog.archives.gov/id/428080881,https://s3.us-east-1.amazonaws.com/NARAprodstorage/lz/presidential-libraries/bush/gb-nsc/321498139/1990-08-03--Ozal.pdf,415890718; 415890719,2,77,Review likely source/context packet,same month: 1990-08; person signal: ozal; document-type signal: telcon; country signal: turkey; open-first packet,CC 055,Central Chronological Files,1990-08-01,August 1990 [7],470761713,Open packet first,European and Eurasian Directorate Central Chronological Files,https://catalog.archives.gov/id/470761713,https://s3.dualstack.us-east-1.amazonaws.com/NARAprodstorage/lz/presidential-libraries/bush/gb-nsc/euro_eura_dir_374000108/41-bpr-nsc-euro_eura-cen_chron-30509-004.pdf
,,,3.011,conversation-428080881,Turkey,1990-08-03,Telcon,"Telephone Call to President Turgut Ozal of Turkey, August 3, 1990",428080881,https://catalog.archives.gov/id/428080881,https://s3.us-east-1.amazonaws.com/NARAprodstorage/lz/presidential-libraries/bush/gb-nsc/321498139/1990-08-03--Ozal.pdf,415890718; 415890719,3,77,Review likely source/context packet,same month: 1990-08; person signal: ozal; document-type signal: telcon; country signal: turkey; open-first packet,CC 057,Central Chronological Files,1990-08-01,August 1990 [5],470761711,Open packet first,European and Eurasian Directorate Central Chronological Files,https://catalog.archives.gov/id/470761711,https://s3.dualstack.us-east-1.amazonaws.com/NARAprodstorage/lz/presidential-libraries/bush/gb-nsc/euro_eura_dir_374000108/41-bpr-nsc-euro_eura-cen_chron-30509-002.pdf
,,,3.011,conversation-428080881,Turkey,1990-08-03,Telcon,"Telephone Call to President Turgut Ozal of Turkey, August 3, 1990",428080881,https://catalog.archives.gov/id/428080881,https://s3.us-east-1.amazonaws.com/NARAprodstorage/lz/presidential-libraries/bush/gb-nsc/321498139/1990-08-03--Ozal.pdf,415890718; 415890719,4,69,Review likely source/context packet,same month: 1990-08; person signal: ozal; document-type signal: telcon; country signal: turkey,CC 041,Central Chronological Files,1990-08-01,August 1990 [2],470761708,Memcon/telcon search lead,European and Eurasian Directorate Central Chronological Files,https://catalog.archives.gov/id/470761708,https://s3.dualstack.us-east-1.amazonaws.com/NARAprodstorage/lz/presidential-libraries/bush/gb-nsc/euro_eura_dir_374000108/41-bpr-nsc-euro_eura-cen_chron-30508-006.pdf
,,,3.011,conversation-428080881,Turkey,1990-08-03,Telcon,"Telephone Call to President Turgut Ozal of Turkey, August 3, 1990",428080881,https://catalog.archives.gov/id/428080881,https://s3.us-east-1.amazonaws.com/NARAprodstorage/lz/presidential-libraries/bush/gb-nsc/321498139/1990-08-03--Ozal.pdf,415890718; 415890719,5,69,Review likely source/context packet,same month: 1990-08; person signal: ozal; document-type signal: telcon; country signal: turkey,CC 067,Central Chronological Files,1990-08-01,August 1990 [4],470761710,Memcon/telcon search lead,European and Eurasian Directorate Central Chronological Files,https://catalog.archives.gov/id/470761710,https://s3.dualstack.us-east-1.amazonaws.com/NARAprodstorage/lz/presidential-libraries/bush/gb-nsc/euro_eura_dir_374000108/41-bpr-nsc-euro_eura-cen_chron-30509-001.pdf
,,,3.012,conversation-428080891,Turkey,1990-08-04,Telcon,"Telephone Call to President Turgut Ozal of Turkey, August 4, 1990",428080891,https://catalog.archives.gov/id/428080891,https://s3.us-east-1.amazonaws.com/NARAprodstorage/lz/presidential-libraries/bush/gb-nsc/321498139/1990-08-04--Ozal.pdf,415890720; 415890721,1,87,Review likely source/context packet,chapter match: Turkey; same month: 1990-08; person signal: ozal; document-type signal: telephone conversation; country signal: turkey; high-value packet,RS 002-029,Requested source pool: Presidential Daily File,1990-08-14 to 1990-08-14,"Tuesday, August 14, 1990",470416813,High-value EastMed lead,Presidential Daily Files,https://catalog.archives.gov/id/470416813,https://s3.amazonaws.com/NARAprodstorage/lz/presidential-libraries/bush/gb-gbpp/Pres_Daily_Files_595141/1990/41-bpr-ootp-daily_files-90557-001.pdf
,,,3.012,conversation-428080891,Turkey,1990-08-04,Telcon,"Telephone Call to President Turgut Ozal of Turkey, August 4, 1990",428080891,https://catalog.archives.gov/id/428080891,https://s3.us-east-1.amazonaws.com/NARAprodstorage/lz/presidential-libraries/bush/gb-nsc/321498139/1990-08-04--Ozal.pdf,415890720; 415890721,2,77,Review likely source/context packet,same month: 1990-08; person signal: ozal; document-type signal: telcon; country signal: turkey; open-first packet,CC 055,Central Chronological Files,1990-08-01,August 1990 [7],470761713,Open packet first,European and Eurasian Directorate Central Chronological Files,https://catalog.archives.gov/id/470761713,https://s3.dualstack.us-east-1.amazonaws.com/NARAprodstorage/lz/presidential-libraries/bush/gb-nsc/euro_eura_dir_374000108/41-bpr-nsc-euro_eura-cen_chron-30509-004.pdf
,,,3.012,conversation-428080891,Turkey,1990-08-04,Telcon,"Telephone Call to President Turgut Ozal of Turkey, August 4, 1990",428080891,https://catalog.archives.gov/id/428080891,https://s3.us-east-1.amazonaws.com/NARAprodstorage/lz/presidential-libraries/bush/gb-nsc/321498139/1990-08-04--Ozal.pdf,415890720; 415890721,3,77,Review likely source/context packet,same month: 1990-08; person signal: ozal; document-type signal: telcon; country signal: turkey; open-first packet,CC 057,Central Chronological Files,1990-08-01,August 1990 [5],470761711,Open packet first,European and Eurasian Directorate Central Chronological Files,https://catalog.archives.gov/id/470761711,https://s3.dualstack.us-east-1.amazonaws.com/NARAprodstorage/lz/presidential-libraries/bush/gb-nsc/euro_eura_dir_374000108/41-bpr-nsc-euro_eura-cen_chron-30509-002.pdf
,,,3.012,conversation-428080891,Turkey,1990-08-04,Telcon,"Telephone Call to President Turgut Ozal of Turkey, August 4, 1990",428080891,https://catalog.archives.gov/id/428080891,https://s3.us-east-1.amazonaws.com/NARAprodstorage/lz/presidential-libraries/bush/gb-nsc/321498139/1990-08-04--Ozal.pdf,415890720; 415890721,4,69,Review likely source/context packet,same month: 1990-08; person signal: ozal; document-type signal: telcon; country signal: turkey,CC 041,Central Chronological Files,1990-08-01,August 1990 [2],470761708,Memcon/telcon search lead,European and Eurasian Directorate Central Chronological Files,https://catalog.archives.gov/id/470761708,https://s3.dualstack.us-east-1.amazonaws.com/NARAprodstorage/lz/presidential-libraries/bush/gb-nsc/euro_eura_dir_374000108/41-bpr-nsc-euro_eura-cen_chron-30508-006.pdf
,,,3.012,conversation-428080891,Turkey,1990-08-04,Telcon,"Telephone Call to President Turgut Ozal of Turkey, August 4, 1990",428080891,https://catalog.archives.gov/id/428080891,https://s3.us-east-1.amazonaws.com/NARAprodstorage/lz/presidential-libraries/bush/gb-nsc/321498139/1990-08-04--Ozal.pdf,415890720; 415890721,5,69,Review likely source/context packet,same month: 1990-08; person signal: ozal; document-type signal: telcon; country signal: turkey,CC 067,Central Chronological Files,1990-08-01,August 1990 [4],470761710,Memcon/telcon search lead,European and Eurasian Directorate Central Chronological Files,https://catalog.archives.gov/id/470761710,https://s3.dualstack.us-east-1.amazonaws.com/NARAprodstorage/lz/presidential-libraries/bush/gb-nsc/euro_eura_dir_374000108/41-bpr-nsc-euro_eura-cen_chron-30509-001.pdf
,,,3.013,conversation-428080899,Turkey,1990-08-05,Telcon,"Telcon with President Ozal of Turkey, August 5, 1990",428080899,https://catalog.archives.gov/id/428080899,https://s3.us-east-1.amazonaws.com/NARAprodstorage/lz/presidential-libraries/bush/gb-nsc/321498139/1990-08-05--Ozal.pdf,415890722; 415890723,1,87,Review likely source/context packet,chapter match: Turkey; same month: 1990-08; person signal: ozal; document-type signal: telephone conversation; country signal: turkey; high-value packet,RS 002-029,Requested source pool: Presidential Daily File,1990-08-14 to 1990-08-14,"Tuesday, August 14, 1990",470416813,High-value EastMed lead,Presidential Daily Files,https://catalog.archives.gov/id/470416813,https://s3.amazonaws.com/NARAprodstorage/lz/presidential-libraries/bush/gb-gbpp/Pres_Daily_Files_595141/1990/41-bpr-ootp-daily_files-90557-001.pdf
,,,3.013,conversation-428080899,Turkey,1990-08-05,Telcon,"Telcon with President Ozal of Turkey, August 5, 1990",428080899,https://catalog.archives.gov/id/428080899,https://s3.us-east-1.amazonaws.com/NARAprodstorage/lz/presidential-libraries/bush/gb-nsc/321498139/1990-08-05--Ozal.pdf,415890722; 415890723,2,77,Review likely source/context packet,same month: 1990-08; person signal: ozal; document-type signal: telcon; country signal: turkey; open-first packet,CC 055,Central Chronological Files,1990-08-01,August 1990 [7],470761713,Open packet first,European and Eurasian Directorate Central Chronological Files,https://catalog.archives.gov/id/470761713,https://s3.dualstack.us-east-1.amazonaws.com/NARAprodstorage/lz/presidential-libraries/bush/gb-nsc/euro_eura_dir_374000108/41-bpr-nsc-euro_eura-cen_chron-30509-004.pdf
,,,3.013,conversation-428080899,Turkey,1990-08-05,Telcon,"Telcon with President Ozal of Turkey, August 5, 1990",428080899,https://catalog.archives.gov/id/428080899,https://s3.us-east-1.amazonaws.com/NARAprodstorage/lz/presidential-libraries/bush/gb-nsc/321498139/1990-08-05--Ozal.pdf,415890722; 415890723,3,77,Review likely source/context packet,same month: 1990-08; person signal: ozal; document-type signal: telcon; country signal: turkey; open-first packet,CC 057,Central Chronological Files,1990-08-01,August 1990 [5],470761711,Open packet first,European and Eurasian Directorate Central Chronological Files,https://catalog.archives.gov/id/470761711,https://s3.dualstack.us-east-1.amazonaws.com/NARAprodstorage/lz/presidential-libraries/bush/gb-nsc/euro_eura_dir_374000108/41-bpr-nsc-euro_eura-cen_chron-30509-002.pdf
,,,3.013,conversation-428080899,Turkey,1990-08-05,Telcon,"Telcon with President Ozal of Turkey, August 5, 1990",428080899,https://catalog.archives.gov/id/428080899,https://s3.us-east-1.amazonaws.com/NARAprodstorage/lz/presidential-libraries/bush/gb-nsc/321498139/1990-08-05--Ozal.pdf,415890722; 415890723,4,69,Review likely source/context packet,same month: 1990-08; person signal: ozal; document-type signal: telcon; country signal: turkey,CC 041,Central Chronological Files,1990-08-01,August 1990 [2],470761708,Memcon/telcon search lead,European and Eurasian Directorate Central Chronological Files,https://catalog.archives.gov/id/470761708,https://s3.dualstack.us-east-1.amazonaws.com/NARAprodstorage/lz/presidential-libraries/bush/gb-nsc/euro_eura_dir_374000108/41-bpr-nsc-euro_eura-cen_chron-30508-006.pdf
,,,3.013,conversation-428080899,Turkey,1990-08-05,Telcon,"Telcon with President Ozal of Turkey, August 5, 1990",428080899,https://catalog.archives.gov/id/428080899,https://s3.us-east-1.amazonaws.com/NARAprodstorage/lz/presidential-libraries/bush/gb-nsc/321498139/1990-08-05--Ozal.pdf,415890722; 415890723,5,69,Review likely source/context packet,same month: 1990-08; person signal: ozal; document-type signal: telcon; country signal: turkey,CC 067,Central Chronological Files,1990-08-01,August 1990 [4],470761710,Memcon/telcon search lead,European and Eurasian Directorate Central Chronological Files,https://catalog.archives.gov/id/470761710,https://s3.dualstack.us-east-1.amazonaws.com/NARAprodstorage/lz/presidential-libraries/bush/gb-nsc/euro_eura_dir_374000108/41-bpr-nsc-euro_eura-cen_chron-30509-001.pdf
,,,3.014,conversation-428080911,Turkey,1990-08-08,Telcon,"Telephone Call from President Turgut Ozal of Turkey, August 8, 1990",428080911,https://catalog.archives.gov/id/428080911,https://s3.us-east-1.amazonaws.com/NARAprodstorage/lz/presidential-libraries/bush/gb-nsc/321498139/1990-08-08--Ozal.pdf,415890728; 415890729,1,87,Review likely source/context packet,chapter match: Turkey; same month: 1990-08; person signal: ozal; document-type signal: telephone conversation; country signal: turkey; high-value packet,RS 002-029,Requested source pool: Presidential Daily File,1990-08-14 to 1990-08-14,"Tuesday, August 14, 1990",470416813,High-value EastMed lead,Presidential Daily Files,https://catalog.archives.gov/id/470416813,https://s3.amazonaws.com/NARAprodstorage/lz/presidential-libraries/bush/gb-gbpp/Pres_Daily_Files_595141/1990/41-bpr-ootp-daily_files-90557-001.pdf
,,,3.014,conversation-428080911,Turkey,1990-08-08,Telcon,"Telephone Call from President Turgut Ozal of Turkey, August 8, 1990",428080911,https://catalog.archives.gov/id/428080911,https://s3.us-east-1.amazonaws.com/NARAprodstorage/lz/presidential-libraries/bush/gb-nsc/321498139/1990-08-08--Ozal.pdf,415890728; 415890729,2,77,Review likely source/context packet,same month: 1990-08; person signal: ozal; document-type signal: telcon; country signal: turkey; open-first packet,CC 055,Central Chronological Files,1990-08-01,August 1990 [7],470761713,Open packet first,European and Eurasian Directorate Central Chronological Files,https://catalog.archives.gov/id/470761713,https://s3.dualstack.us-east-1.amazonaws.com/NARAprodstorage/lz/presidential-libraries/bush/gb-nsc/euro_eura_dir_374000108/41-bpr-nsc-euro_eura-cen_chron-30509-004.pdf
,,,3.014,conversation-428080911,Turkey,1990-08-08,Telcon,"Telephone Call from President Turgut Ozal of Turkey, August 8, 1990",428080911,https://catalog.archives.gov/id/428080911,https://s3.us-east-1.amazonaws.com/NARAprodstorage/lz/presidential-libraries/bush/gb-nsc/321498139/1990-08-08--Ozal.pdf,415890728; 415890729,3,77,Review likely source/context packet,same month: 1990-08; person signal: ozal; document-type signal: telcon; country signal: turkey; open-first packet,CC 057,Central Chronological Files,1990-08-01,August 1990 [5],470761711,Open packet first,European and Eurasian Directorate Central Chronological Files,https://catalog.archives.gov/id/470761711,https://s3.dualstack.us-east-1.amazonaws.com/NARAprodstorage/lz/presidential-libraries/bush/gb-nsc/euro_eura_dir_374000108/41-bpr-nsc-euro_eura-cen_chron-30509-002.pdf
,,,3.014,conversation-428080911,Turkey,1990-08-08,Telcon,"Telephone Call from President Turgut Ozal of Turkey, August 8, 1990",428080911,https://catalog.archives.gov/id/428080911,https://s3.us-east-1.amazonaws.com/NARAprodstorage/lz/presidential-libraries/bush/gb-nsc/321498139/1990-08-08--Ozal.pdf,415890728; 415890729,4,69,Review likely source/context packet,same month: 1990-08; person signal: ozal; document-type signal: telcon; country signal: turkey,CC 041,Central Chronological Files,1990-08-01,August 1990 [2],470761708,Memcon/telcon search lead,European and Eurasian Directorate Central Chronological Files,https://catalog.archives.gov/id/470761708,https://s3.dualstack.us-east-1.amazonaws.com/NARAprodstorage/lz/presidential-libraries/bush/gb-nsc/euro_eura_dir_374000108/41-bpr-nsc-euro_eura-cen_chron-30508-006.pdf
,,,3.014,conversation-428080911,Turkey,1990-08-08,Telcon,"Telephone Call from President Turgut Ozal of Turkey, August 8, 1990",428080911,https://catalog.archives.gov/id/428080911,https://s3.us-east-1.amazonaws.com/NARAprodstorage/lz/presidential-libraries/bush/gb-nsc/321498139/1990-08-08--Ozal.pdf,415890728; 415890729,5,69,Review likely source/context packet,same month: 1990-08; person signal: ozal; document-type signal: telcon; country signal: turkey,CC 067,Central Chronological Files,1990-08-01,August 1990 [4],470761710,Memcon/telcon search lead,European and Eurasian Directorate Central Chronological Files,https://catalog.archives.gov/id/470761710,https://s3.dualstack.us-east-1.amazonaws.com/NARAprodstorage/lz/presidential-libraries/bush/gb-nsc/euro_eura_dir_374000108/41-bpr-nsc-euro_eura-cen_chron-30509-001.pdf
,,,3.015,conversation-428080953,Turkey,1990-08-14,Telcon,"Telephone Call from President Turgut Ozal of Turkey, August 14, 1990",428080953,https://catalog.archives.gov/id/428080953,https://s3.us-east-1.amazonaws.com/NARAprodstorage/lz/presidential-libraries/bush/gb-nsc/321498139/1990-08-14--Ozal.pdf,415890740; 415890741,1,117,Review likely source/context packet,"chapter match: Turkey; same month: 1990-08; date signal: August 14, 1990; person signal: ozal; document-type signal: telephone conversation; country signal: turkey; high-value packet",RS 002-029,Requested source pool: Presidential Daily File,1990-08-14 to 1990-08-14,"Tuesday, August 14, 1990",470416813,High-value EastMed lead,Presidential Daily Files,https://catalog.archives.gov/id/470416813,https://s3.amazonaws.com/NARAprodstorage/lz/presidential-libraries/bush/gb-gbpp/Pres_Daily_Files_595141/1990/41-bpr-ootp-daily_files-90557-001.pdf
,,,3.015,conversation-428080953,Turkey,1990-08-14,Telcon,"Telephone Call from President Turgut Ozal of Turkey, August 14, 1990",428080953,https://catalog.archives.gov/id/428080953,https://s3.us-east-1.amazonaws.com/NARAprodstorage/lz/presidential-libraries/bush/gb-nsc/321498139/1990-08-14--Ozal.pdf,415890740; 415890741,2,77,Review likely source/context packet,same month: 1990-08; person signal: ozal; document-type signal: telcon; country signal: turkey; open-first packet,CC 055,Central Chronological Files,1990-08-01,August 1990 [7],470761713,Open packet first,European and Eurasian Directorate Central Chronological Files,https://catalog.archives.gov/id/470761713,https://s3.dualstack.us-east-1.amazonaws.com/NARAprodstorage/lz/presidential-libraries/bush/gb-nsc/euro_eura_dir_374000108/41-bpr-nsc-euro_eura-cen_chron-30509-004.pdf
,,,3.015,conversation-428080953,Turkey,1990-08-14,Telcon,"Telephone Call from President Turgut Ozal of Turkey, August 14, 1990",428080953,https://catalog.archives.gov/id/428080953,https://s3.us-east-1.amazonaws.com/NARAprodstorage/lz/presidential-libraries/bush/gb-nsc/321498139/1990-08-14--Ozal.pdf,415890740; 415890741,3,77,Review likely source/context packet,same month: 1990-08; person signal: ozal; document-type signal: telcon; country signal: turkey; open-first packet,CC 057,Central Chronological Files,1990-08-01,August 1990 [5],470761711,Open packet first,European and Eurasian Directorate Central Chronological Files,https://catalog.archives.gov/id/470761711,https://s3.dualstack.us-east-1.amazonaws.com/NARAprodstorage/lz/presidential-libraries/bush/gb-nsc/euro_eura_dir_374000108/41-bpr-nsc-euro_eura-cen_chron-30509-002.pdf
,,,3.015,conversation-428080953,Turkey,1990-08-14,Telcon,"Telephone Call from President Turgut Ozal of Turkey, August 14, 1990",428080953,https://catalog.archives.gov/id/428080953,https://s3.us-east-1.amazonaws.com/NARAprodstorage/lz/presidential-libraries/bush/gb-nsc/321498139/1990-08-14--Ozal.pdf,415890740; 415890741,4,69,Review likely source/context packet,same month: 1990-08; person signal: ozal; document-type signal: telcon; country signal: turkey,CC 041,Central Chronological Files,1990-08-01,August 1990 [2],470761708,Memcon/telcon search lead,European and Eurasian Directorate Central Chronological Files,https://catalog.archives.gov/id/470761708,https://s3.dualstack.us-east-1.amazonaws.com/NARAprodstorage/lz/presidential-libraries/bush/gb-nsc/euro_eura_dir_374000108/41-bpr-nsc-euro_eura-cen_chron-30508-006.pdf
,,,3.015,conversation-428080953,Turkey,1990-08-14,Telcon,"Telephone Call from President Turgut Ozal of Turkey, August 14, 1990",428080953,https://catalog.archives.gov/id/428080953,https://s3.us-east-1.amazonaws.com/NARAprodstorage/lz/presidential-libraries/bush/gb-nsc/321498139/1990-08-14--Ozal.pdf,415890740; 415890741,5,69,Review likely source/context packet,same month: 1990-08; person signal: ozal; document-type signal: telcon; country signal: turkey,CC 067,Central Chronological Files,1990-08-01,August 1990 [4],470761710,Memcon/telcon search lead,European and Eurasian Directorate Central Chronological Files,https://catalog.archives.gov/id/470761710,https://s3.dualstack.us-east-1.amazonaws.com/NARAprodstorage/lz/presidential-libraries/bush/gb-nsc/euro_eura_dir_374000108/41-bpr-nsc-euro_eura-cen_chron-30509-001.pdf
,,,3.016,conversation-428080933,Turkey,1990-08-16,No Telcon,"Telephone Call with Turgut Ozal, August 16, 1990",428080933,https://catalog.archives.gov/id/428080933,https://s3.us-east-1.amazonaws.com/NARAprodstorage/lz/presidential-libraries/bush/gb-nsc/321498139/1990-08-16--Ozal.pdf,415890744; 415890745,1,87,Review likely source/context packet,chapter match: Turkey; same month: 1990-08; person signal: ozal; document-type signal: telephone conversation; country signal: turkey; high-value packet,RS 002-029,Requested source pool: Presidential Daily File,1990-08-14 to 1990-08-14,"Tuesday, August 14, 1990",470416813,High-value EastMed lead,Presidential Daily Files,https://catalog.archives.gov/id/470416813,https://s3.amazonaws.com/NARAprodstorage/lz/presidential-libraries/bush/gb-gbpp/Pres_Daily_Files_595141/1990/41-bpr-ootp-daily_files-90557-001.pdf
,,,3.016,conversation-428080933,Turkey,1990-08-16,No Telcon,"Telephone Call with Turgut Ozal, August 16, 1990",428080933,https://catalog.archives.gov/id/428080933,https://s3.us-east-1.amazonaws.com/NARAprodstorage/lz/presidential-libraries/bush/gb-nsc/321498139/1990-08-16--Ozal.pdf,415890744; 415890745,2,77,Review likely source/context packet,same month: 1990-08; person signal: ozal; document-type signal: telcon; country signal: turkey; open-first packet,CC 055,Central Chronological Files,1990-08-01,August 1990 [7],470761713,Open packet first,European and Eurasian Directorate Central Chronological Files,https://catalog.archives.gov/id/470761713,https://s3.dualstack.us-east-1.amazonaws.com/NARAprodstorage/lz/presidential-libraries/bush/gb-nsc/euro_eura_dir_374000108/41-bpr-nsc-euro_eura-cen_chron-30509-004.pdf
,,,3.016,conversation-428080933,Turkey,1990-08-16,No Telcon,"Telephone Call with Turgut Ozal, August 16, 1990",428080933,https://catalog.archives.gov/id/428080933,https://s3.us-east-1.amazonaws.com/NARAprodstorage/lz/presidential-libraries/bush/gb-nsc/321498139/1990-08-16--Ozal.pdf,415890744; 415890745,3,77,Review likely source/context packet,same month: 1990-08; person signal: ozal; document-type signal: telcon; country signal: turkey; open-first packet,CC 057,Central Chronological Files,1990-08-01,August 1990 [5],470761711,Open packet first,European and Eurasian Directorate Central Chronological Files,https://catalog.archives.gov/id/470761711,https://s3.dualstack.us-east-1.amazonaws.com/NARAprodstorage/lz/presidential-libraries/bush/gb-nsc/euro_eura_dir_374000108/41-bpr-nsc-euro_eura-cen_chron-30509-002.pdf
,,,3.016,conversation-428080933,Turkey,1990-08-16,No Telcon,"Telephone Call with Turgut Ozal, August 16, 1990",428080933,https://catalog.archives.gov/id/428080933,https://s3.us-east-1.amazonaws.com/NARAprodstorage/lz/presidential-libraries/bush/gb-nsc/321498139/1990-08-16--Ozal.pdf,415890744; 415890745,4,69,Review likely source/context packet,same month: 1990-08; person signal: ozal; document-type signal: telcon; country signal: turkey,CC 041,Central Chronological Files,1990-08-01,August 1990 [2],470761708,Memcon/telcon search lead,European and Eurasian Directorate Central Chronological Files,https://catalog.archives.gov/id/470761708,https://s3.dualstack.us-east-1.amazonaws.com/NARAprodstorage/lz/presidential-libraries/bush/gb-nsc/euro_eura_dir_374000108/41-bpr-nsc-euro_eura-cen_chron-30508-006.pdf
,,,3.016,conversation-428080933,Turkey,1990-08-16,No Telcon,"Telephone Call with Turgut Ozal, August 16, 1990",428080933,https://catalog.archives.gov/id/428080933,https://s3.us-east-1.amazonaws.com/NARAprodstorage/lz/presidential-libraries/bush/gb-nsc/321498139/1990-08-16--Ozal.pdf,415890744; 415890745,5,69,Review likely source/context packet,same month: 1990-08; person signal: ozal; document-type signal: telcon; country signal: turkey,CC 067,Central Chronological Files,1990-08-01,August 1990 [4],470761710,Memcon/telcon search lead,European and Eurasian Directorate Central Chronological Files,https://catalog.archives.gov/id/470761710,https://s3.dualstack.us-east-1.amazonaws.com/NARAprodstorage/lz/presidential-libraries/bush/gb-nsc/euro_eura_dir_374000108/41-bpr-nsc-euro_eura-cen_chron-30509-001.pdf
,,,3.017,conversation-428080959,Turkey,1990-08-20,Telcon,"Telephone Conversation with President Turgut Ozal of Turkey, August 20, 1990",428080959,https://catalog.archives.gov/id/428080959,https://s3.us-east-1.amazonaws.com/NARAprodstorage/lz/presidential-libraries/bush/gb-nsc/321498139/1990-08-20--Ozal.pdf,415890752; 415890753,1,87,Review likely source/context packet,chapter match: Turkey; same month: 1990-08; person signal: ozal; document-type signal: telephone conversation; country signal: turkey; high-value packet,RS 002-029,Requested source pool: Presidential Daily File,1990-08-14 to 1990-08-14,"Tuesday, August 14, 1990",470416813,High-value EastMed lead,Presidential Daily Files,https://catalog.archives.gov/id/470416813,https://s3.amazonaws.com/NARAprodstorage/lz/presidential-libraries/bush/gb-gbpp/Pres_Daily_Files_595141/1990/41-bpr-ootp-daily_files-90557-001.pdf
,,,3.017,conversation-428080959,Turkey,1990-08-20,Telcon,"Telephone Conversation with President Turgut Ozal of Turkey, August 20, 1990",428080959,https://catalog.archives.gov/id/428080959,https://s3.us-east-1.amazonaws.com/NARAprodstorage/lz/presidential-libraries/bush/gb-nsc/321498139/1990-08-20--Ozal.pdf,415890752; 415890753,2,77,Review likely source/context packet,same month: 1990-08; person signal: ozal; document-type signal: telcon; country signal: turkey; open-first packet,CC 055,Central Chronological Files,1990-08-01,August 1990 [7],470761713,Open packet first,European and Eurasian Directorate Central Chronological Files,https://catalog.archives.gov/id/470761713,https://s3.dualstack.us-east-1.amazonaws.com/NARAprodstorage/lz/presidential-libraries/bush/gb-nsc/euro_eura_dir_374000108/41-bpr-nsc-euro_eura-cen_chron-30509-004.pdf
,,,3.017,conversation-428080959,Turkey,1990-08-20,Telcon,"Telephone Conversation with President Turgut Ozal of Turkey, August 20, 1990",428080959,https://catalog.archives.gov/id/428080959,https://s3.us-east-1.amazonaws.com/NARAprodstorage/lz/presidential-libraries/bush/gb-nsc/321498139/1990-08-20--Ozal.pdf,415890752; 415890753,3,77,Review likely source/context packet,same month: 1990-08; person signal: ozal; document-type signal: telcon; country signal: turkey; open-first packet,CC 057,Central Chronological Files,1990-08-01,August 1990 [5],470761711,Open packet first,European and Eurasian Directorate Central Chronological Files,https://catalog.archives.gov/id/470761711,https://s3.dualstack.us-east-1.amazonaws.com/NARAprodstorage/lz/presidential-libraries/bush/gb-nsc/euro_eura_dir_374000108/41-bpr-nsc-euro_eura-cen_chron-30509-002.pdf
,,,3.017,conversation-428080959,Turkey,1990-08-20,Telcon,"Telephone Conversation with President Turgut Ozal of Turkey, August 20, 1990",428080959,https://catalog.archives.gov/id/428080959,https://s3.us-east-1.amazonaws.com/NARAprodstorage/lz/presidential-libraries/bush/gb-nsc/321498139/1990-08-20--Ozal.pdf,415890752; 415890753,4,69,Review likely source/context packet,same month: 1990-08; person signal: ozal; document-type signal: telcon; country signal: turkey,CC 041,Central Chronological Files,1990-08-01,August 1990 [2],470761708,Memcon/telcon search lead,European and Eurasian Directorate Central Chronological Files,https://catalog.archives.gov/id/470761708,https://s3.dualstack.us-east-1.amazonaws.com/NARAprodstorage/lz/presidential-libraries/bush/gb-nsc/euro_eura_dir_374000108/41-bpr-nsc-euro_eura-cen_chron-30508-006.pdf
,,,3.017,conversation-428080959,Turkey,1990-08-20,Telcon,"Telephone Conversation with President Turgut Ozal of Turkey, August 20, 1990",428080959,https://catalog.archives.gov/id/428080959,https://s3.us-east-1.amazonaws.com/NARAprodstorage/lz/presidential-libraries/bush/gb-nsc/321498139/1990-08-20--Ozal.pdf,415890752; 415890753,5,69,Review likely source/context packet,same month: 1990-08; person signal: ozal; document-type signal: telcon; country signal: turkey,CC 067,Central Chronological Files,1990-08-01,August 1990 [4],470761710,Memcon/telcon search lead,European and Eurasian Directorate Central Chronological Files,https://catalog.archives.gov/id/470761710,https://s3.dualstack.us-east-1.amazonaws.com/NARAprodstorage/lz/presidential-libraries/bush/gb-nsc/euro_eura_dir_374000108/41-bpr-nsc-euro_eura-cen_chron-30509-001.pdf
,,,3.018,conversation-428080999,Turkey,1990-08-30,Telcon,"Telephone Conversation with President Turgut Ozal of Turkey, August 30, 1990",428080999,https://catalog.archives.gov/id/428080999,https://s3.us-east-1.amazonaws.com/NARAprodstorage/lz/presidential-libraries/bush/gb-nsc/321498139/1990-08-30--Ozal.pdf,415890772; 415890773,1,91,Review likely source/context packet,chapter match: Turkey; date-range signal: 8/22/90-10/5/90; person signal: ozal; document-type signal: telcon; country signal: turkey; high-value packet,RS 001-005,Requested source pool: Scowcroft Papers,,Presidential Telephone Calls--Memorandum of Conversations 8/22/90-10/5/90,366551694,High-value EastMed lead,Presidential Correspondence Files,https://catalog.archives.gov/id/366551694,https://s3.amazonaws.com/NARAprodstorage/lz/presidential-libraries/bush/gb-gbs/4545941/41-bpr-scow-pcor-telcon-91112-002.pdf
,,,3.018,conversation-428080999,Turkey,1990-08-30,Telcon,"Telephone Conversation with President Turgut Ozal of Turkey, August 30, 1990",428080999,https://catalog.archives.gov/id/428080999,https://s3.us-east-1.amazonaws.com/NARAprodstorage/lz/presidential-libraries/bush/gb-nsc/321498139/1990-08-30--Ozal.pdf,415890772; 415890773,2,87,Review likely source/context packet,chapter match: Turkey; same month: 1990-08; person signal: ozal; document-type signal: telephone conversation; country signal: turkey; high-value packet,RS 002-029,Requested source pool: Presidential Daily File,1990-08-14 to 1990-08-14,"Tuesday, August 14, 1990",470416813,High-value EastMed lead,Presidential Daily Files,https://catalog.archives.gov/id/470416813,https://s3.amazonaws.com/NARAprodstorage/lz/presidential-libraries/bush/gb-gbpp/Pres_Daily_Files_595141/1990/41-bpr-ootp-daily_files-90557-001.pdf
,,,3.018,conversation-428080999,Turkey,1990-08-30,Telcon,"Telephone Conversation with President Turgut Ozal of Turkey, August 30, 1990",428080999,https://catalog.archives.gov/id/428080999,https://s3.us-east-1.amazonaws.com/NARAprodstorage/lz/presidential-libraries/bush/gb-nsc/321498139/1990-08-30--Ozal.pdf,415890772; 415890773,3,77,Review likely source/context packet,same month: 1990-08; person signal: ozal; document-type signal: telcon; country signal: turkey; open-first packet,CC 055,Central Chronological Files,1990-08-01,August 1990 [7],470761713,Open packet first,European and Eurasian Directorate Central Chronological Files,https://catalog.archives.gov/id/470761713,https://s3.dualstack.us-east-1.amazonaws.com/NARAprodstorage/lz/presidential-libraries/bush/gb-nsc/euro_eura_dir_374000108/41-bpr-nsc-euro_eura-cen_chron-30509-004.pdf
,,,3.018,conversation-428080999,Turkey,1990-08-30,Telcon,"Telephone Conversation with President Turgut Ozal of Turkey, August 30, 1990",428080999,https://catalog.archives.gov/id/428080999,https://s3.us-east-1.amazonaws.com/NARAprodstorage/lz/presidential-libraries/bush/gb-nsc/321498139/1990-08-30--Ozal.pdf,415890772; 415890773,4,77,Review likely source/context packet,same month: 1990-08; person signal: ozal; document-type signal: telcon; country signal: turkey; open-first packet,CC 057,Central Chronological Files,1990-08-01,August 1990 [5],470761711,Open packet first,European and Eurasian Directorate Central Chronological Files,https://catalog.archives.gov/id/470761711,https://s3.dualstack.us-east-1.amazonaws.com/NARAprodstorage/lz/presidential-libraries/bush/gb-nsc/euro_eura_dir_374000108/41-bpr-nsc-euro_eura-cen_chron-30509-002.pdf
,,,3.018,conversation-428080999,Turkey,1990-08-30,Telcon,"Telephone Conversation with President Turgut Ozal of Turkey, August 30, 1990",428080999,https://catalog.archives.gov/id/428080999,https://s3.us-east-1.amazonaws.com/NARAprodstorage/lz/presidential-libraries/bush/gb-nsc/321498139/1990-08-30--Ozal.pdf,415890772; 415890773,5,69,Review likely source/context packet,same month: 1990-08; person signal: ozal; document-type signal: telcon; country signal: turkey,CC 041,Central Chronological Files,1990-08-01,August 1990 [2],470761708,Memcon/telcon search lead,European and Eurasian Directorate Central Chronological Files,https://catalog.archives.gov/id/470761708,https://s3.dualstack.us-east-1.amazonaws.com/NARAprodstorage/lz/presidential-libraries/bush/gb-nsc/euro_eura_dir_374000108/41-bpr-nsc-euro_eura-cen_chron-30508-006.pdf
,,,3.018,conversation-428080999,Turkey,1990-08-30,Telcon,"Telephone Conversation with President Turgut Ozal of Turkey, August 30, 1990",428080999,https://catalog.archives.gov/id/428080999,https://s3.us-east-1.amazonaws.com/NARAprodstorage/lz/presidential-libraries/bush/gb-nsc/321498139/1990-08-30--Ozal.pdf,415890772; 415890773,6,69,Review likely source/context packet,same month: 1990-08; person signal: ozal; document-type signal: telcon; country signal: turkey,CC 067,Central Chronological Files,1990-08-01,August 1990 [4],470761710,Memcon/telcon search lead,European and Eurasian Directorate Central Chronological Files,https://catalog.archives.gov/id/470761710,https://s3.dualstack.us-east-1.amazonaws.com/NARAprodstorage/lz/presidential-libraries/bush/gb-nsc/euro_eura_dir_374000108/41-bpr-nsc-euro_eura-cen_chron-30509-001.pdf
,,,3.019,conversation-428081021,Turkey,1990-09-06,Telcon,"Telephone Conversation with President Turgut Ozal of Turkey, September 6, 1990",428081021,https://catalog.archives.gov/id/428081021,https://s3.us-east-1.amazonaws.com/NARAprodstorage/lz/presidential-libraries/bush/gb-nsc/321498139/1990-09-06--Ozal.pdf,415890786; 415890787,1,91,Review likely source/context packet,chapter match: Turkey; date-range signal: 8/22/90-10/5/90; person signal: ozal; document-type signal: telcon; country signal: turkey; high-value packet,RS 001-005,Requested source pool: Scowcroft Papers,,Presidential Telephone Calls--Memorandum of Conversations 8/22/90-10/5/90,366551694,High-value EastMed lead,Presidential Correspondence Files,https://catalog.archives.gov/id/366551694,https://s3.amazonaws.com/NARAprodstorage/lz/presidential-libraries/bush/gb-gbs/4545941/41-bpr-scow-pcor-telcon-91112-002.pdf
,,,3.019,conversation-428081021,Turkey,1990-09-06,Telcon,"Telephone Conversation with President Turgut Ozal of Turkey, September 6, 1990",428081021,https://catalog.archives.gov/id/428081021,https://s3.us-east-1.amazonaws.com/NARAprodstorage/lz/presidential-libraries/bush/gb-nsc/321498139/1990-09-06--Ozal.pdf,415890786; 415890787,2,69,Review likely source/context packet,same month: 1990-09; person signal: ozal; document-type signal: telcon; country signal: turkey,CC 039,Central Chronological Files,1990-09-01,September 1990 [2],470761715,Memcon/telcon search lead,European and Eurasian Directorate Central Chronological Files,https://catalog.archives.gov/id/470761715,https://s3.dualstack.us-east-1.amazonaws.com/NARAprodstorage/lz/presidential-libraries/bush/gb-nsc/euro_eura_dir_374000108/41-bpr-nsc-euro_eura-cen_chron-30509-006.pdf
,,,3.020,conversation-428081055,Turkey,1990-09-10,Telcon,"Telephone Call to President Turgut Ozal of Turkey, September 10, 1990",428081055,https://catalog.archives.gov/id/428081055,https://s3.us-east-1.amazonaws.com/NARAprodstorage/lz/presidential-libraries/bush/gb-nsc/321498139/1990-09-10--Ozal.pdf,415890794; 415890795,1,91,Review likely source/context packet,chapter match: Turkey; date-range signal: 8/22/90-10/5/90; person signal: ozal; document-type signal: telcon; country signal: turkey; high-value packet,RS 001-005,Requested source pool: Scowcroft Papers,,Presidential Telephone Calls--Memorandum of Conversations 8/22/90-10/5/90,366551694,High-value EastMed lead,Presidential Correspondence Files,https://catalog.archives.gov/id/366551694,https://s3.amazonaws.com/NARAprodstorage/lz/presidential-libraries/bush/gb-gbs/4545941/41-bpr-scow-pcor-telcon-91112-002.pdf
,,,3.020,conversation-428081055,Turkey,1990-09-10,Telcon,"Telephone Call to President Turgut Ozal of Turkey, September 10, 1990",428081055,https://catalog.archives.gov/id/428081055,https://s3.us-east-1.amazonaws.com/NARAprodstorage/lz/presidential-libraries/bush/gb-nsc/321498139/1990-09-10--Ozal.pdf,415890794; 415890795,2,69,Review likely source/context packet,same month: 1990-09; person signal: ozal; document-type signal: telcon; country signal: turkey,CC 039,Central Chronological Files,1990-09-01,September 1990 [2],470761715,Memcon/telcon search lead,European and Eurasian Directorate Central Chronological Files,https://catalog.archives.gov/id/470761715,https://s3.dualstack.us-east-1.amazonaws.com/NARAprodstorage/lz/presidential-libraries/bush/gb-nsc/euro_eura_dir_374000108/41-bpr-nsc-euro_eura-cen_chron-30509-006.pdf
,,,3.021,conversation-428081035,Turkey,1990-09-25,Memcon,"Meeting with President Ozal of Turkey, September 25, 1990",428081035,https://catalog.archives.gov/id/428081035,https://s3.us-east-1.amazonaws.com/NARAprodstorage/lz/presidential-libraries/bush/gb-nsc/321498039/1990-09-25--Ozal.pdf,415890824; 415890825,1,112,Review likely source/context packet,"chapter match: Turkey; same month: 1990-09; date signal: September 25, 1990; person signal: ozal; document-type signal: memorandum of conversation; high-value packet",RS 005-015,Requested source pool: NSC/DC Meetings,1990-09-25 to 1990-09-25,"NSC/DC 202 - September 25, 1990 - NSC/DC Meeting on Iran Role in Gulf Crisis via SVTS, Keywords: Iran, Persian Gulf",470761201,High-value EastMed lead,H-Files - National Security Council (NSC)/Deputies Committee (DC) Meetings Files,https://catalog.archives.gov/id/470761201,https://s3.amazonaws.com/NARAprodstorage/lz/presidential-libraries/bush/gb-nsc/H-Files/NSC-DC_Mtgs_312294079/41-bpr-nsc-hfiles-dc_mtgs-202-90016-035.pdf
,,,3.021,conversation-428081035,Turkey,1990-09-25,Memcon,"Meeting with President Ozal of Turkey, September 25, 1990",428081035,https://catalog.archives.gov/id/428081035,https://s3.us-east-1.amazonaws.com/NARAprodstorage/lz/presidential-libraries/bush/gb-nsc/321498039/1990-09-25--Ozal.pdf,415890824; 415890825,2,91,Review likely source/context packet,chapter match: Turkey; date-range signal: 8/22/90-10/5/90; person signal: ozal; document-type signal: memorandum of conversation; country signal: turkey; high-value packet,RS 001-005,Requested source pool: Scowcroft Papers,,Presidential Telephone Calls--Memorandum of Conversations 8/22/90-10/5/90,366551694,High-value EastMed lead,Presidential Correspondence Files,https://catalog.archives.gov/id/366551694,https://s3.amazonaws.com/NARAprodstorage/lz/presidential-libraries/bush/gb-gbs/4545941/41-bpr-scow-pcor-telcon-91112-002.pdf
,,,3.021,conversation-428081035,Turkey,1990-09-25,Memcon,"Meeting with President Ozal of Turkey, September 25, 1990",428081035,https://catalog.archives.gov/id/428081035,https://s3.us-east-1.amazonaws.com/NARAprodstorage/lz/presidential-libraries/bush/gb-nsc/321498039/1990-09-25--Ozal.pdf,415890824; 415890825,3,69,Review likely source/context packet,same month: 1990-09; person signal: ozal; document-type signal: memcon; country signal: turkey,CC 039,Central Chronological Files,1990-09-01,September 1990 [2],470761715,Memcon/telcon search lead,European and Eurasian Directorate Central Chronological Files,https://catalog.archives.gov/id/470761715,https://s3.dualstack.us-east-1.amazonaws.com/NARAprodstorage/lz/presidential-libraries/bush/gb-nsc/euro_eura_dir_374000108/41-bpr-nsc-euro_eura-cen_chron-30509-006.pdf
,,,3.022,conversation-428081155,Turkey,1990-10-24,Telcon,"Telephone Conversation with President Turgut Ozal of' Turkey, October 24, 1990",428081155,https://catalog.archives.gov/id/428081155,https://s3.us-east-1.amazonaws.com/NARAprodstorage/lz/presidential-libraries/bush/gb-nsc/321498139/1990-10-24--Ozal.pdf,415890884; 415890885,1,91,Review likely source/context packet,chapter match: Turkey; date-range signal: 10/11/90-12/31/90; person signal: ozal; document-type signal: telcon; country signal: turkey; high-value packet,RS 001-023,Requested source pool: Scowcroft Papers,,Presidential Telephone Calls--Memorandum of Conversations 10/11/90-12/31/90,366551695,High-value EastMed lead,Presidential Correspondence Files,https://catalog.archives.gov/id/366551695,https://s3.amazonaws.com/NARAprodstorage/lz/presidential-libraries/bush/gb-gbs/4545941/41-bpr-scow-pcor-telcon-91112-003.pdf
,,,3.023,conversation-428081169,Turkey,1990-10-31,Telcon,"Telephone Conversation with President Turgut Ozal of Turkey, October 31, 1990",428081169,https://catalog.archives.gov/id/428081169,https://s3.us-east-1.amazonaws.com/NARAprodstorage/lz/presidential-libraries/bush/gb-nsc/321498139/1990-10-31--Ozal.pdf,415890898; 415890899,1,91,Review likely source/context packet,chapter match: Turkey; date-range signal: 10/11/90-12/31/90; person signal: ozal; document-type signal: telcon; country signal: turkey; high-value packet,RS 001-023,Requested source pool: Scowcroft Papers,,Presidential Telephone Calls--Memorandum of Conversations 10/11/90-12/31/90,366551695,High-value EastMed lead,Presidential Correspondence Files,https://catalog.archives.gov/id/366551695,https://s3.amazonaws.com/NARAprodstorage/lz/presidential-libraries/bush/gb-gbs/4545941/41-bpr-scow-pcor-telcon-91112-003.pdf
,,,3.024,conversation-428081195,Turkey,1990-11-20,Memcon,"Meeting with President Ozal of Turkey, November 20, 1990",428081195,https://catalog.archives.gov/id/428081195,https://s3.us-east-1.amazonaws.com/NARAprodstorage/lz/presidential-libraries/bush/gb-nsc/321498039/1990-11-20--Ozal.pdf,415890938; 415890939,1,91,Review likely source/context packet,chapter match: Turkey; date-range signal: 11/13/90-12/21/90; person signal: ozal; document-type signal: memcon; country signal: turkey; high-value packet,RS 001-008,Requested source pool: Scowcroft Papers,,Presidential Meetings--Memorandum of Conversations 11/13/90-12/21/90,366551672,High-value EastMed lead,Presidential Correspondence Files,https://catalog.archives.gov/id/366551672,https://s3.amazonaws.com/NARAprodstorage/lz/presidential-libraries/bush/gb-gbs/4545941/41-bpr-scow-pcor-memcon-91108-003.pdf
,,,3.024,conversation-428081195,Turkey,1990-11-20,Memcon,"Meeting with President Ozal of Turkey, November 20, 1990",428081195,https://catalog.archives.gov/id/428081195,https://s3.us-east-1.amazonaws.com/NARAprodstorage/lz/presidential-libraries/bush/gb-nsc/321498039/1990-11-20--Ozal.pdf,415890938; 415890939,2,91,Review likely source/context packet,chapter match: Turkey; date-range signal: 10/11/90-12/31/90; person signal: ozal; document-type signal: memorandum of conversation; country signal: turkey; high-value packet,RS 001-023,Requested source pool: Scowcroft Papers,,Presidential Telephone Calls--Memorandum of Conversations 10/11/90-12/31/90,366551695,High-value EastMed lead,Presidential Correspondence Files,https://catalog.archives.gov/id/366551695,https://s3.amazonaws.com/NARAprodstorage/lz/presidential-libraries/bush/gb-gbs/4545941/41-bpr-scow-pcor-telcon-91112-003.pdf
,,,3.024,conversation-428081195,Turkey,1990-11-20,Memcon,"Meeting with President Ozal of Turkey, November 20, 1990",428081195,https://catalog.archives.gov/id/428081195,https://s3.us-east-1.amazonaws.com/NARAprodstorage/lz/presidential-libraries/bush/gb-nsc/321498039/1990-11-20--Ozal.pdf,415890938; 415890939,3,69,Review likely source/context packet,same month: 1990-11; person signal: ozal; document-type signal: memcon; country signal: turkey,CC 044,Central Chronological Files,1990-11-01,November 1990 [3],470761728,Memcon/telcon search lead,European and Eurasian Directorate Central Chronological Files,https://catalog.archives.gov/id/470761728,https://s3.dualstack.us-east-1.amazonaws.com/NARAprodstorage/lz/presidential-libraries/bush/gb-nsc/euro_eura_dir_374000108/41-bpr-nsc-euro_eura-cen_chron-30511-007.pdf
,,,3.024,conversation-428081195,Turkey,1990-11-20,Memcon,"Meeting with President Ozal of Turkey, November 20, 1990",428081195,https://catalog.archives.gov/id/428081195,https://s3.us-east-1.amazonaws.com/NARAprodstorage/lz/presidential-libraries/bush/gb-nsc/321498039/1990-11-20--Ozal.pdf,415890938; 415890939,4,69,Review likely source/context packet,same month: 1990-11; person signal: ozal; document-type signal: memcon; country signal: turkey,CC 047,Central Chronological Files,1990-11-01,November 1990 [5],470761730,Memcon/telcon search lead,European and Eurasian Directorate Central Chronological Files,https://catalog.archives.gov/id/470761730,https://s3.dualstack.us-east-1.amazonaws.com/NARAprodstorage/lz/presidential-libraries/bush/gb-nsc/euro_eura_dir_374000108/41-bpr-nsc-euro_eura-cen_chron-30512-002.pdf
,,,3.024,conversation-428081195,Turkey,1990-11-20,Memcon,"Meeting with President Ozal of Turkey, November 20, 1990",428081195,https://catalog.archives.gov/id/428081195,https://s3.us-east-1.amazonaws.com/NARAprodstorage/lz/presidential-libraries/bush/gb-nsc/321498039/1990-11-20--Ozal.pdf,415890938; 415890939,5,69,Review likely source/context packet,same month: 1990-11; person signal: ozal; document-type signal: memcon; country signal: turkey,CC 058,Central Chronological Files,1990-11-01,November 1990 [4],470761729,Memcon/telcon search lead,European and Eurasian Directorate Central Chronological Files,https://catalog.archives.gov/id/470761729,https://s3.dualstack.us-east-1.amazonaws.com/NARAprodstorage/lz/presidential-libraries/bush/gb-nsc/euro_eura_dir_374000108/41-bpr-nsc-euro_eura-cen_chron-30512-001.pdf
,,,3.025,conversation-428081261,Turkey,1990-11-30,Telcon,"Telephone Conversation with President Turgut Ozal of Turkey, November 30, 1990",428081261,https://catalog.archives.gov/id/428081261,https://s3.us-east-1.amazonaws.com/NARAprodstorage/lz/presidential-libraries/bush/gb-nsc/321498139/1990-11-30--Ozal.pdf,415890958; 415890959,1,91,Review likely source/context packet,chapter match: Turkey; date-range signal: 10/11/90-12/31/90; person signal: ozal; document-type signal: telcon; country signal: turkey; high-value packet,RS 001-023,Requested source pool: Scowcroft Papers,,Presidential Telephone Calls--Memorandum of Conversations 10/11/90-12/31/90,366551695,High-value EastMed lead,Presidential Correspondence Files,https://catalog.archives.gov/id/366551695,https://s3.amazonaws.com/NARAprodstorage/lz/presidential-libraries/bush/gb-gbs/4545941/41-bpr-scow-pcor-telcon-91112-003.pdf
,,,3.025,conversation-428081261,Turkey,1990-11-30,Telcon,"Telephone Conversation with President Turgut Ozal of Turkey, November 30, 1990",428081261,https://catalog.archives.gov/id/428081261,https://s3.us-east-1.amazonaws.com/NARAprodstorage/lz/presidential-libraries/bush/gb-nsc/321498139/1990-11-30--Ozal.pdf,415890958; 415890959,2,69,Review likely source/context packet,same month: 1990-11; person signal: ozal; document-type signal: telcon; country signal: turkey,CC 044,Central Chronological Files,1990-11-01,November 1990 [3],470761728,Memcon/telcon search lead,European and Eurasian Directorate Central Chronological Files,https://catalog.archives.gov/id/470761728,https://s3.dualstack.us-east-1.amazonaws.com/NARAprodstorage/lz/presidential-libraries/bush/gb-nsc/euro_eura_dir_374000108/41-bpr-nsc-euro_eura-cen_chron-30511-007.pdf
,,,3.025,conversation-428081261,Turkey,1990-11-30,Telcon,"Telephone Conversation with President Turgut Ozal of Turkey, November 30, 1990",428081261,https://catalog.archives.gov/id/428081261,https://s3.us-east-1.amazonaws.com/NARAprodstorage/lz/presidential-libraries/bush/gb-nsc/321498139/1990-11-30--Ozal.pdf,415890958; 415890959,3,69,Review likely source/context packet,same month: 1990-11; person signal: ozal; document-type signal: telcon; country signal: turkey,CC 047,Central Chronological Files,1990-11-01,November 1990 [5],470761730,Memcon/telcon search lead,European and Eurasian Directorate Central Chronological Files,https://catalog.archives.gov/id/470761730,https://s3.dualstack.us-east-1.amazonaws.com/NARAprodstorage/lz/presidential-libraries/bush/gb-nsc/euro_eura_dir_374000108/41-bpr-nsc-euro_eura-cen_chron-30512-002.pdf
,,,3.025,conversation-428081261,Turkey,1990-11-30,Telcon,"Telephone Conversation with President Turgut Ozal of Turkey, November 30, 1990",428081261,https://catalog.archives.gov/id/428081261,https://s3.us-east-1.amazonaws.com/NARAprodstorage/lz/presidential-libraries/bush/gb-nsc/321498139/1990-11-30--Ozal.pdf,415890958; 415890959,4,69,Review likely source/context packet,same month: 1990-11; person signal: ozal; document-type signal: telcon; country signal: turkey,CC 058,Central Chronological Files,1990-11-01,November 1990 [4],470761729,Memcon/telcon search lead,European and Eurasian Directorate Central Chronological Files,https://catalog.archives.gov/id/470761729,https://s3.dualstack.us-east-1.amazonaws.com/NARAprodstorage/lz/presidential-libraries/bush/gb-nsc/euro_eura_dir_374000108/41-bpr-nsc-euro_eura-cen_chron-30512-001.pdf
,,,3.026,conversation-428081263,Turkey,1990-12-01,Telcon,"Telephone Call from Turkish President Turgut Ozal, December I, 1990",428081263,https://catalog.archives.gov/id/428081263,https://s3.us-east-1.amazonaws.com/NARAprodstorage/lz/presidential-libraries/bush/gb-nsc/321498139/1990-12-01--Ozal.pdf,415890960; 415890961,1,91,Review likely source/context packet,chapter match: Turkey; date-range signal: 10/11/90-12/31/90; person signal: ozal; document-type signal: telcon; country signal: turkey; high-value packet,RS 001-023,Requested source pool: Scowcroft Papers,,Presidential Telephone Calls--Memorandum of Conversations 10/11/90-12/31/90,366551695,High-value EastMed lead,Presidential Correspondence Files,https://catalog.archives.gov/id/366551695,https://s3.amazonaws.com/NARAprodstorage/lz/presidential-libraries/bush/gb-gbs/4545941/41-bpr-scow-pcor-telcon-91112-003.pdf
,,,3.027,conversation-428081251,Turkey,1990-12-16,No Telcon,"Telephone Call from Turgut Ozal, December 16, 1990",428081251,https://catalog.archives.gov/id/428081251,https://s3.us-east-1.amazonaws.com/NARAprodstorage/lz/presidential-libraries/bush/gb-nsc/321498139/1990-12-16--Ozal.pdf,415890990; 415890991,1,91,Review likely source/context packet,chapter match: Turkey; date-range signal: 10/11/90-12/31/90; person signal: ozal; document-type signal: telcon; country signal: turkey; high-value packet,RS 001-023,Requested source pool: Scowcroft Papers,,Presidential Telephone Calls--Memorandum of Conversations 10/11/90-12/31/90,366551695,High-value EastMed lead,Presidential Correspondence Files,https://catalog.archives.gov/id/366551695,https://s3.amazonaws.com/NARAprodstorage/lz/presidential-libraries/bush/gb-gbs/4545941/41-bpr-scow-pcor-telcon-91112-003.pdf
,,,3.028,conversation-428081287,Turkey,1990-12-28,Telcon,"Telcon with President Turgut Ozal of Turkey, December 28, 1990",428081287,https://catalog.archives.gov/id/428081287,https://s3.us-east-1.amazonaws.com/NARAprodstorage/lz/presidential-libraries/bush/gb-nsc/321498139/1990-12-28--Ozal.pdf,415891014; 415891015,1,91,Review likely source/context packet,chapter match: Turkey; date-range signal: 10/11/90-12/31/90; person signal: ozal; document-type signal: telcon; country signal: turkey; high-value packet,RS 001-023,Requested source pool: Scowcroft Papers,,Presidential Telephone Calls--Memorandum of Conversations 10/11/90-12/31/90,366551695,High-value EastMed lead,Presidential Correspondence Files,https://catalog.archives.gov/id/366551695,https://s3.amazonaws.com/NARAprodstorage/lz/presidential-libraries/bush/gb-gbs/4545941/41-bpr-scow-pcor-telcon-91112-003.pdf
,,,3.029,conversation-428081313,Turkey,1991-01-10,Telcon,"Telephone Conversation with President Turgut Ozal of Turkey, January 10, 1991 (1 of 2)",428081313,https://catalog.archives.gov/id/428081313,https://s3.us-east-1.amazonaws.com/NARAprodstorage/lz/presidential-libraries/bush/gb-nsc/321498139/1991-01-10--Ozal-1.pdf,415891040; 415891041,1,89,Review likely source/context packet,chapter match: Turkey; same month: 1991-01; person signal: ozal; document-type signal: telcon; country signal: turkey; open-first packet,CC 053,Central Chronological Files,1991-01-01,January 1991 [3],470761737,Open packet first,European and Eurasian Directorate Central Chronological Files,https://catalog.archives.gov/id/470761737,https://s3.dualstack.us-east-1.amazonaws.com/NARAprodstorage/lz/presidential-libraries/bush/gb-nsc/euro_eura_dir_374000108/41-bpr-nsc-euro_eura-cen_chron-30513-003.pdf
,,,3.029,conversation-428081313,Turkey,1991-01-10,Telcon,"Telephone Conversation with President Turgut Ozal of Turkey, January 10, 1991 (1 of 2)",428081313,https://catalog.archives.gov/id/428081313,https://s3.us-east-1.amazonaws.com/NARAprodstorage/lz/presidential-libraries/bush/gb-nsc/321498139/1991-01-10--Ozal-1.pdf,415891040; 415891041,2,69,Review likely source/context packet,same month: 1991-01; person signal: ozal; document-type signal: telcon; country signal: turkey,CC 025,Central Chronological Files,1991-01-01,January 1991 [2],470761736,Memcon/telcon search lead,European and Eurasian Directorate Central Chronological Files,https://catalog.archives.gov/id/470761736,https://s3.dualstack.us-east-1.amazonaws.com/NARAprodstorage/lz/presidential-libraries/bush/gb-nsc/euro_eura_dir_374000108/41-bpr-nsc-euro_eura-cen_chron-30513-002.pdf
,,,3.029,conversation-428081313,Turkey,1991-01-10,Telcon,"Telephone Conversation with President Turgut Ozal of Turkey, January 10, 1991 (1 of 2)",428081313,https://catalog.archives.gov/id/428081313,https://s3.us-east-1.amazonaws.com/NARAprodstorage/lz/presidential-libraries/bush/gb-nsc/321498139/1991-01-10--Ozal-1.pdf,415891040; 415891041,3,69,Review likely source/context packet,same month: 1991-01; person signal: ozal; document-type signal: telcon; country signal: turkey,CC 068,Central Chronological Files,1991-01-01,January 1991 [1],470761735,Memcon/telcon search lead,European and Eurasian Directorate Central Chronological Files,https://catalog.archives.gov/id/470761735,https://s3.dualstack.us-east-1.amazonaws.com/NARAprodstorage/lz/presidential-libraries/bush/gb-nsc/euro_eura_dir_374000108/41-bpr-nsc-euro_eura-cen_chron-30513-001.pdf
,,,3.029,conversation-428081313,Turkey,1991-01-10,Telcon,"Telephone Conversation with President Turgut Ozal of Turkey, January 10, 1991 (1 of 2)",428081313,https://catalog.archives.gov/id/428081313,https://s3.us-east-1.amazonaws.com/NARAprodstorage/lz/presidential-libraries/bush/gb-nsc/321498139/1991-01-10--Ozal-1.pdf,415891040; 415891041,4,58,Review likely source/context packet,chapter match: Turkey; same month: 1991-01; person signal: ozal,RS 003-004,Requested source pool: Presidential Daily Diary and Backup,1991-01-30,"President's Daily Diary Entry, January 30, 1991",186336,Schedule corroboration source,Presidential Daily Diary and Presidential Daily Backup Materials,https://catalog.archives.gov/id/186336,
,,,3.030,conversation-428081315,Turkey,1991-01-10,Telcon,"Telephone Conversation with President Turgut Ozal of Turkey, January 10, 1991 (2 of 2)",428081315,https://catalog.archives.gov/id/428081315,https://s3.us-east-1.amazonaws.com/NARAprodstorage/lz/presidential-libraries/bush/gb-nsc/321498139/1991-01-10--Ozal-2.pdf,415891040; 415891041,1,89,Review likely source/context packet,chapter match: Turkey; same month: 1991-01; person signal: ozal; document-type signal: telcon; country signal: turkey; open-first packet,CC 053,Central Chronological Files,1991-01-01,January 1991 [3],470761737,Open packet first,European and Eurasian Directorate Central Chronological Files,https://catalog.archives.gov/id/470761737,https://s3.dualstack.us-east-1.amazonaws.com/NARAprodstorage/lz/presidential-libraries/bush/gb-nsc/euro_eura_dir_374000108/41-bpr-nsc-euro_eura-cen_chron-30513-003.pdf
,,,3.030,conversation-428081315,Turkey,1991-01-10,Telcon,"Telephone Conversation with President Turgut Ozal of Turkey, January 10, 1991 (2 of 2)",428081315,https://catalog.archives.gov/id/428081315,https://s3.us-east-1.amazonaws.com/NARAprodstorage/lz/presidential-libraries/bush/gb-nsc/321498139/1991-01-10--Ozal-2.pdf,415891040; 415891041,2,69,Review likely source/context packet,same month: 1991-01; person signal: ozal; document-type signal: telcon; country signal: turkey,CC 025,Central Chronological Files,1991-01-01,January 1991 [2],470761736,Memcon/telcon search lead,European and Eurasian Directorate Central Chronological Files,https://catalog.archives.gov/id/470761736,https://s3.dualstack.us-east-1.amazonaws.com/NARAprodstorage/lz/presidential-libraries/bush/gb-nsc/euro_eura_dir_374000108/41-bpr-nsc-euro_eura-cen_chron-30513-002.pdf
,,,3.030,conversation-428081315,Turkey,1991-01-10,Telcon,"Telephone Conversation with President Turgut Ozal of Turkey, January 10, 1991 (2 of 2)",428081315,https://catalog.archives.gov/id/428081315,https://s3.us-east-1.amazonaws.com/NARAprodstorage/lz/presidential-libraries/bush/gb-nsc/321498139/1991-01-10--Ozal-2.pdf,415891040; 415891041,3,69,Review likely source/context packet,same month: 1991-01; person signal: ozal; document-type signal: telcon; country signal: turkey,CC 068,Central Chronological Files,1991-01-01,January 1991 [1],470761735,Memcon/telcon search lead,European and Eurasian Directorate Central Chronological Files,https://catalog.archives.gov/id/470761735,https://s3.dualstack.us-east-1.amazonaws.com/NARAprodstorage/lz/presidential-libraries/bush/gb-nsc/euro_eura_dir_374000108/41-bpr-nsc-euro_eura-cen_chron-30513-001.pdf
,,,3.030,conversation-428081315,Turkey,1991-01-10,Telcon,"Telephone Conversation with President Turgut Ozal of Turkey, January 10, 1991 (2 of 2)",428081315,https://catalog.archives.gov/id/428081315,https://s3.us-east-1.amazonaws.com/NARAprodstorage/lz/presidential-libraries/bush/gb-nsc/321498139/1991-01-10--Ozal-2.pdf,415891040; 415891041,4,58,Review likely source/context packet,chapter match: Turkey; same month: 1991-01; person signal: ozal,RS 003-004,Requested source pool: Presidential Daily Diary and Backup,1991-01-30,"President's Daily Diary Entry, January 30, 1991",186336,Schedule corroboration source,Presidential Daily Diary and Presidential Daily Backup Materials,https://catalog.archives.gov/id/186336,
,,,3.031,conversation-428081335,Turkey,1991-01-16,No Telcon,"Telephone Call to Turgut Ozal, January 16, 1991",428081335,https://catalog.archives.gov/id/428081335,https://s3.us-east-1.amazonaws.com/NARAprodstorage/lz/presidential-libraries/bush/gb-nsc/321498139/1991-01-16--Ozal.pdf,415891052; 415891053,1,89,Review likely source/context packet,chapter match: Turkey; same month: 1991-01; person signal: ozal; document-type signal: telcon; country signal: turkey; open-first packet,CC 053,Central Chronological Files,1991-01-01,January 1991 [3],470761737,Open packet first,European and Eurasian Directorate Central Chronological Files,https://catalog.archives.gov/id/470761737,https://s3.dualstack.us-east-1.amazonaws.com/NARAprodstorage/lz/presidential-libraries/bush/gb-nsc/euro_eura_dir_374000108/41-bpr-nsc-euro_eura-cen_chron-30513-003.pdf
,,,3.031,conversation-428081335,Turkey,1991-01-16,No Telcon,"Telephone Call to Turgut Ozal, January 16, 1991",428081335,https://catalog.archives.gov/id/428081335,https://s3.us-east-1.amazonaws.com/NARAprodstorage/lz/presidential-libraries/bush/gb-nsc/321498139/1991-01-16--Ozal.pdf,415891052; 415891053,2,69,Review likely source/context packet,same month: 1991-01; person signal: ozal; document-type signal: telcon; country signal: turkey,CC 025,Central Chronological Files,1991-01-01,January 1991 [2],470761736,Memcon/telcon search lead,European and Eurasian Directorate Central Chronological Files,https://catalog.archives.gov/id/470761736,https://s3.dualstack.us-east-1.amazonaws.com/NARAprodstorage/lz/presidential-libraries/bush/gb-nsc/euro_eura_dir_374000108/41-bpr-nsc-euro_eura-cen_chron-30513-002.pdf
,,,3.031,conversation-428081335,Turkey,1991-01-16,No Telcon,"Telephone Call to Turgut Ozal, January 16, 1991",428081335,https://catalog.archives.gov/id/428081335,https://s3.us-east-1.amazonaws.com/NARAprodstorage/lz/presidential-libraries/bush/gb-nsc/321498139/1991-01-16--Ozal.pdf,415891052; 415891053,3,69,Review likely source/context packet,same month: 1991-01; person signal: ozal; document-type signal: telcon; country signal: turkey,CC 068,Central Chronological Files,1991-01-01,January 1991 [1],470761735,Memcon/telcon search lead,European and Eurasian Directorate Central Chronological Files,https://catalog.archives.gov/id/470761735,https://s3.dualstack.us-east-1.amazonaws.com/NARAprodstorage/lz/presidential-libraries/bush/gb-nsc/euro_eura_dir_374000108/41-bpr-nsc-euro_eura-cen_chron-30513-001.pdf
,,,3.031,conversation-428081335,Turkey,1991-01-16,No Telcon,"Telephone Call to Turgut Ozal, January 16, 1991",428081335,https://catalog.archives.gov/id/428081335,https://s3.us-east-1.amazonaws.com/NARAprodstorage/lz/presidential-libraries/bush/gb-nsc/321498139/1991-01-16--Ozal.pdf,415891052; 415891053,4,58,Review likely source/context packet,chapter match: Turkey; same month: 1991-01; person signal: ozal,RS 003-004,Requested source pool: Presidential Daily Diary and Backup,1991-01-30,"President's Daily Diary Entry, January 30, 1991",186336,Schedule corroboration source,Presidential Daily Diary and Presidential Daily Backup Materials,https://catalog.archives.gov/id/186336,
,,,3.032,conversation-428081373,Turkey,1991-01-21,Telcon,"Telephone Conversation with President Turgut Ozal of Turkey, January 21, 1991",428081373,https://catalog.archives.gov/id/428081373,https://s3.us-east-1.amazonaws.com/NARAprodstorage/lz/presidential-libraries/bush/gb-nsc/321498139/1991-01-21--Ozal.pdf,186327; 415891062; 415891063,1,89,Review likely source/context packet,chapter match: Turkey; same month: 1991-01; person signal: ozal; document-type signal: telcon; country signal: turkey; open-first packet,CC 053,Central Chronological Files,1991-01-01,January 1991 [3],470761737,Open packet first,European and Eurasian Directorate Central Chronological Files,https://catalog.archives.gov/id/470761737,https://s3.dualstack.us-east-1.amazonaws.com/NARAprodstorage/lz/presidential-libraries/bush/gb-nsc/euro_eura_dir_374000108/41-bpr-nsc-euro_eura-cen_chron-30513-003.pdf
,,,3.032,conversation-428081373,Turkey,1991-01-21,Telcon,"Telephone Conversation with President Turgut Ozal of Turkey, January 21, 1991",428081373,https://catalog.archives.gov/id/428081373,https://s3.us-east-1.amazonaws.com/NARAprodstorage/lz/presidential-libraries/bush/gb-nsc/321498139/1991-01-21--Ozal.pdf,186327; 415891062; 415891063,2,69,Review likely source/context packet,same month: 1991-01; person signal: ozal; document-type signal: telcon; country signal: turkey,CC 025,Central Chronological Files,1991-01-01,January 1991 [2],470761736,Memcon/telcon search lead,European and Eurasian Directorate Central Chronological Files,https://catalog.archives.gov/id/470761736,https://s3.dualstack.us-east-1.amazonaws.com/NARAprodstorage/lz/presidential-libraries/bush/gb-nsc/euro_eura_dir_374000108/41-bpr-nsc-euro_eura-cen_chron-30513-002.pdf
,,,3.032,conversation-428081373,Turkey,1991-01-21,Telcon,"Telephone Conversation with President Turgut Ozal of Turkey, January 21, 1991",428081373,https://catalog.archives.gov/id/428081373,https://s3.us-east-1.amazonaws.com/NARAprodstorage/lz/presidential-libraries/bush/gb-nsc/321498139/1991-01-21--Ozal.pdf,186327; 415891062; 415891063,3,69,Review likely source/context packet,same month: 1991-01; person signal: ozal; document-type signal: telcon; country signal: turkey,CC 068,Central Chronological Files,1991-01-01,January 1991 [1],470761735,Memcon/telcon search lead,European and Eurasian Directorate Central Chronological Files,https://catalog.archives.gov/id/470761735,https://s3.dualstack.us-east-1.amazonaws.com/NARAprodstorage/lz/presidential-libraries/bush/gb-nsc/euro_eura_dir_374000108/41-bpr-nsc-euro_eura-cen_chron-30513-001.pdf
,,,3.032,conversation-428081373,Turkey,1991-01-21,Telcon,"Telephone Conversation with President Turgut Ozal of Turkey, January 21, 1991",428081373,https://catalog.archives.gov/id/428081373,https://s3.us-east-1.amazonaws.com/NARAprodstorage/lz/presidential-libraries/bush/gb-nsc/321498139/1991-01-21--Ozal.pdf,186327; 415891062; 415891063,4,58,Review likely source/context packet,chapter match: Turkey; same month: 1991-01; person signal: ozal,RS 003-004,Requested source pool: Presidential Daily Diary and Backup,1991-01-30,"President's Daily Diary Entry, January 30, 1991",186336,Schedule corroboration source,Presidential Daily Diary and Presidential Daily Backup Materials,https://catalog.archives.gov/id/186336,
,,,3.033,conversation-428081401,Turkey,1991-01-30,Telcon,"Telephone Conversation with President Turgut Ozal of Turkey, January 30, 1991",428081401,https://catalog.archives.gov/id/428081401,https://s3.us-east-1.amazonaws.com/NARAprodstorage/lz/presidential-libraries/bush/gb-nsc/321498139/1991-01-30--Ozal.pdf,186336; 415891080; 415891081,1,89,Review likely source/context packet,chapter match: Turkey; same month: 1991-01; person signal: ozal; document-type signal: telcon; country signal: turkey; open-first packet,CC 053,Central Chronological Files,1991-01-01,January 1991 [3],470761737,Open packet first,European and Eurasian Directorate Central Chronological Files,https://catalog.archives.gov/id/470761737,https://s3.dualstack.us-east-1.amazonaws.com/NARAprodstorage/lz/presidential-libraries/bush/gb-nsc/euro_eura_dir_374000108/41-bpr-nsc-euro_eura-cen_chron-30513-003.pdf
,,,3.033,conversation-428081401,Turkey,1991-01-30,Telcon,"Telephone Conversation with President Turgut Ozal of Turkey, January 30, 1991",428081401,https://catalog.archives.gov/id/428081401,https://s3.us-east-1.amazonaws.com/NARAprodstorage/lz/presidential-libraries/bush/gb-nsc/321498139/1991-01-30--Ozal.pdf,186336; 415891080; 415891081,2,88,Review likely source/context packet,"chapter match: Turkey; same month: 1991-01; date signal: January 30, 1991; person signal: ozal",RS 003-004,Requested source pool: Presidential Daily Diary and Backup,1991-01-30,"President's Daily Diary Entry, January 30, 1991",186336,Schedule corroboration source,Presidential Daily Diary and Presidential Daily Backup Materials,https://catalog.archives.gov/id/186336,
,,,3.033,conversation-428081401,Turkey,1991-01-30,Telcon,"Telephone Conversation with President Turgut Ozal of Turkey, January 30, 1991",428081401,https://catalog.archives.gov/id/428081401,https://s3.us-east-1.amazonaws.com/NARAprodstorage/lz/presidential-libraries/bush/gb-nsc/321498139/1991-01-30--Ozal.pdf,186336; 415891080; 415891081,3,69,Review likely source/context packet,same month: 1991-01; person signal: ozal; document-type signal: telcon; country signal: turkey,CC 025,Central Chronological Files,1991-01-01,January 1991 [2],470761736,Memcon/telcon search lead,European and Eurasian Directorate Central Chronological Files,https://catalog.archives.gov/id/470761736,https://s3.dualstack.us-east-1.amazonaws.com/NARAprodstorage/lz/presidential-libraries/bush/gb-nsc/euro_eura_dir_374000108/41-bpr-nsc-euro_eura-cen_chron-30513-002.pdf
,,,3.033,conversation-428081401,Turkey,1991-01-30,Telcon,"Telephone Conversation with President Turgut Ozal of Turkey, January 30, 1991",428081401,https://catalog.archives.gov/id/428081401,https://s3.us-east-1.amazonaws.com/NARAprodstorage/lz/presidential-libraries/bush/gb-nsc/321498139/1991-01-30--Ozal.pdf,186336; 415891080; 415891081,4,69,Review likely source/context packet,same month: 1991-01; person signal: ozal; document-type signal: telcon; country signal: turkey,CC 068,Central Chronological Files,1991-01-01,January 1991 [1],470761735,Memcon/telcon search lead,European and Eurasian Directorate Central Chronological Files,https://catalog.archives.gov/id/470761735,https://s3.dualstack.us-east-1.amazonaws.com/NARAprodstorage/lz/presidential-libraries/bush/gb-nsc/euro_eura_dir_374000108/41-bpr-nsc-euro_eura-cen_chron-30513-001.pdf
,,,3.034,conversation-428081419,Turkey,1991-02-05,Telcon,"Telephone Conversation with President Turgut Ozal of Turkey, February 5, 1991",428081419,https://catalog.archives.gov/id/428081419,https://s3.us-east-1.amazonaws.com/NARAprodstorage/lz/presidential-libraries/bush/gb-nsc/321498139/1991-02-05--Ozal.pdf,186342; 415891092; 415891093,1,93,Review likely source/context packet,"chapter match: Turkey; same month: 1991-02; date signal: February 5, 1991; person signal: ozal; country signal: turkey",RS 003-002,Requested source pool: Presidential Daily Diary and Backup,1991-02-05,"President's Daily Diary Entry, February 5, 1991",186342,Schedule corroboration source,Presidential Daily Diary and Presidential Daily Backup Materials,https://catalog.archives.gov/id/186342,
,,,3.035,conversation-428081459,Turkey,1991-02-15,Telcon,"Telephone Conversation with President Turgut Ozal of Turkey, February 15, 1991",428081459,https://catalog.archives.gov/id/428081459,https://s3.us-east-1.amazonaws.com/NARAprodstorage/lz/presidential-libraries/bush/gb-nsc/321498139/1991-02-15--Ozal.pdf,415891112; 415891113,1,63,Review likely source/context packet,chapter match: Turkey; same month: 1991-02; person signal: ozal; country signal: turkey,RS 003-002,Requested source pool: Presidential Daily Diary and Backup,1991-02-05,"President's Daily Diary Entry, February 5, 1991",186342,Schedule corroboration source,Presidential Daily Diary and Presidential Daily Backup Materials,https://catalog.archives.gov/id/186342,
,,,3.036,conversation-428081469,Turkey,1991-02-19,Telcon,"Telcon with President Turgut Ozal of Turkey on February 19, 1991",428081469,https://catalog.archives.gov/id/428081469,https://s3.us-east-1.amazonaws.com/NARAprodstorage/lz/presidential-libraries/bush/gb-nsc/321498139/1991-02-19--Ozal.pdf,415891120; 415891121,1,63,Review likely source/context packet,chapter match: Turkey; same month: 1991-02; person signal: ozal; country signal: turkey,RS 003-002,Requested source pool: Presidential Daily Diary and Backup,1991-02-05,"President's Daily Diary Entry, February 5, 1991",186342,Schedule corroboration source,Presidential Daily Diary and Presidential Daily Backup Materials,https://catalog.archives.gov/id/186342,
,,,3.037,conversation-428081499,Turkey,1991-02-23,Telcon,"Telephone Conversation with President Turgut Ozal of Turkey: February 23, 1991",428081499,https://catalog.archives.gov/id/428081499,https://s3.us-east-1.amazonaws.com/NARAprodstorage/lz/presidential-libraries/bush/gb-nsc/321498139/1991-02-23--Ozal.pdf,415891128; 415891129,1,63,Review likely source/context packet,chapter match: Turkey; same month: 1991-02; person signal: ozal; country signal: turkey,RS 003-002,Requested source pool: Presidential Daily Diary and Backup,1991-02-05,"President's Daily Diary Entry, February 5, 1991",186342,Schedule corroboration source,Presidential Daily Diary and Presidential Daily Backup Materials,https://catalog.archives.gov/id/186342,
,,,3.038,conversation-428081505,Turkey,1991-02-26,Telcon,"Telcon with Turgut Ozal, President of Turkey on February 26, 1991",428081505,https://catalog.archives.gov/id/428081505,https://s3.us-east-1.amazonaws.com/NARAprodstorage/lz/presidential-libraries/bush/gb-nsc/321498139/1991-02-26--Ozal.pdf,415891134; 415891135,1,63,Review likely source/context packet,chapter match: Turkey; same month: 1991-02; person signal: ozal; country signal: turkey,RS 003-002,Requested source pool: Presidential Daily Diary and Backup,1991-02-05,"President's Daily Diary Entry, February 5, 1991",186342,Schedule corroboration source,Presidential Daily Diary and Presidential Daily Backup Materials,https://catalog.archives.gov/id/186342,
,,,3.039,conversation-428081555,Turkey,1991-02-28,Telcon,"Telephone Conversation with President Turgut Ozal of Turkey, February 28, 1991",428081555,https://catalog.archives.gov/id/428081555,https://s3.us-east-1.amazonaws.com/NARAprodstorage/lz/presidential-libraries/bush/gb-nsc/321498139/1991-02-28--Ozal.pdf,415891138; 415891139,1,63,Review likely source/context packet,chapter match: Turkey; same month: 1991-02; person signal: ozal; country signal: turkey,RS 003-002,Requested source pool: Presidential Daily Diary and Backup,1991-02-05,"President's Daily Diary Entry, February 5, 1991",186342,Schedule corroboration source,Presidential Daily Diary and Presidential Daily Backup Materials,https://catalog.archives.gov/id/186342,
,,,3.040,conversation-428081553,Turkey,1991-03-27,No Telcon,"Telephone Call from Turgut Ozal, March 27, 1991",428081553,https://catalog.archives.gov/id/428081553,https://s3.us-east-1.amazonaws.com/NARAprodstorage/lz/presidential-libraries/bush/gb-nsc/321498139/1991-03-27--Ozal.pdf,415891192; 415891193,1,81,Review likely source/context packet,chapter match: Turkey; same month: 1991-03; person signal: ozal; document-type signal: telcon; country signal: turkey,CC 077,Central Chronological Files,1991-03-01,March 1991 [1],470761744,Memcon/telcon search lead,European and Eurasian Directorate Central Chronological Files,https://catalog.archives.gov/id/470761744,https://s3.dualstack.us-east-1.amazonaws.com/NARAprodstorage/lz/presidential-libraries/bush/gb-nsc/euro_eura_dir_374000108/41-bpr-nsc-euro_eura-cen_chron-30514-003.pdf
,,,3.040,conversation-428081553,Turkey,1991-03-27,No Telcon,"Telephone Call from Turgut Ozal, March 27, 1991",428081553,https://catalog.archives.gov/id/428081553,https://s3.us-east-1.amazonaws.com/NARAprodstorage/lz/presidential-libraries/bush/gb-nsc/321498139/1991-03-27--Ozal.pdf,415891192; 415891193,2,69,Review likely source/context packet,same month: 1991-03; person signal: ozal; document-type signal: telcon; country signal: turkey,CC 040,Central Chronological Files,1991-03-01,March 1991 [4],470761747,Memcon/telcon search lead,European and Eurasian Directorate Central Chronological Files,https://catalog.archives.gov/id/470761747,https://s3.dualstack.us-east-1.amazonaws.com/NARAprodstorage/lz/presidential-libraries/bush/gb-nsc/euro_eura_dir_374000108/41-bpr-nsc-euro_eura-cen_chron-30515-001.pdf
,,,3.041,conversation-428081593,Turkey,1991-04-02,Telcon,"Telcon with Turgut Ozal, President of Turkey on April 2, 1991",428081593,https://catalog.archives.gov/id/428081593,https://s3.us-east-1.amazonaws.com/NARAprodstorage/lz/presidential-libraries/bush/gb-nsc/321498139/1991-04-02--Ozal.pdf,415891204; 415891205,1,87,Review likely source/context packet,chapter match: Turkey; same month: 1991-04; person signal: ozal; document-type signal: telephone conversation; country signal: turkey; high-value packet,RS 005-004,Requested source pool: NSC/DC Meetings,1991-04-08 to 1991-04-08,"NSC/DC 268 - April 08, 1991 - NSC/DC Meeting on Iraqi Refugees via SVTS, Keywords: Iraq, Refugees",470761286,High-value EastMed lead,H-Files - National Security Council (NSC)/Deputies Committee (DC) Meetings Files,https://catalog.archives.gov/id/470761286,https://s3.amazonaws.com/NARAprodstorage/lz/presidential-libraries/bush/gb-nsc/H-Files/NSC-DC_Mtgs_312294079/41-bpr-nsc-hfiles-dc_mtgs-268-90019-017.pdf
,,,3.041,conversation-428081593,Turkey,1991-04-02,Telcon,"Telcon with Turgut Ozal, President of Turkey on April 2, 1991",428081593,https://catalog.archives.gov/id/428081593,https://s3.us-east-1.amazonaws.com/NARAprodstorage/lz/presidential-libraries/bush/gb-nsc/321498139/1991-04-02--Ozal.pdf,415891204; 415891205,2,69,Review likely source/context packet,same month: 1991-04; person signal: ozal; document-type signal: telcon; country signal: turkey,CC 037,Central Chronological Files,1991-04-01,April 1991 [6],470761755,Memcon/telcon search lead,European and Eurasian Directorate Central Chronological Files,https://catalog.archives.gov/id/470761755,https://s3.dualstack.us-east-1.amazonaws.com/NARAprodstorage/lz/presidential-libraries/bush/gb-nsc/euro_eura_dir_374000108/41-bpr-nsc-euro_eura-cen_chron-30516-003.pdf
,,,3.041,conversation-428081593,Turkey,1991-04-02,Telcon,"Telcon with Turgut Ozal, President of Turkey on April 2, 1991",428081593,https://catalog.archives.gov/id/428081593,https://s3.us-east-1.amazonaws.com/NARAprodstorage/lz/presidential-libraries/bush/gb-nsc/321498139/1991-04-02--Ozal.pdf,415891204; 415891205,3,69,Review likely source/context packet,same month: 1991-04; person signal: ozal; document-type signal: telcon; country signal: turkey,CC 042,Central Chronological Files,1991-04-01,April 1991 [1],470761750,Memcon/telcon search lead,European and Eurasian Directorate Central Chronological Files,https://catalog.archives.gov/id/470761750,https://s3.dualstack.us-east-1.amazonaws.com/NARAprodstorage/lz/presidential-libraries/bush/gb-nsc/euro_eura_dir_374000108/41-bpr-nsc-euro_eura-cen_chron-30515-004.pdf
,,,3.042,conversation-428081603,Turkey,1991-04-15,Telcon,"Telcon with Turgut Ozal,President of Turkey on April 15, 1991",428081603,https://catalog.archives.gov/id/428081603,https://s3.us-east-1.amazonaws.com/NARAprodstorage/lz/presidential-libraries/bush/gb-nsc/321498139/1991-04-15--Ozal.pdf,415891230; 415891231,1,87,Review likely source/context packet,chapter match: Turkey; same month: 1991-04; person signal: ozal; document-type signal: telephone conversation; country signal: turkey; high-value packet,RS 005-004,Requested source pool: NSC/DC Meetings,1991-04-08 to 1991-04-08,"NSC/DC 268 - April 08, 1991 - NSC/DC Meeting on Iraqi Refugees via SVTS, Keywords: Iraq, Refugees",470761286,High-value EastMed lead,H-Files - National Security Council (NSC)/Deputies Committee (DC) Meetings Files,https://catalog.archives.gov/id/470761286,https://s3.amazonaws.com/NARAprodstorage/lz/presidential-libraries/bush/gb-nsc/H-Files/NSC-DC_Mtgs_312294079/41-bpr-nsc-hfiles-dc_mtgs-268-90019-017.pdf
,,,3.042,conversation-428081603,Turkey,1991-04-15,Telcon,"Telcon with Turgut Ozal,President of Turkey on April 15, 1991",428081603,https://catalog.archives.gov/id/428081603,https://s3.us-east-1.amazonaws.com/NARAprodstorage/lz/presidential-libraries/bush/gb-nsc/321498139/1991-04-15--Ozal.pdf,415891230; 415891231,2,69,Review likely source/context packet,same month: 1991-04; person signal: ozal; document-type signal: telcon; country signal: turkey,CC 037,Central Chronological Files,1991-04-01,April 1991 [6],470761755,Memcon/telcon search lead,European and Eurasian Directorate Central Chronological Files,https://catalog.archives.gov/id/470761755,https://s3.dualstack.us-east-1.amazonaws.com/NARAprodstorage/lz/presidential-libraries/bush/gb-nsc/euro_eura_dir_374000108/41-bpr-nsc-euro_eura-cen_chron-30516-003.pdf
,,,3.042,conversation-428081603,Turkey,1991-04-15,Telcon,"Telcon with Turgut Ozal,President of Turkey on April 15, 1991",428081603,https://catalog.archives.gov/id/428081603,https://s3.us-east-1.amazonaws.com/NARAprodstorage/lz/presidential-libraries/bush/gb-nsc/321498139/1991-04-15--Ozal.pdf,415891230; 415891231,3,69,Review likely source/context packet,same month: 1991-04; person signal: ozal; document-type signal: telcon; country signal: turkey,CC 042,Central Chronological Files,1991-04-01,April 1991 [1],470761750,Memcon/telcon search lead,European and Eurasian Directorate Central Chronological Files,https://catalog.archives.gov/id/470761750,https://s3.dualstack.us-east-1.amazonaws.com/NARAprodstorage/lz/presidential-libraries/bush/gb-nsc/euro_eura_dir_374000108/41-bpr-nsc-euro_eura-cen_chron-30515-004.pdf
,,,3.043,conversation-428081617,Turkey,1991-04-16,Telcon,"Presidential Call to President Ozal, April 16, 1991 (2 of 2)",428081617,https://catalog.archives.gov/id/428081617,https://s3.us-east-1.amazonaws.com/NARAprodstorage/lz/presidential-libraries/bush/gb-nsc/321498139/1991-04-16--Ozal-2.pdf,415891232; 415891233,1,87,Review likely source/context packet,chapter match: Turkey; same month: 1991-04; person signal: ozal; document-type signal: telephone conversation; country signal: turkey; high-value packet,RS 005-004,Requested source pool: NSC/DC Meetings,1991-04-08 to 1991-04-08,"NSC/DC 268 - April 08, 1991 - NSC/DC Meeting on Iraqi Refugees via SVTS, Keywords: Iraq, Refugees",470761286,High-value EastMed lead,H-Files - National Security Council (NSC)/Deputies Committee (DC) Meetings Files,https://catalog.archives.gov/id/470761286,https://s3.amazonaws.com/NARAprodstorage/lz/presidential-libraries/bush/gb-nsc/H-Files/NSC-DC_Mtgs_312294079/41-bpr-nsc-hfiles-dc_mtgs-268-90019-017.pdf
,,,3.043,conversation-428081617,Turkey,1991-04-16,Telcon,"Presidential Call to President Ozal, April 16, 1991 (2 of 2)",428081617,https://catalog.archives.gov/id/428081617,https://s3.us-east-1.amazonaws.com/NARAprodstorage/lz/presidential-libraries/bush/gb-nsc/321498139/1991-04-16--Ozal-2.pdf,415891232; 415891233,2,69,Review likely source/context packet,same month: 1991-04; person signal: ozal; document-type signal: telcon; country signal: turkey,CC 037,Central Chronological Files,1991-04-01,April 1991 [6],470761755,Memcon/telcon search lead,European and Eurasian Directorate Central Chronological Files,https://catalog.archives.gov/id/470761755,https://s3.dualstack.us-east-1.amazonaws.com/NARAprodstorage/lz/presidential-libraries/bush/gb-nsc/euro_eura_dir_374000108/41-bpr-nsc-euro_eura-cen_chron-30516-003.pdf
,,,3.043,conversation-428081617,Turkey,1991-04-16,Telcon,"Presidential Call to President Ozal, April 16, 1991 (2 of 2)",428081617,https://catalog.archives.gov/id/428081617,https://s3.us-east-1.amazonaws.com/NARAprodstorage/lz/presidential-libraries/bush/gb-nsc/321498139/1991-04-16--Ozal-2.pdf,415891232; 415891233,3,69,Review likely source/context packet,same month: 1991-04; person signal: ozal; document-type signal: telcon; country signal: turkey,CC 042,Central Chronological Files,1991-04-01,April 1991 [1],470761750,Memcon/telcon search lead,European and Eurasian Directorate Central Chronological Files,https://catalog.archives.gov/id/470761750,https://s3.dualstack.us-east-1.amazonaws.com/NARAprodstorage/lz/presidential-libraries/bush/gb-nsc/euro_eura_dir_374000108/41-bpr-nsc-euro_eura-cen_chron-30515-004.pdf
,,,3.044,conversation-428081615,Turkey,1991-04-16,Telcon,"Telcon with President Ozal of Turkey on April 16, 1991 (1 of 2)",428081615,https://catalog.archives.gov/id/428081615,https://s3.us-east-1.amazonaws.com/NARAprodstorage/lz/presidential-libraries/bush/gb-nsc/321498139/1991-04-16--Ozal-1.pdf,415891232; 415891233,1,87,Review likely source/context packet,chapter match: Turkey; same month: 1991-04; person signal: ozal; document-type signal: telephone conversation; country signal: turkey; high-value packet,RS 005-004,Requested source pool: NSC/DC Meetings,1991-04-08 to 1991-04-08,"NSC/DC 268 - April 08, 1991 - NSC/DC Meeting on Iraqi Refugees via SVTS, Keywords: Iraq, Refugees",470761286,High-value EastMed lead,H-Files - National Security Council (NSC)/Deputies Committee (DC) Meetings Files,https://catalog.archives.gov/id/470761286,https://s3.amazonaws.com/NARAprodstorage/lz/presidential-libraries/bush/gb-nsc/H-Files/NSC-DC_Mtgs_312294079/41-bpr-nsc-hfiles-dc_mtgs-268-90019-017.pdf
,,,3.044,conversation-428081615,Turkey,1991-04-16,Telcon,"Telcon with President Ozal of Turkey on April 16, 1991 (1 of 2)",428081615,https://catalog.archives.gov/id/428081615,https://s3.us-east-1.amazonaws.com/NARAprodstorage/lz/presidential-libraries/bush/gb-nsc/321498139/1991-04-16--Ozal-1.pdf,415891232; 415891233,2,69,Review likely source/context packet,same month: 1991-04; person signal: ozal; document-type signal: telcon; country signal: turkey,CC 037,Central Chronological Files,1991-04-01,April 1991 [6],470761755,Memcon/telcon search lead,European and Eurasian Directorate Central Chronological Files,https://catalog.archives.gov/id/470761755,https://s3.dualstack.us-east-1.amazonaws.com/NARAprodstorage/lz/presidential-libraries/bush/gb-nsc/euro_eura_dir_374000108/41-bpr-nsc-euro_eura-cen_chron-30516-003.pdf
,,,3.044,conversation-428081615,Turkey,1991-04-16,Telcon,"Telcon with President Ozal of Turkey on April 16, 1991 (1 of 2)",428081615,https://catalog.archives.gov/id/428081615,https://s3.us-east-1.amazonaws.com/NARAprodstorage/lz/presidential-libraries/bush/gb-nsc/321498139/1991-04-16--Ozal-1.pdf,415891232; 415891233,3,69,Review likely source/context packet,same month: 1991-04; person signal: ozal; document-type signal: telcon; country signal: turkey,CC 042,Central Chronological Files,1991-04-01,April 1991 [1],470761750,Memcon/telcon search lead,European and Eurasian Directorate Central Chronological Files,https://catalog.archives.gov/id/470761750,https://s3.dualstack.us-east-1.amazonaws.com/NARAprodstorage/lz/presidential-libraries/bush/gb-nsc/euro_eura_dir_374000108/41-bpr-nsc-euro_eura-cen_chron-30515-004.pdf
,,,3.045,conversation-428081651,Turkey,1991-04-20,Telcon,"Telcon with President Ozal of Turkey, April 20, 1991",428081651,https://catalog.archives.gov/id/428081651,https://s3.us-east-1.amazonaws.com/NARAprodstorage/lz/presidential-libraries/bush/gb-nsc/321498139/1991-04-20--Ozal.pdf,415891240; 415891241,1,87,Review likely source/context packet,chapter match: Turkey; same month: 1991-04; person signal: ozal; document-type signal: telephone conversation; country signal: turkey; high-value packet,RS 005-004,Requested source pool: NSC/DC Meetings,1991-04-08 to 1991-04-08,"NSC/DC 268 - April 08, 1991 - NSC/DC Meeting on Iraqi Refugees via SVTS, Keywords: Iraq, Refugees",470761286,High-value EastMed lead,H-Files - National Security Council (NSC)/Deputies Committee (DC) Meetings Files,https://catalog.archives.gov/id/470761286,https://s3.amazonaws.com/NARAprodstorage/lz/presidential-libraries/bush/gb-nsc/H-Files/NSC-DC_Mtgs_312294079/41-bpr-nsc-hfiles-dc_mtgs-268-90019-017.pdf
,,,3.045,conversation-428081651,Turkey,1991-04-20,Telcon,"Telcon with President Ozal of Turkey, April 20, 1991",428081651,https://catalog.archives.gov/id/428081651,https://s3.us-east-1.amazonaws.com/NARAprodstorage/lz/presidential-libraries/bush/gb-nsc/321498139/1991-04-20--Ozal.pdf,415891240; 415891241,2,69,Review likely source/context packet,same month: 1991-04; person signal: ozal; document-type signal: telcon; country signal: turkey,CC 037,Central Chronological Files,1991-04-01,April 1991 [6],470761755,Memcon/telcon search lead,European and Eurasian Directorate Central Chronological Files,https://catalog.archives.gov/id/470761755,https://s3.dualstack.us-east-1.amazonaws.com/NARAprodstorage/lz/presidential-libraries/bush/gb-nsc/euro_eura_dir_374000108/41-bpr-nsc-euro_eura-cen_chron-30516-003.pdf
,,,3.045,conversation-428081651,Turkey,1991-04-20,Telcon,"Telcon with President Ozal of Turkey, April 20, 1991",428081651,https://catalog.archives.gov/id/428081651,https://s3.us-east-1.amazonaws.com/NARAprodstorage/lz/presidential-libraries/bush/gb-nsc/321498139/1991-04-20--Ozal.pdf,415891240; 415891241,3,69,Review likely source/context packet,same month: 1991-04; person signal: ozal; document-type signal: telcon; country signal: turkey,CC 042,Central Chronological Files,1991-04-01,April 1991 [1],470761750,Memcon/telcon search lead,European and Eurasian Directorate Central Chronological Files,https://catalog.archives.gov/id/470761750,https://s3.dualstack.us-east-1.amazonaws.com/NARAprodstorage/lz/presidential-libraries/bush/gb-nsc/euro_eura_dir_374000108/41-bpr-nsc-euro_eura-cen_chron-30515-004.pdf
,,,3.046,conversation-428081649,Turkey,1991-05-07,No Telcon,"Telephone Call to Turgut Ozal, May 7, 1991",428081649,https://catalog.archives.gov/id/428081649,https://s3.us-east-1.amazonaws.com/NARAprodstorage/lz/presidential-libraries/bush/gb-nsc/321498139/1991-05-07--Ozal.pdf,415891274; 415891275,1,69,Review likely source/context packet,same month: 1991-05; person signal: ozal; document-type signal: telcon; country signal: turkey,CC 048,Central Chronological Files,1991-05-01,May 1991 [2],470761757,Memcon/telcon search lead,European and Eurasian Directorate Central Chronological Files,https://catalog.archives.gov/id/470761757,https://s3.dualstack.us-east-1.amazonaws.com/NARAprodstorage/lz/presidential-libraries/bush/gb-nsc/euro_eura_dir_374000108/41-bpr-nsc-euro_eura-cen_chron-30516-005.pdf
,,,3.047,conversation-428081713,Turkey,1991-06-04,Telcon,"Telcon with Turgut Ozal, President of Turkey on June 4, 1991",428081713,https://catalog.archives.gov/id/428081713,https://s3.us-east-1.amazonaws.com/NARAprodstorage/lz/presidential-libraries/bush/gb-nsc/321498139/1991-06-04--Ozal.pdf,415891331; 415891332,1,99,Review likely source/context packet,"chapter match: Turkey; same month: 1991-06; date signal: June 4, 1991; person signal: ozal; country signal: turkey; high-value packet",RS 002-010,Requested source pool: Presidential Daily File,1991-06-04 to 1991-06-04,"Tuesday, June 4, 1991 [1]",470417188,High-value EastMed lead,Presidential Daily Files,https://catalog.archives.gov/id/470417188,https://s3.amazonaws.com/NARAprodstorage/lz/presidential-libraries/bush/gb-gbpp/Pres_Daily_Files_595141/1991/41-bpr-ootp-daily_files-90601-007.pdf
,,,3.047,conversation-428081713,Turkey,1991-06-04,Telcon,"Telcon with Turgut Ozal, President of Turkey on June 4, 1991",428081713,https://catalog.archives.gov/id/428081713,https://s3.us-east-1.amazonaws.com/NARAprodstorage/lz/presidential-libraries/bush/gb-nsc/321498139/1991-06-04--Ozal.pdf,415891331; 415891332,2,99,Review likely source/context packet,"chapter match: Turkey; same month: 1991-06; date signal: June 4, 1991; person signal: ozal; country signal: turkey; high-value packet",RS 002-028,Requested source pool: Presidential Daily File,1991-06-04 to 1991-06-04,"Tuesday, June 4, 1991 [2]",470417189,High-value EastMed lead,Presidential Daily Files,https://catalog.archives.gov/id/470417189,https://s3.amazonaws.com/NARAprodstorage/lz/presidential-libraries/bush/gb-gbpp/Pres_Daily_Files_595141/1991/41-bpr-ootp-daily_files-90601-008.pdf
,,,3.047,conversation-428081713,Turkey,1991-06-04,Telcon,"Telcon with Turgut Ozal, President of Turkey on June 4, 1991",428081713,https://catalog.archives.gov/id/428081713,https://s3.us-east-1.amazonaws.com/NARAprodstorage/lz/presidential-libraries/bush/gb-nsc/321498139/1991-06-04--Ozal.pdf,415891331; 415891332,3,87,Review likely source/context packet,chapter match: Turkey; same month: 1991-06; person signal: ozal; document-type signal: telephone conversation; country signal: turkey; high-value packet,RS 005-005,Requested source pool: NSC/DC Meetings,1991-06-04 to 1991-06-04,"NSC/DC 286 - June 04, 1991 - NSC/DC Meeting on Iraq, Keywords: Iraq",470761305,High-value EastMed lead,H-Files - National Security Council (NSC)/Deputies Committee (DC) Meetings Files,https://catalog.archives.gov/id/470761305,https://s3.amazonaws.com/NARAprodstorage/lz/presidential-libraries/bush/gb-nsc/H-Files/NSC-DC_Mtgs_312294079/41-bpr-nsc-hfiles-dc_mtgs-286-90020-005.pdf
,,,3.047,conversation-428081713,Turkey,1991-06-04,Telcon,"Telcon with Turgut Ozal, President of Turkey on June 4, 1991",428081713,https://catalog.archives.gov/id/428081713,https://s3.us-east-1.amazonaws.com/NARAprodstorage/lz/presidential-libraries/bush/gb-nsc/321498139/1991-06-04--Ozal.pdf,415891331; 415891332,4,69,Review likely source/context packet,same month: 1991-06; person signal: ozal; document-type signal: telcon; country signal: turkey,CC 008,Central Chronological Files,1991-06-01,June 1991 [4],470761764,Memcon/telcon search lead,European and Eurasian Directorate Central Chronological Files,https://catalog.archives.gov/id/470761764,https://s3.dualstack.us-east-1.amazonaws.com/NARAprodstorage/lz/presidential-libraries/bush/gb-nsc/euro_eura_dir_374000108/41-bpr-nsc-euro_eura-cen_chron-30517-006.pdf
,,,3.047,conversation-428081713,Turkey,1991-06-04,Telcon,"Telcon with Turgut Ozal, President of Turkey on June 4, 1991",428081713,https://catalog.archives.gov/id/428081713,https://s3.us-east-1.amazonaws.com/NARAprodstorage/lz/presidential-libraries/bush/gb-nsc/321498139/1991-06-04--Ozal.pdf,415891331; 415891332,5,69,Review likely source/context packet,same month: 1991-06; person signal: ozal; document-type signal: telcon; country signal: turkey,CC 011,Central Chronological Files,1991-06-01,June 1991 [1],470761761,Memcon/telcon search lead,European and Eurasian Directorate Central Chronological Files,https://catalog.archives.gov/id/470761761,https://s3.dualstack.us-east-1.amazonaws.com/NARAprodstorage/lz/presidential-libraries/bush/gb-nsc/euro_eura_dir_374000108/41-bpr-nsc-euro_eura-cen_chron-30517-003.pdf
,,,3.047,conversation-428081713,Turkey,1991-06-04,Telcon,"Telcon with Turgut Ozal, President of Turkey on June 4, 1991",428081713,https://catalog.archives.gov/id/428081713,https://s3.us-east-1.amazonaws.com/NARAprodstorage/lz/presidential-libraries/bush/gb-nsc/321498139/1991-06-04--Ozal.pdf,415891331; 415891332,6,69,Review likely source/context packet,same month: 1991-06; person signal: ozal; document-type signal: telcon; country signal: turkey,CC 071,Central Chronological Files,1991-06-01,June 1991 [2],470761762,Memcon/telcon search lead,European and Eurasian Directorate Central Chronological Files,https://catalog.archives.gov/id/470761762,https://s3.dualstack.us-east-1.amazonaws.com/NARAprodstorage/lz/presidential-libraries/bush/gb-nsc/euro_eura_dir_374000108/41-bpr-nsc-euro_eura-cen_chron-30517-004.pdf
,,,3.048,conversation-428081719,Turkey,1991-06-13,Telcon,"Telcon with Turgut Ozal, President of Turkey on June 13, 1991",428081719,https://catalog.archives.gov/id/428081719,https://s3.us-east-1.amazonaws.com/NARAprodstorage/lz/presidential-libraries/bush/gb-nsc/321498139/1991-06-13--Ozal.pdf,415891349; 415891350,1,87,Review likely source/context packet,chapter match: Turkey; same month: 1991-06; person signal: ozal; document-type signal: telephone conversation; country signal: turkey; high-value packet,RS 005-005,Requested source pool: NSC/DC Meetings,1991-06-04 to 1991-06-04,"NSC/DC 286 - June 04, 1991 - NSC/DC Meeting on Iraq, Keywords: Iraq",470761305,High-value EastMed lead,H-Files - National Security Council (NSC)/Deputies Committee (DC) Meetings Files,https://catalog.archives.gov/id/470761305,https://s3.amazonaws.com/NARAprodstorage/lz/presidential-libraries/bush/gb-nsc/H-Files/NSC-DC_Mtgs_312294079/41-bpr-nsc-hfiles-dc_mtgs-286-90020-005.pdf
,,,3.048,conversation-428081719,Turkey,1991-06-13,Telcon,"Telcon with Turgut Ozal, President of Turkey on June 13, 1991",428081719,https://catalog.archives.gov/id/428081719,https://s3.us-east-1.amazonaws.com/NARAprodstorage/lz/presidential-libraries/bush/gb-nsc/321498139/1991-06-13--Ozal.pdf,415891349; 415891350,2,69,Review likely source/context packet,same month: 1991-06; person signal: ozal; document-type signal: telcon; country signal: turkey,CC 008,Central Chronological Files,1991-06-01,June 1991 [4],470761764,Memcon/telcon search lead,European and Eurasian Directorate Central Chronological Files,https://catalog.archives.gov/id/470761764,https://s3.dualstack.us-east-1.amazonaws.com/NARAprodstorage/lz/presidential-libraries/bush/gb-nsc/euro_eura_dir_374000108/41-bpr-nsc-euro_eura-cen_chron-30517-006.pdf
,,,3.048,conversation-428081719,Turkey,1991-06-13,Telcon,"Telcon with Turgut Ozal, President of Turkey on June 13, 1991",428081719,https://catalog.archives.gov/id/428081719,https://s3.us-east-1.amazonaws.com/NARAprodstorage/lz/presidential-libraries/bush/gb-nsc/321498139/1991-06-13--Ozal.pdf,415891349; 415891350,3,69,Review likely source/context packet,same month: 1991-06; person signal: ozal; document-type signal: telcon; country signal: turkey,CC 011,Central Chronological Files,1991-06-01,June 1991 [1],470761761,Memcon/telcon search lead,European and Eurasian Directorate Central Chronological Files,https://catalog.archives.gov/id/470761761,https://s3.dualstack.us-east-1.amazonaws.com/NARAprodstorage/lz/presidential-libraries/bush/gb-nsc/euro_eura_dir_374000108/41-bpr-nsc-euro_eura-cen_chron-30517-003.pdf
,,,3.048,conversation-428081719,Turkey,1991-06-13,Telcon,"Telcon with Turgut Ozal, President of Turkey on June 13, 1991",428081719,https://catalog.archives.gov/id/428081719,https://s3.us-east-1.amazonaws.com/NARAprodstorage/lz/presidential-libraries/bush/gb-nsc/321498139/1991-06-13--Ozal.pdf,415891349; 415891350,4,69,Review likely source/context packet,same month: 1991-06; person signal: ozal; document-type signal: telcon; country signal: turkey,CC 071,Central Chronological Files,1991-06-01,June 1991 [2],470761762,Memcon/telcon search lead,European and Eurasian Directorate Central Chronological Files,https://catalog.archives.gov/id/470761762,https://s3.dualstack.us-east-1.amazonaws.com/NARAprodstorage/lz/presidential-libraries/bush/gb-nsc/euro_eura_dir_374000108/41-bpr-nsc-euro_eura-cen_chron-30517-004.pdf
,,,3.048,conversation-428081719,Turkey,1991-06-13,Telcon,"Telcon with Turgut Ozal, President of Turkey on June 13, 1991",428081719,https://catalog.archives.gov/id/428081719,https://s3.us-east-1.amazonaws.com/NARAprodstorage/lz/presidential-libraries/bush/gb-nsc/321498139/1991-06-13--Ozal.pdf,415891349; 415891350,5,69,Review likely source/context packet,chapter match: Turkey; same month: 1991-06; person signal: ozal; country signal: turkey; high-value packet,RS 002-010,Requested source pool: Presidential Daily File,1991-06-04 to 1991-06-04,"Tuesday, June 4, 1991 [1]",470417188,High-value EastMed lead,Presidential Daily Files,https://catalog.archives.gov/id/470417188,https://s3.amazonaws.com/NARAprodstorage/lz/presidential-libraries/bush/gb-gbpp/Pres_Daily_Files_595141/1991/41-bpr-ootp-daily_files-90601-007.pdf
,,,3.048,conversation-428081719,Turkey,1991-06-13,Telcon,"Telcon with Turgut Ozal, President of Turkey on June 13, 1991",428081719,https://catalog.archives.gov/id/428081719,https://s3.us-east-1.amazonaws.com/NARAprodstorage/lz/presidential-libraries/bush/gb-nsc/321498139/1991-06-13--Ozal.pdf,415891349; 415891350,6,69,Review likely source/context packet,chapter match: Turkey; same month: 1991-06; person signal: ozal; country signal: turkey; high-value packet,RS 002-028,Requested source pool: Presidential Daily File,1991-06-04 to 1991-06-04,"Tuesday, June 4, 1991 [2]",470417189,High-value EastMed lead,Presidential Daily Files,https://catalog.archives.gov/id/470417189,https://s3.amazonaws.com/NARAprodstorage/lz/presidential-libraries/bush/gb-gbpp/Pres_Daily_Files_595141/1991/41-bpr-ootp-daily_files-90601-008.pdf
,,,3.049,conversation-428081761,Turkey,1991-07-10,Telcon,"Telephone Call with Turgut Ozal, President of Turkey on July 10, 1991",428081761,https://catalog.archives.gov/id/428081761,https://s3.us-east-1.amazonaws.com/NARAprodstorage/lz/presidential-libraries/bush/gb-nsc/321498139/1991-07-10--Ozal.pdf,415891403; 415891404,1,69,Review likely source/context packet,same month: 1991-07; person signal: ozal; document-type signal: telcon; country signal: turkey,CC 002,Central Chronological Files,1991-07-01,July 1991 [2],470761766,Memcon/telcon search lead,European and Eurasian Directorate Central Chronological Files,https://catalog.archives.gov/id/470761766,https://s3.dualstack.us-east-1.amazonaws.com/NARAprodstorage/lz/presidential-libraries/bush/gb-nsc/euro_eura_dir_374000108/41-bpr-nsc-euro_eura-cen_chron-30518-002.pdf
,,,3.049,conversation-428081761,Turkey,1991-07-10,Telcon,"Telephone Call with Turgut Ozal, President of Turkey on July 10, 1991",428081761,https://catalog.archives.gov/id/428081761,https://s3.us-east-1.amazonaws.com/NARAprodstorage/lz/presidential-libraries/bush/gb-nsc/321498139/1991-07-10--Ozal.pdf,415891403; 415891404,2,69,Review likely source/context packet,same month: 1991-07; person signal: ozal; document-type signal: telcon; country signal: turkey,CC 024,Central Chronological Files,1991-07-01,July 1991 [3],470761767,Memcon/telcon search lead,European and Eurasian Directorate Central Chronological Files,https://catalog.archives.gov/id/470761767,https://s3.dualstack.us-east-1.amazonaws.com/NARAprodstorage/lz/presidential-libraries/bush/gb-nsc/euro_eura_dir_374000108/41-bpr-nsc-euro_eura-cen_chron-30518-003.pdf
,,,3.049,conversation-428081761,Turkey,1991-07-10,Telcon,"Telephone Call with Turgut Ozal, President of Turkey on July 10, 1991",428081761,https://catalog.archives.gov/id/428081761,https://s3.us-east-1.amazonaws.com/NARAprodstorage/lz/presidential-libraries/bush/gb-nsc/321498139/1991-07-10--Ozal.pdf,415891403; 415891404,3,69,Review likely source/context packet,same month: 1991-07; person signal: ozal; document-type signal: telcon; country signal: turkey,CC 069,Central Chronological Files,1991-07-01,July 1991 [4],470761768,Memcon/telcon search lead,European and Eurasian Directorate Central Chronological Files,https://catalog.archives.gov/id/470761768,https://s3.dualstack.us-east-1.amazonaws.com/NARAprodstorage/lz/presidential-libraries/bush/gb-nsc/euro_eura_dir_374000108/41-bpr-nsc-euro_eura-cen_chron-30518-004.pdf
,,,3.049,conversation-428081761,Turkey,1991-07-10,Telcon,"Telephone Call with Turgut Ozal, President of Turkey on July 10, 1991",428081761,https://catalog.archives.gov/id/428081761,https://s3.us-east-1.amazonaws.com/NARAprodstorage/lz/presidential-libraries/bush/gb-nsc/321498139/1991-07-10--Ozal.pdf,415891403; 415891404,4,69,Review likely source/context packet,chapter match: Turkey; same month: 1991-07; person signal: ozal; country signal: turkey; high-value packet,RS 002-003,Requested source pool: Presidential Daily File,1991-07-20 to 1991-07-20,"Saturday, July 20, 1991",470417260,High-value EastMed lead,Presidential Daily Files,https://catalog.archives.gov/id/470417260,https://s3.amazonaws.com/NARAprodstorage/lz/presidential-libraries/bush/gb-gbpp/Pres_Daily_Files_595141/1991/41-bpr-ootp-daily_files-90610-002.pdf
,,,3.050,conversation-428081779,Turkey,1991-07-20,Memcon,"Meeting with Turgut Ozal, President of Turkey on July 20, 1991 (1 of 2)",428081779,https://catalog.archives.gov/id/428081779,https://s3.us-east-1.amazonaws.com/NARAprodstorage/lz/presidential-libraries/bush/gb-nsc/321498039/1991-07-20--Ozal-1.pdf,415891423; 415891424,1,99,Review likely source/context packet,"chapter match: Turkey; same month: 1991-07; date signal: July 20, 1991; person signal: ozal; country signal: turkey; high-value packet",RS 002-003,Requested source pool: Presidential Daily File,1991-07-20 to 1991-07-20,"Saturday, July 20, 1991",470417260,High-value EastMed lead,Presidential Daily Files,https://catalog.archives.gov/id/470417260,https://s3.amazonaws.com/NARAprodstorage/lz/presidential-libraries/bush/gb-gbpp/Pres_Daily_Files_595141/1991/41-bpr-ootp-daily_files-90610-002.pdf
,,,3.050,conversation-428081779,Turkey,1991-07-20,Memcon,"Meeting with Turgut Ozal, President of Turkey on July 20, 1991 (1 of 2)",428081779,https://catalog.archives.gov/id/428081779,https://s3.us-east-1.amazonaws.com/NARAprodstorage/lz/presidential-libraries/bush/gb-nsc/321498039/1991-07-20--Ozal-1.pdf,415891423; 415891424,2,91,Review likely source/context packet,chapter match: Turkey; date-range signal: 7/11/91-7/22/91; person signal: ozal; document-type signal: memcon; country signal: turkey; high-value packet,RS 001-001,Requested source pool: Scowcroft Papers,,Presidential Meetings--Memorandum of Conversations 7/11/91-7/22/91,366551676,High-value EastMed lead,Presidential Correspondence Files,https://catalog.archives.gov/id/366551676,https://s3.amazonaws.com/NARAprodstorage/lz/presidential-libraries/bush/gb-gbs/4545941/41-bpr-scow-pcor-memcon-91109-001.pdf
,,,3.050,conversation-428081779,Turkey,1991-07-20,Memcon,"Meeting with Turgut Ozal, President of Turkey on July 20, 1991 (1 of 2)",428081779,https://catalog.archives.gov/id/428081779,https://s3.us-east-1.amazonaws.com/NARAprodstorage/lz/presidential-libraries/bush/gb-nsc/321498039/1991-07-20--Ozal-1.pdf,415891423; 415891424,3,69,Review likely source/context packet,same month: 1991-07; person signal: ozal; document-type signal: memcon; country signal: turkey,CC 002,Central Chronological Files,1991-07-01,July 1991 [2],470761766,Memcon/telcon search lead,European and Eurasian Directorate Central Chronological Files,https://catalog.archives.gov/id/470761766,https://s3.dualstack.us-east-1.amazonaws.com/NARAprodstorage/lz/presidential-libraries/bush/gb-nsc/euro_eura_dir_374000108/41-bpr-nsc-euro_eura-cen_chron-30518-002.pdf
,,,3.050,conversation-428081779,Turkey,1991-07-20,Memcon,"Meeting with Turgut Ozal, President of Turkey on July 20, 1991 (1 of 2)",428081779,https://catalog.archives.gov/id/428081779,https://s3.us-east-1.amazonaws.com/NARAprodstorage/lz/presidential-libraries/bush/gb-nsc/321498039/1991-07-20--Ozal-1.pdf,415891423; 415891424,4,69,Review likely source/context packet,same month: 1991-07; person signal: ozal; document-type signal: memcon; country signal: turkey,CC 024,Central Chronological Files,1991-07-01,July 1991 [3],470761767,Memcon/telcon search lead,European and Eurasian Directorate Central Chronological Files,https://catalog.archives.gov/id/470761767,https://s3.dualstack.us-east-1.amazonaws.com/NARAprodstorage/lz/presidential-libraries/bush/gb-nsc/euro_eura_dir_374000108/41-bpr-nsc-euro_eura-cen_chron-30518-003.pdf
,,,3.050,conversation-428081779,Turkey,1991-07-20,Memcon,"Meeting with Turgut Ozal, President of Turkey on July 20, 1991 (1 of 2)",428081779,https://catalog.archives.gov/id/428081779,https://s3.us-east-1.amazonaws.com/NARAprodstorage/lz/presidential-libraries/bush/gb-nsc/321498039/1991-07-20--Ozal-1.pdf,415891423; 415891424,5,69,Review likely source/context packet,same month: 1991-07; person signal: ozal; document-type signal: memcon; country signal: turkey,CC 069,Central Chronological Files,1991-07-01,July 1991 [4],470761768,Memcon/telcon search lead,European and Eurasian Directorate Central Chronological Files,https://catalog.archives.gov/id/470761768,https://s3.dualstack.us-east-1.amazonaws.com/NARAprodstorage/lz/presidential-libraries/bush/gb-nsc/euro_eura_dir_374000108/41-bpr-nsc-euro_eura-cen_chron-30518-004.pdf
,,,3.051,conversation-428081781,Turkey,1991-07-20,Memcon,"Meeting with Turgut Ozal, President of Turkey on July 20, 1991 (2 of 2)",428081781,https://catalog.archives.gov/id/428081781,https://s3.us-east-1.amazonaws.com/NARAprodstorage/lz/presidential-libraries/bush/gb-nsc/321498039/1991-07-20--Ozal-2.pdf,415891423; 415891424,1,99,Review likely source/context packet,"chapter match: Turkey; same month: 1991-07; date signal: July 20, 1991; person signal: ozal; country signal: turkey; high-value packet",RS 002-003,Requested source pool: Presidential Daily File,1991-07-20 to 1991-07-20,"Saturday, July 20, 1991",470417260,High-value EastMed lead,Presidential Daily Files,https://catalog.archives.gov/id/470417260,https://s3.amazonaws.com/NARAprodstorage/lz/presidential-libraries/bush/gb-gbpp/Pres_Daily_Files_595141/1991/41-bpr-ootp-daily_files-90610-002.pdf
,,,3.051,conversation-428081781,Turkey,1991-07-20,Memcon,"Meeting with Turgut Ozal, President of Turkey on July 20, 1991 (2 of 2)",428081781,https://catalog.archives.gov/id/428081781,https://s3.us-east-1.amazonaws.com/NARAprodstorage/lz/presidential-libraries/bush/gb-nsc/321498039/1991-07-20--Ozal-2.pdf,415891423; 415891424,2,91,Review likely source/context packet,chapter match: Turkey; date-range signal: 7/11/91-7/22/91; person signal: ozal; document-type signal: memcon; country signal: turkey; high-value packet,RS 001-001,Requested source pool: Scowcroft Papers,,Presidential Meetings--Memorandum of Conversations 7/11/91-7/22/91,366551676,High-value EastMed lead,Presidential Correspondence Files,https://catalog.archives.gov/id/366551676,https://s3.amazonaws.com/NARAprodstorage/lz/presidential-libraries/bush/gb-gbs/4545941/41-bpr-scow-pcor-memcon-91109-001.pdf
,,,3.051,conversation-428081781,Turkey,1991-07-20,Memcon,"Meeting with Turgut Ozal, President of Turkey on July 20, 1991 (2 of 2)",428081781,https://catalog.archives.gov/id/428081781,https://s3.us-east-1.amazonaws.com/NARAprodstorage/lz/presidential-libraries/bush/gb-nsc/321498039/1991-07-20--Ozal-2.pdf,415891423; 415891424,3,69,Review likely source/context packet,same month: 1991-07; person signal: ozal; document-type signal: memcon; country signal: turkey,CC 002,Central Chronological Files,1991-07-01,July 1991 [2],470761766,Memcon/telcon search lead,European and Eurasian Directorate Central Chronological Files,https://catalog.archives.gov/id/470761766,https://s3.dualstack.us-east-1.amazonaws.com/NARAprodstorage/lz/presidential-libraries/bush/gb-nsc/euro_eura_dir_374000108/41-bpr-nsc-euro_eura-cen_chron-30518-002.pdf
,,,3.051,conversation-428081781,Turkey,1991-07-20,Memcon,"Meeting with Turgut Ozal, President of Turkey on July 20, 1991 (2 of 2)",428081781,https://catalog.archives.gov/id/428081781,https://s3.us-east-1.amazonaws.com/NARAprodstorage/lz/presidential-libraries/bush/gb-nsc/321498039/1991-07-20--Ozal-2.pdf,415891423; 415891424,4,69,Review likely source/context packet,same month: 1991-07; person signal: ozal; document-type signal: memcon; country signal: turkey,CC 024,Central Chronological Files,1991-07-01,July 1991 [3],470761767,Memcon/telcon search lead,European and Eurasian Directorate Central Chronological Files,https://catalog.archives.gov/id/470761767,https://s3.dualstack.us-east-1.amazonaws.com/NARAprodstorage/lz/presidential-libraries/bush/gb-nsc/euro_eura_dir_374000108/41-bpr-nsc-euro_eura-cen_chron-30518-003.pdf
,,,3.051,conversation-428081781,Turkey,1991-07-20,Memcon,"Meeting with Turgut Ozal, President of Turkey on July 20, 1991 (2 of 2)",428081781,https://catalog.archives.gov/id/428081781,https://s3.us-east-1.amazonaws.com/NARAprodstorage/lz/presidential-libraries/bush/gb-nsc/321498039/1991-07-20--Ozal-2.pdf,415891423; 415891424,5,69,Review likely source/context packet,same month: 1991-07; person signal: ozal; document-type signal: memcon; country signal: turkey,CC 069,Central Chronological Files,1991-07-01,July 1991 [4],470761768,Memcon/telcon search lead,European and Eurasian Directorate Central Chronological Files,https://catalog.archives.gov/id/470761768,https://s3.dualstack.us-east-1.amazonaws.com/NARAprodstorage/lz/presidential-libraries/bush/gb-nsc/euro_eura_dir_374000108/41-bpr-nsc-euro_eura-cen_chron-30518-004.pdf
,,,3.052,conversation-428081783,Turkey,1991-07-20,Memcon,"President's Meeting with Prime Minister Yilmaz of Turkey, July 20, 1991",428081783,https://catalog.archives.gov/id/428081783,https://s3.us-east-1.amazonaws.com/NARAprodstorage/lz/presidential-libraries/bush/gb-nsc/321498039/1991-07-20--Yilmaz.pdf,415891423; 415891424,1,99,Review likely source/context packet,"chapter match: Turkey; same month: 1991-07; date signal: July 20, 1991; person signal: yilmaz; country signal: turkey; high-value packet",RS 002-003,Requested source pool: Presidential Daily File,1991-07-20 to 1991-07-20,"Saturday, July 20, 1991",470417260,High-value EastMed lead,Presidential Daily Files,https://catalog.archives.gov/id/470417260,https://s3.amazonaws.com/NARAprodstorage/lz/presidential-libraries/bush/gb-gbpp/Pres_Daily_Files_595141/1991/41-bpr-ootp-daily_files-90610-002.pdf
,,,3.052,conversation-428081783,Turkey,1991-07-20,Memcon,"President's Meeting with Prime Minister Yilmaz of Turkey, July 20, 1991",428081783,https://catalog.archives.gov/id/428081783,https://s3.us-east-1.amazonaws.com/NARAprodstorage/lz/presidential-libraries/bush/gb-nsc/321498039/1991-07-20--Yilmaz.pdf,415891423; 415891424,2,91,Review likely source/context packet,chapter match: Turkey; date-range signal: 7/11/91-7/22/91; person signal: yilmaz; document-type signal: memcon; country signal: turkey; high-value packet,RS 001-001,Requested source pool: Scowcroft Papers,,Presidential Meetings--Memorandum of Conversations 7/11/91-7/22/91,366551676,High-value EastMed lead,Presidential Correspondence Files,https://catalog.archives.gov/id/366551676,https://s3.amazonaws.com/NARAprodstorage/lz/presidential-libraries/bush/gb-gbs/4545941/41-bpr-scow-pcor-memcon-91109-001.pdf
,,,3.052,conversation-428081783,Turkey,1991-07-20,Memcon,"President's Meeting with Prime Minister Yilmaz of Turkey, July 20, 1991",428081783,https://catalog.archives.gov/id/428081783,https://s3.us-east-1.amazonaws.com/NARAprodstorage/lz/presidential-libraries/bush/gb-nsc/321498039/1991-07-20--Yilmaz.pdf,415891423; 415891424,3,69,Review likely source/context packet,same month: 1991-07; person signal: yilmaz; document-type signal: memcon; country signal: turkey,CC 002,Central Chronological Files,1991-07-01,July 1991 [2],470761766,Memcon/telcon search lead,European and Eurasian Directorate Central Chronological Files,https://catalog.archives.gov/id/470761766,https://s3.dualstack.us-east-1.amazonaws.com/NARAprodstorage/lz/presidential-libraries/bush/gb-nsc/euro_eura_dir_374000108/41-bpr-nsc-euro_eura-cen_chron-30518-002.pdf
,,,3.053,conversation-428081787,Turkey,1991-07-22,Memcon,"President's Meeting with President Ozal of Turkey, July 22, 1991",428081787,https://catalog.archives.gov/id/428081787,https://s3.us-east-1.amazonaws.com/NARAprodstorage/lz/presidential-libraries/bush/gb-nsc/321498039/1991-07-22--Ozal.pdf,415891427; 415891428,1,121,Review likely source/context packet,chapter match: Turkey; date signal: 7/22/91; date-range signal: 7/11/91-7/22/91; person signal: ozal; document-type signal: memcon; country signal: turkey; high-value packet,RS 001-001,Requested source pool: Scowcroft Papers,,Presidential Meetings--Memorandum of Conversations 7/11/91-7/22/91,366551676,High-value EastMed lead,Presidential Correspondence Files,https://catalog.archives.gov/id/366551676,https://s3.amazonaws.com/NARAprodstorage/lz/presidential-libraries/bush/gb-gbs/4545941/41-bpr-scow-pcor-memcon-91109-001.pdf
,,,3.053,conversation-428081787,Turkey,1991-07-22,Memcon,"President's Meeting with President Ozal of Turkey, July 22, 1991",428081787,https://catalog.archives.gov/id/428081787,https://s3.us-east-1.amazonaws.com/NARAprodstorage/lz/presidential-libraries/bush/gb-nsc/321498039/1991-07-22--Ozal.pdf,415891427; 415891428,2,69,Review likely source/context packet,same month: 1991-07; person signal: ozal; document-type signal: memcon; country signal: turkey,CC 002,Central Chronological Files,1991-07-01,July 1991 [2],470761766,Memcon/telcon search lead,European and Eurasian Directorate Central Chronological Files,https://catalog.archives.gov/id/470761766,https://s3.dualstack.us-east-1.amazonaws.com/NARAprodstorage/lz/presidential-libraries/bush/gb-nsc/euro_eura_dir_374000108/41-bpr-nsc-euro_eura-cen_chron-30518-002.pdf
,,,3.053,conversation-428081787,Turkey,1991-07-22,Memcon,"President's Meeting with President Ozal of Turkey, July 22, 1991",428081787,https://catalog.archives.gov/id/428081787,https://s3.us-east-1.amazonaws.com/NARAprodstorage/lz/presidential-libraries/bush/gb-nsc/321498039/1991-07-22--Ozal.pdf,415891427; 415891428,3,69,Review likely source/context packet,same month: 1991-07; person signal: ozal; document-type signal: memcon; country signal: turkey,CC 024,Central Chronological Files,1991-07-01,July 1991 [3],470761767,Memcon/telcon search lead,European and Eurasian Directorate Central Chronological Files,https://catalog.archives.gov/id/470761767,https://s3.dualstack.us-east-1.amazonaws.com/NARAprodstorage/lz/presidential-libraries/bush/gb-nsc/euro_eura_dir_374000108/41-bpr-nsc-euro_eura-cen_chron-30518-003.pdf
,,,3.053,conversation-428081787,Turkey,1991-07-22,Memcon,"President's Meeting with President Ozal of Turkey, July 22, 1991",428081787,https://catalog.archives.gov/id/428081787,https://s3.us-east-1.amazonaws.com/NARAprodstorage/lz/presidential-libraries/bush/gb-nsc/321498039/1991-07-22--Ozal.pdf,415891427; 415891428,4,69,Review likely source/context packet,same month: 1991-07; person signal: ozal; document-type signal: memcon; country signal: turkey,CC 069,Central Chronological Files,1991-07-01,July 1991 [4],470761768,Memcon/telcon search lead,European and Eurasian Directorate Central Chronological Files,https://catalog.archives.gov/id/470761768,https://s3.dualstack.us-east-1.amazonaws.com/NARAprodstorage/lz/presidential-libraries/bush/gb-nsc/euro_eura_dir_374000108/41-bpr-nsc-euro_eura-cen_chron-30518-004.pdf
,,,3.053,conversation-428081787,Turkey,1991-07-22,Memcon,"President's Meeting with President Ozal of Turkey, July 22, 1991",428081787,https://catalog.archives.gov/id/428081787,https://s3.us-east-1.amazonaws.com/NARAprodstorage/lz/presidential-libraries/bush/gb-nsc/321498039/1991-07-22--Ozal.pdf,415891427; 415891428,5,69,Review likely source/context packet,chapter match: Turkey; same month: 1991-07; person signal: ozal; country signal: turkey; high-value packet,RS 002-003,Requested source pool: Presidential Daily File,1991-07-20 to 1991-07-20,"Saturday, July 20, 1991",470417260,High-value EastMed lead,Presidential Daily Files,https://catalog.archives.gov/id/470417260,https://s3.amazonaws.com/NARAprodstorage/lz/presidential-libraries/bush/gb-gbpp/Pres_Daily_Files_595141/1991/41-bpr-ootp-daily_files-90610-002.pdf
,,,3.054,conversation-428081813,Turkey,1991-08-19,Telcon,"Telcon with President Turgut Ozal of Turkey, August 19, 1991",428081813,https://catalog.archives.gov/id/428081813,https://s3.us-east-1.amazonaws.com/NARAprodstorage/lz/presidential-libraries/bush/gb-nsc/321498139/1991-08-19--Ozal.pdf,415891483; 415891484,1,91,Review likely source/context packet,chapter match: Turkey; date-range signal: 8/5/91-9/25/91; person signal: ozal; document-type signal: telcon; country signal: turkey; high-value packet,RS 001-013,Requested source pool: Scowcroft Papers,,Presidential Telephone Calls--Memorandum of Conversations 8/5/91-9/25/91,366551701,High-value EastMed lead,Presidential Correspondence Files,https://catalog.archives.gov/id/366551701,https://s3.amazonaws.com/NARAprodstorage/lz/presidential-libraries/bush/gb-gbs/4545941/41-bpr-scow-pcor-telcon-91113-001.pdf
,,,3.054,conversation-428081813,Turkey,1991-08-19,Telcon,"Telcon with President Turgut Ozal of Turkey, August 19, 1991",428081813,https://catalog.archives.gov/id/428081813,https://s3.us-east-1.amazonaws.com/NARAprodstorage/lz/presidential-libraries/bush/gb-nsc/321498139/1991-08-19--Ozal.pdf,415891483; 415891484,2,77,Review likely source/context packet,same month: 1991-08; person signal: ozal; document-type signal: telcon; country signal: turkey; open-first packet,CC 028,Central Chronological Files,1991-08-01,August 1991 [2],470761771,Open packet first,European and Eurasian Directorate Central Chronological Files,https://catalog.archives.gov/id/470761771,https://s3.dualstack.us-east-1.amazonaws.com/NARAprodstorage/lz/presidential-libraries/bush/gb-nsc/euro_eura_dir_374000108/41-bpr-nsc-euro_eura-cen_chron-30519-001.pdf
,,,3.054,conversation-428081813,Turkey,1991-08-19,Telcon,"Telcon with President Turgut Ozal of Turkey, August 19, 1991",428081813,https://catalog.archives.gov/id/428081813,https://s3.us-east-1.amazonaws.com/NARAprodstorage/lz/presidential-libraries/bush/gb-nsc/321498139/1991-08-19--Ozal.pdf,415891483; 415891484,3,69,Review likely source/context packet,same month: 1991-08; person signal: ozal; document-type signal: telcon; country signal: turkey,CC 006,Central Chronological Files,1991-08-01,August 1991 [3],470761772,Memcon/telcon search lead,European and Eurasian Directorate Central Chronological Files,https://catalog.archives.gov/id/470761772,https://s3.dualstack.us-east-1.amazonaws.com/NARAprodstorage/lz/presidential-libraries/bush/gb-nsc/euro_eura_dir_374000108/41-bpr-nsc-euro_eura-cen_chron-30519-002.pdf
,,,3.054,conversation-428081813,Turkey,1991-08-19,Telcon,"Telcon with President Turgut Ozal of Turkey, August 19, 1991",428081813,https://catalog.archives.gov/id/428081813,https://s3.us-east-1.amazonaws.com/NARAprodstorage/lz/presidential-libraries/bush/gb-nsc/321498139/1991-08-19--Ozal.pdf,415891483; 415891484,4,69,Review likely source/context packet,same month: 1991-08; person signal: ozal; document-type signal: telcon; country signal: turkey,CC 009,Central Chronological Files,1991-08-01,August 1991 [4],470761773,Memcon/telcon search lead,European and Eurasian Directorate Central Chronological Files,https://catalog.archives.gov/id/470761773,https://s3.dualstack.us-east-1.amazonaws.com/NARAprodstorage/lz/presidential-libraries/bush/gb-nsc/euro_eura_dir_374000108/41-bpr-nsc-euro_eura-cen_chron-30519-003.pdf
,,,3.054,conversation-428081813,Turkey,1991-08-19,Telcon,"Telcon with President Turgut Ozal of Turkey, August 19, 1991",428081813,https://catalog.archives.gov/id/428081813,https://s3.us-east-1.amazonaws.com/NARAprodstorage/lz/presidential-libraries/bush/gb-nsc/321498139/1991-08-19--Ozal.pdf,415891483; 415891484,5,69,Review likely source/context packet,same month: 1991-08; person signal: ozal; document-type signal: telcon; country signal: turkey,CC 010,Central Chronological Files,1991-08-01,August 1991 [1],470761770,Memcon/telcon search lead,European and Eurasian Directorate Central Chronological Files,https://catalog.archives.gov/id/470761770,https://s3.dualstack.us-east-1.amazonaws.com/NARAprodstorage/lz/presidential-libraries/bush/gb-nsc/euro_eura_dir_374000108/41-bpr-nsc-euro_eura-cen_chron-30518-006.pdf
,,,3.055,conversation-428081911,Turkey,1991-09-09,Telcon,"Telcon with Turgut Ozal, President of Turkey, September 9, 1991",428081911,https://catalog.archives.gov/id/428081911,https://s3.us-east-1.amazonaws.com/NARAprodstorage/lz/presidential-libraries/bush/gb-nsc/321498139/1991-09-09--Ozal.pdf,415891525; 415891526,1,99,Review likely source/context packet,"chapter match: Turkey; same month: 1991-09; date signal: September 9, 1991; person signal: ozal; country signal: turkey; high-value packet",RS 002-018,Requested source pool: Presidential Daily File,1991-09-09 to 1991-09-09,"Monday, September 9, 1991 [1]",470417327,High-value EastMed lead,Presidential Daily Files,https://catalog.archives.gov/id/470417327,https://s3.amazonaws.com/NARAprodstorage/lz/presidential-libraries/bush/gb-gbpp/Pres_Daily_Files_595141/1991/41-bpr-ootp-daily_files-90617-005.pdf
,,,3.055,conversation-428081911,Turkey,1991-09-09,Telcon,"Telcon with Turgut Ozal, President of Turkey, September 9, 1991",428081911,https://catalog.archives.gov/id/428081911,https://s3.us-east-1.amazonaws.com/NARAprodstorage/lz/presidential-libraries/bush/gb-nsc/321498139/1991-09-09--Ozal.pdf,415891525; 415891526,2,91,Review likely source/context packet,chapter match: Turkey; date-range signal: 8/5/91-9/25/91; person signal: ozal; document-type signal: telcon; country signal: turkey; high-value packet,RS 001-013,Requested source pool: Scowcroft Papers,,Presidential Telephone Calls--Memorandum of Conversations 8/5/91-9/25/91,366551701,High-value EastMed lead,Presidential Correspondence Files,https://catalog.archives.gov/id/366551701,https://s3.amazonaws.com/NARAprodstorage/lz/presidential-libraries/bush/gb-gbs/4545941/41-bpr-scow-pcor-telcon-91113-001.pdf
,,,3.055,conversation-428081911,Turkey,1991-09-09,Telcon,"Telcon with Turgut Ozal, President of Turkey, September 9, 1991",428081911,https://catalog.archives.gov/id/428081911,https://s3.us-east-1.amazonaws.com/NARAprodstorage/lz/presidential-libraries/bush/gb-nsc/321498139/1991-09-09--Ozal.pdf,415891525; 415891526,3,69,Review likely source/context packet,same month: 1991-09; person signal: ozal; document-type signal: telcon; country signal: turkey,CC 050,Central Chronological Files,1991-09-01,September 1991 [3],470761776,Memcon/telcon search lead,European and Eurasian Directorate Central Chronological Files,https://catalog.archives.gov/id/470761776,https://s3.dualstack.us-east-1.amazonaws.com/NARAprodstorage/lz/presidential-libraries/bush/gb-nsc/euro_eura_dir_374000108/41-bpr-nsc-euro_eura-cen_chron-30520-001.pdf
,,,3.056,conversation-428082069,Turkey,1991-12-05,Telcon,"Telcon with Prime Minister Demirel of Turkey, December 5, 1991",428082069,https://catalog.archives.gov/id/428082069,https://s3.us-east-1.amazonaws.com/NARAprodstorage/lz/presidential-libraries/bush/gb-nsc/321498139/1991-12-05--Demirel.pdf,415891702; 415891703,1,91,Review likely source/context packet,chapter match: Turkey; date-range signal: 9/27/91-12/25/91; person signal: demirel; document-type signal: telcon; country signal: turkey; high-value packet,RS 001-027,Requested source pool: Scowcroft Papers,,Presidential Telephone Calls--Memorandum of Conversations 9/27/91-12/25/91,366551702,High-value EastMed lead,Presidential Correspondence Files,https://catalog.archives.gov/id/366551702,https://s3.amazonaws.com/NARAprodstorage/lz/presidential-libraries/bush/gb-gbs/4545941/41-bpr-scow-pcor-telcon-91113-002.pdf
,,,3.056,conversation-428082069,Turkey,1991-12-05,Telcon,"Telcon with Prime Minister Demirel of Turkey, December 5, 1991",428082069,https://catalog.archives.gov/id/428082069,https://s3.us-east-1.amazonaws.com/NARAprodstorage/lz/presidential-libraries/bush/gb-nsc/321498139/1991-12-05--Demirel.pdf,415891702; 415891703,2,69,Review likely source/context packet,same month: 1991-12; person signal: demirel; document-type signal: telcon; country signal: turkey,CC 014,Central Chronological Files,1991-12-01,December 1991 [1],470761786,Memcon/telcon search lead,European and Eurasian Directorate Central Chronological Files,https://catalog.archives.gov/id/470761786,https://s3.dualstack.us-east-1.amazonaws.com/NARAprodstorage/lz/presidential-libraries/bush/gb-nsc/euro_eura_dir_374000108/41-bpr-nsc-euro_eura-cen_chron-30522-001.pdf
,,,3.057,conversation-428082117,Turkey,1992-01-12,Telcon,"Telcon with President Turgut Ozal of Turkey, January 12, 1991",428082117,https://catalog.archives.gov/id/428082117,https://s3.us-east-1.amazonaws.com/NARAprodstorage/lz/presidential-libraries/bush/gb-nsc/321498139/1991-01-12--Ozal.pdf,415891779; 415891780,,,No source-lane match above threshold,,,,,,,,,,
,,,3.058,conversation-428082173,Turkey,1992-04-28,Memcon,"Meeting with President Turgut Ozal of Turkey, April 28, 1992",428082173,https://catalog.archives.gov/id/428082173,https://s3.us-east-1.amazonaws.com/NARAprodstorage/lz/presidential-libraries/bush/gb-nsc/321498039/1992-04-28--Ozal.pdf,415891994; 415891995,1,99,Review likely source/context packet,"chapter match: Turkey; same month: 1992-04; date signal: April 28, 1992; person signal: ozal; country signal: turkey; high-value packet",RS 002-009,Requested source pool: Presidential Daily File,1992-04-28 to 1992-04-28,"Tuesday, April 28, 1992 [3]",470417738,High-value EastMed lead,Presidential Daily Files,https://catalog.archives.gov/id/470417738,https://s3.amazonaws.com/NARAprodstorage/lz/presidential-libraries/bush/gb-gbpp/Pres_Daily_Files_595141/1992/41-bpr-ootp-daily_files-90674-002.pdf
,,,3.058,conversation-428082173,Turkey,1992-04-28,Memcon,"Meeting with President Turgut Ozal of Turkey, April 28, 1992",428082173,https://catalog.archives.gov/id/428082173,https://s3.us-east-1.amazonaws.com/NARAprodstorage/lz/presidential-libraries/bush/gb-nsc/321498039/1992-04-28--Ozal.pdf,415891994; 415891995,2,69,Review likely source/context packet,same month: 1992-04; person signal: ozal; document-type signal: memcon; country signal: turkey,CC 051,Central Chronological Files,1992-04-01,April 1992 [1],470761802,Memcon/telcon search lead,European and Eurasian Directorate Central Chronological Files,https://catalog.archives.gov/id/470761802,https://s3.dualstack.us-east-1.amazonaws.com/NARAprodstorage/lz/presidential-libraries/bush/gb-nsc/euro_eura_dir_374000108/41-bpr-nsc-euro_eura-cen_chron-30524-005.pdf
,,,3.059,conversation-428082213,Turkey,1992-05-07,Telcon,"Telcon with President Turgut Ozal of Turkey, May 7, 1992",428082213,https://catalog.archives.gov/id/428082213,https://s3.us-east-1.amazonaws.com/NARAprodstorage/lz/presidential-libraries/bush/gb-nsc/321498139/1992-05-07--Ozal.pdf,415892013; 415892014,1,89,Review likely source/context packet,chapter match: Turkey; same month: 1992-05; person signal: ozal; document-type signal: telcon; country signal: turkey; open-first packet,CC 005,Central Chronological Files,1992-05-01,May 1992 [5],470761812,Open packet first,European and Eurasian Directorate Central Chronological Files,https://catalog.archives.gov/id/470761812,https://s3.dualstack.us-east-1.amazonaws.com/NARAprodstorage/lz/presidential-libraries/bush/gb-nsc/euro_eura_dir_374000108/41-bpr-nsc-euro_eura-cen_chron-30526-003.pdf
,,,3.060,conversation-428082217,Turkey,1992-05-11,Telcon,"Telcon with Prime Minister Demirel of Turkey, May 11, 1992",428082217,https://catalog.archives.gov/id/428082217,https://s3.us-east-1.amazonaws.com/NARAprodstorage/lz/presidential-libraries/bush/gb-nsc/321498139/1992-05-11--Demirel.pdf,415892021; 415892022,1,91,Review likely source/context packet,chapter match: Turkey; date-range signal: 4/10/92-6/30/92; person signal: demirel; document-type signal: telcon; country signal: turkey; high-value packet,RS 001-017,Requested source pool: Scowcroft Papers,,Presidential Telephone Calls--Memorandum of Conversations 4/10/92-6/30/92,366551704,High-value EastMed lead,Presidential Correspondence Files,https://catalog.archives.gov/id/366551704,https://s3.amazonaws.com/NARAprodstorage/lz/presidential-libraries/bush/gb-gbs/4545941/41-bpr-scow-pcor-telcon-91113-004.pdf
,,,3.060,conversation-428082217,Turkey,1992-05-11,Telcon,"Telcon with Prime Minister Demirel of Turkey, May 11, 1992",428082217,https://catalog.archives.gov/id/428082217,https://s3.us-east-1.amazonaws.com/NARAprodstorage/lz/presidential-libraries/bush/gb-nsc/321498139/1992-05-11--Demirel.pdf,415892021; 415892022,2,89,Review likely source/context packet,chapter match: Turkey; same month: 1992-05; person signal: demirel; document-type signal: telcon; country signal: turkey; open-first packet,CC 005,Central Chronological Files,1992-05-01,May 1992 [5],470761812,Open packet first,European and Eurasian Directorate Central Chronological Files,https://catalog.archives.gov/id/470761812,https://s3.dualstack.us-east-1.amazonaws.com/NARAprodstorage/lz/presidential-libraries/bush/gb-nsc/euro_eura_dir_374000108/41-bpr-nsc-euro_eura-cen_chron-30526-003.pdf
,,,3.060,conversation-428082217,Turkey,1992-05-11,Telcon,"Telcon with Prime Minister Demirel of Turkey, May 11, 1992",428082217,https://catalog.archives.gov/id/428082217,https://s3.us-east-1.amazonaws.com/NARAprodstorage/lz/presidential-libraries/bush/gb-nsc/321498139/1992-05-11--Demirel.pdf,415892021; 415892022,3,69,Review likely source/context packet,same month: 1992-05; person signal: demirel; document-type signal: telcon; country signal: turkey,CC 054,Central Chronological Files,1992-05-01,May 1992 [3],470761810,Memcon/telcon search lead,European and Eurasian Directorate Central Chronological Files,https://catalog.archives.gov/id/470761810,https://s3.dualstack.us-east-1.amazonaws.com/NARAprodstorage/lz/presidential-libraries/bush/gb-nsc/euro_eura_dir_374000108/41-bpr-nsc-euro_eura-cen_chron-30526-001.pdf
,,,3.061,conversation-428082249,Turkey,1992-06-23,Telcon,"Telcon with Prime Minister Demirel of Turkey, June 23, 1992",428082249,https://catalog.archives.gov/id/428082249,https://s3.us-east-1.amazonaws.com/NARAprodstorage/lz/presidential-libraries/bush/gb-nsc/321498139/1992-06-23--Demirel.pdf,415892108; 415892109,1,91,Review likely source/context packet,chapter match: Turkey; date-range signal: 4/10/92-6/30/92; person signal: demirel; document-type signal: telcon; country signal: turkey; high-value packet,RS 001-017,Requested source pool: Scowcroft Papers,,Presidential Telephone Calls--Memorandum of Conversations 4/10/92-6/30/92,366551704,High-value EastMed lead,Presidential Correspondence Files,https://catalog.archives.gov/id/366551704,https://s3.amazonaws.com/NARAprodstorage/lz/presidential-libraries/bush/gb-gbs/4545941/41-bpr-scow-pcor-telcon-91113-004.pdf
,,,3.061,conversation-428082249,Turkey,1992-06-23,Telcon,"Telcon with Prime Minister Demirel of Turkey, June 23, 1992",428082249,https://catalog.archives.gov/id/428082249,https://s3.us-east-1.amazonaws.com/NARAprodstorage/lz/presidential-libraries/bush/gb-nsc/321498139/1992-06-23--Demirel.pdf,415892108; 415892109,2,89,Review likely source/context packet,chapter match: Turkey; same month: 1992-06; person signal: demirel; document-type signal: telcon; country signal: turkey; open-first packet,CC 017,Central Chronological Files,1992-06-01,June 1992 [4],470761816,Open packet first,European and Eurasian Directorate Central Chronological Files,https://catalog.archives.gov/id/470761816,https://s3.dualstack.us-east-1.amazonaws.com/NARAprodstorage/lz/presidential-libraries/bush/gb-nsc/euro_eura_dir_374000108/41-bpr-nsc-euro_eura-cen_chron-30527-002.pdf
,,,3.061,conversation-428082249,Turkey,1992-06-23,Telcon,"Telcon with Prime Minister Demirel of Turkey, June 23, 1992",428082249,https://catalog.archives.gov/id/428082249,https://s3.us-east-1.amazonaws.com/NARAprodstorage/lz/presidential-libraries/bush/gb-nsc/321498139/1992-06-23--Demirel.pdf,415892108; 415892109,3,69,Review likely source/context packet,chapter match: Turkey; same month: 1992-06; person signal: demirel; country signal: turkey; high-value packet,RS 002-019,Requested source pool: Presidential Daily File,1992-06-24 to 1992-06-24,"Wednesday, June 24, 1992 [1]",470417864,High-value EastMed lead,Presidential Daily Files,https://catalog.archives.gov/id/470417864,https://s3.amazonaws.com/NARAprodstorage/lz/presidential-libraries/bush/gb-gbpp/Pres_Daily_Files_595141/1992/41-bpr-ootp-daily_files-90691-004.pdf
,,,3.062,conversation-428082251,Turkey,1992-06-26,Telcon,"Telcon with Prime Minister Demirel of Turkey, June 26, 1992",428082251,https://catalog.archives.gov/id/428082251,https://s3.us-east-1.amazonaws.com/NARAprodstorage/lz/presidential-libraries/bush/gb-nsc/321498139/1992-06-26--Demirel.pdf,415892114; 415892115,1,119,Review likely source/context packet,chapter match: Turkey; same month: 1992-06; date signal: 6/26/92; person signal: demirel; document-type signal: telcon; country signal: turkey; open-first packet,CC 017,Central Chronological Files,1992-06-01,June 1992 [4],470761816,Open packet first,European and Eurasian Directorate Central Chronological Files,https://catalog.archives.gov/id/470761816,https://s3.dualstack.us-east-1.amazonaws.com/NARAprodstorage/lz/presidential-libraries/bush/gb-nsc/euro_eura_dir_374000108/41-bpr-nsc-euro_eura-cen_chron-30527-002.pdf
,,,3.062,conversation-428082251,Turkey,1992-06-26,Telcon,"Telcon with Prime Minister Demirel of Turkey, June 26, 1992",428082251,https://catalog.archives.gov/id/428082251,https://s3.us-east-1.amazonaws.com/NARAprodstorage/lz/presidential-libraries/bush/gb-nsc/321498139/1992-06-26--Demirel.pdf,415892114; 415892115,2,91,Review likely source/context packet,chapter match: Turkey; date-range signal: 4/10/92-6/30/92; person signal: demirel; document-type signal: telcon; country signal: turkey; high-value packet,RS 001-017,Requested source pool: Scowcroft Papers,,Presidential Telephone Calls--Memorandum of Conversations 4/10/92-6/30/92,366551704,High-value EastMed lead,Presidential Correspondence Files,https://catalog.archives.gov/id/366551704,https://s3.amazonaws.com/NARAprodstorage/lz/presidential-libraries/bush/gb-gbs/4545941/41-bpr-scow-pcor-telcon-91113-004.pdf
,,,3.062,conversation-428082251,Turkey,1992-06-26,Telcon,"Telcon with Prime Minister Demirel of Turkey, June 26, 1992",428082251,https://catalog.archives.gov/id/428082251,https://s3.us-east-1.amazonaws.com/NARAprodstorage/lz/presidential-libraries/bush/gb-nsc/321498139/1992-06-26--Demirel.pdf,415892114; 415892115,3,69,Review likely source/context packet,chapter match: Turkey; same month: 1992-06; person signal: demirel; country signal: turkey; high-value packet,RS 002-019,Requested source pool: Presidential Daily File,1992-06-24 to 1992-06-24,"Wednesday, June 24, 1992 [1]",470417864,High-value EastMed lead,Presidential Daily Files,https://catalog.archives.gov/id/470417864,https://s3.amazonaws.com/NARAprodstorage/lz/presidential-libraries/bush/gb-gbpp/Pres_Daily_Files_595141/1992/41-bpr-ootp-daily_files-90691-004.pdf
,,,3.063,conversation-428082289,Turkey,1992-07-09,Memcon,"Meeting With Prime Minister Suleyman Demirel of Turkey, July 9, 1992",428082289,https://catalog.archives.gov/id/428082289,https://s3.us-east-1.amazonaws.com/NARAprodstorage/lz/presidential-libraries/bush/gb-nsc/321498039/1992-07-09--Demirel.pdf,415892141; 415892142,1,121,Review likely source/context packet,chapter match: Turkey; date signal: 7/9/92; date-range signal: 7/9/92-12/22/92; person signal: demirel; document-type signal: memcon; country signal: turkey; high-value packet,RS 001-002,Requested source pool: Scowcroft Papers,,Presidential Meetings--Memorandum of Conversations 7/9/92-12/22/92,366551685,High-value EastMed lead,Presidential Correspondence Files,https://catalog.archives.gov/id/366551685,https://s3.amazonaws.com/NARAprodstorage/lz/presidential-libraries/bush/gb-gbs/4545941/41-bpr-scow-pcor-memcon-91110-002.pdf
,,,3.063,conversation-428082289,Turkey,1992-07-09,Memcon,"Meeting With Prime Minister Suleyman Demirel of Turkey, July 9, 1992",428082289,https://catalog.archives.gov/id/428082289,https://s3.us-east-1.amazonaws.com/NARAprodstorage/lz/presidential-libraries/bush/gb-nsc/321498039/1992-07-09--Demirel.pdf,415892141; 415892142,2,121,Review likely source/context packet,chapter match: Turkey; date signal: 7/9/92; date-range signal: 7/1/92-7/9/92; person signal: demirel; document-type signal: memcon; country signal: turkey; high-value packet,RS 001-010,Requested source pool: Scowcroft Papers,,Presidential Meetings--Memorandum of Conversations 7/1/92-7/9/92,366551684,High-value EastMed lead,Presidential Correspondence Files,https://catalog.archives.gov/id/366551684,https://s3.amazonaws.com/NARAprodstorage/lz/presidential-libraries/bush/gb-gbs/4545941/41-bpr-scow-pcor-memcon-91110-001.pdf
,,,3.063,conversation-428082289,Turkey,1992-07-09,Memcon,"Meeting With Prime Minister Suleyman Demirel of Turkey, July 9, 1992",428082289,https://catalog.archives.gov/id/428082289,https://s3.us-east-1.amazonaws.com/NARAprodstorage/lz/presidential-libraries/bush/gb-nsc/321498039/1992-07-09--Demirel.pdf,415892141; 415892142,3,107,Review likely source/context packet,same month: 1992-07; date signal: 7/9/92; person signal: demirel; document-type signal: memcon; country signal: turkey; open-first packet,CC 018,Central Chronological Files,1992-07-01,July 1992 [3],470761820,Open packet first,European and Eurasian Directorate Central Chronological Files,https://catalog.archives.gov/id/470761820,https://s3.dualstack.us-east-1.amazonaws.com/NARAprodstorage/lz/presidential-libraries/bush/gb-nsc/euro_eura_dir_374000108/41-bpr-nsc-euro_eura-cen_chron-30528-001.pdf
,,,3.063,conversation-428082289,Turkey,1992-07-09,Memcon,"Meeting With Prime Minister Suleyman Demirel of Turkey, July 9, 1992",428082289,https://catalog.archives.gov/id/428082289,https://s3.us-east-1.amazonaws.com/NARAprodstorage/lz/presidential-libraries/bush/gb-nsc/321498039/1992-07-09--Demirel.pdf,415892141; 415892142,4,99,Review likely source/context packet,"chapter match: Turkey; same month: 1992-07; date signal: July 9, 1992; person signal: demirel; country signal: turkey; high-value packet",RS 002-017,Requested source pool: Presidential Daily File,1992-07-09 to 1992-07-09,"Thursday, July 9, 1992 [1]",470417893,High-value EastMed lead,Presidential Daily Files,https://catalog.archives.gov/id/470417893,https://s3.amazonaws.com/NARAprodstorage/lz/presidential-libraries/bush/gb-gbpp/Pres_Daily_Files_595141/1992/41-bpr-ootp-daily_files-90695-006.pdf
,,,3.063,conversation-428082289,Turkey,1992-07-09,Memcon,"Meeting With Prime Minister Suleyman Demirel of Turkey, July 9, 1992",428082289,https://catalog.archives.gov/id/428082289,https://s3.us-east-1.amazonaws.com/NARAprodstorage/lz/presidential-libraries/bush/gb-nsc/321498039/1992-07-09--Demirel.pdf,415892141; 415892142,5,89,Review likely source/context packet,chapter match: Turkey; same month: 1992-07; person signal: demirel; document-type signal: memcon; country signal: turkey; open-first packet,CC 026,Central Chronological Files,1992-07-01,July 1992 [4],470761821,Open packet first,European and Eurasian Directorate Central Chronological Files,https://catalog.archives.gov/id/470761821,https://s3.dualstack.us-east-1.amazonaws.com/NARAprodstorage/lz/presidential-libraries/bush/gb-nsc/euro_eura_dir_374000108/41-bpr-nsc-euro_eura-cen_chron-30528-002.pdf
,,,3.063,conversation-428082289,Turkey,1992-07-09,Memcon,"Meeting With Prime Minister Suleyman Demirel of Turkey, July 9, 1992",428082289,https://catalog.archives.gov/id/428082289,https://s3.us-east-1.amazonaws.com/NARAprodstorage/lz/presidential-libraries/bush/gb-nsc/321498039/1992-07-09--Demirel.pdf,415892141; 415892142,6,69,Review likely source/context packet,same month: 1992-07; person signal: demirel; document-type signal: memcon; country signal: turkey,CC 034,Central Chronological Files,1992-07-01,July 1992 [1],470761818,Memcon/telcon search lead,European and Eurasian Directorate Central Chronological Files,https://catalog.archives.gov/id/470761818,https://s3.dualstack.us-east-1.amazonaws.com/NARAprodstorage/lz/presidential-libraries/bush/gb-nsc/euro_eura_dir_374000108/41-bpr-nsc-euro_eura-cen_chron-30527-004.pdf
,,,3.064,conversation-428082337,Turkey,1992-08-01,Telcon,"Telephone Conversation with Prime Minister Suleyman Demirel of Turkey, August 1, 1992",428082337,https://catalog.archives.gov/id/428082337,https://s3.us-east-1.amazonaws.com/NARAprodstorage/lz/presidential-libraries/bush/gb-nsc/321498139/1992-08-01--Demirel.pdf,415892188; 415892189,1,99,Review likely source/context packet,"chapter match: Turkey; same month: 1992-08; date signal: August 1, 1992; person signal: demirel; country signal: turkey; high-value packet",RS 002-027,Requested source pool: Presidential Daily File,1992-08-01 to 1992-08-01,"Saturday, August 1, 1992",470417945,High-value EastMed lead,Presidential Daily Files,https://catalog.archives.gov/id/470417945,https://s3.amazonaws.com/NARAprodstorage/lz/presidential-libraries/bush/gb-gbpp/Pres_Daily_Files_595141/1992/41-bpr-ootp-daily_files-90702-006.pdf
,,,3.064,conversation-428082337,Turkey,1992-08-01,Telcon,"Telephone Conversation with Prime Minister Suleyman Demirel of Turkey, August 1, 1992",428082337,https://catalog.archives.gov/id/428082337,https://s3.us-east-1.amazonaws.com/NARAprodstorage/lz/presidential-libraries/bush/gb-nsc/321498139/1992-08-01--Demirel.pdf,415892188; 415892189,2,91,Review likely source/context packet,chapter match: Turkey; date-range signal: 7/10/92-11/5/92; person signal: demirel; document-type signal: telcon; country signal: turkey; high-value packet,RS 001-018,Requested source pool: Scowcroft Papers,,Presidential Telephone Calls--Memorandum of Conversations 7/10/92-11/5/92,366551705,High-value EastMed lead,Presidential Correspondence Files,https://catalog.archives.gov/id/366551705,https://s3.amazonaws.com/NARAprodstorage/lz/presidential-libraries/bush/gb-gbs/4545941/41-bpr-scow-pcor-telcon-91113-005.pdf
,,,3.065,conversation-428082409,Turkey,1992-12-05,Telcon,"Telcon with President Turgut Ozal of Turkey, December 5, 1992",428082409,https://catalog.archives.gov/id/428082409,https://s3.us-east-1.amazonaws.com/NARAprodstorage/lz/presidential-libraries/bush/gb-nsc/321498139/1992-12-05--Ozal.pdf,415892440; 415892441,1,91,Review likely source/context packet,chapter match: Turkey; date-range signal: 11/5/92-1/2/93; person signal: ozal; document-type signal: telcon; country signal: turkey; high-value packet,RS 001-026,Requested source pool: Scowcroft Papers,,Presidential Telephone Calls--Memorandum of Conversations 11/5/92-1/2/93,366551706,High-value EastMed lead,Presidential Correspondence Files,https://catalog.archives.gov/id/366551706,https://s3.amazonaws.com/NARAprodstorage/lz/presidential-libraries/bush/gb-gbs/4545941/41-bpr-scow-pcor-telcon-91113-006.pdf
,,,3.065,conversation-428082409,Turkey,1992-12-05,Telcon,"Telcon with President Turgut Ozal of Turkey, December 5, 1992",428082409,https://catalog.archives.gov/id/428082409,https://s3.us-east-1.amazonaws.com/NARAprodstorage/lz/presidential-libraries/bush/gb-nsc/321498139/1992-12-05--Ozal.pdf,415892440; 415892441,2,81,Review likely source/context packet,chapter match: Turkey; same month: 1992-12; person signal: ozal; document-type signal: telcon; country signal: turkey,CC 052,Central Chronological Files,1992-12-01,December 1992 [3],470761837,Memcon/telcon search lead,European and Eurasian Directorate Central Chronological Files,https://catalog.archives.gov/id/470761837,https://s3.dualstack.us-east-1.amazonaws.com/NARAprodstorage/lz/presidential-libraries/bush/gb-nsc/euro_eura_dir_374000108/41-bpr-nsc-euro_eura-cen_chron-30531-003.pdf
,,,3.065,conversation-428082409,Turkey,1992-12-05,Telcon,"Telcon with President Turgut Ozal of Turkey, December 5, 1992",428082409,https://catalog.archives.gov/id/428082409,https://s3.us-east-1.amazonaws.com/NARAprodstorage/lz/presidential-libraries/bush/gb-nsc/321498139/1992-12-05--Ozal.pdf,415892440; 415892441,3,77,Review likely source/context packet,same month: 1992-12; person signal: ozal; document-type signal: telcon; country signal: turkey; open-first packet,CC 029,Central Chronological Files,1992-12-01,December 1992 [4],470761838,Open packet first,European and Eurasian Directorate Central Chronological Files,https://catalog.archives.gov/id/470761838,https://s3.dualstack.us-east-1.amazonaws.com/NARAprodstorage/lz/presidential-libraries/bush/gb-nsc/euro_eura_dir_374000108/41-bpr-nsc-euro_eura-cen_chron-30531-004.pdf
,,,3.065,conversation-428082409,Turkey,1992-12-05,Telcon,"Telcon with President Turgut Ozal of Turkey, December 5, 1992",428082409,https://catalog.archives.gov/id/428082409,https://s3.us-east-1.amazonaws.com/NARAprodstorage/lz/presidential-libraries/bush/gb-nsc/321498139/1992-12-05--Ozal.pdf,415892440; 415892441,4,69,Review likely source/context packet,same month: 1992-12; person signal: ozal; document-type signal: telcon; country signal: turkey,CC 001,Central Chronological Files,1992-12-01,December 1992 [2],470761836,Memcon/telcon search lead,European and Eurasian Directorate Central Chronological Files,https://catalog.archives.gov/id/470761836,https://s3.dualstack.us-east-1.amazonaws.com/NARAprodstorage/lz/presidential-libraries/bush/gb-nsc/euro_eura_dir_374000108/41-bpr-nsc-euro_eura-cen_chron-30531-002.pdf
,,,3.065,conversation-428082409,Turkey,1992-12-05,Telcon,"Telcon with President Turgut Ozal of Turkey, December 5, 1992",428082409,https://catalog.archives.gov/id/428082409,https://s3.us-east-1.amazonaws.com/NARAprodstorage/lz/presidential-libraries/bush/gb-nsc/321498139/1992-12-05--Ozal.pdf,415892440; 415892441,5,69,Review likely source/context packet,chapter match: Turkey; same month: 1992-12; person signal: ozal; country signal: turkey; high-value packet,RS 002-005,Requested source pool: Presidential Daily File,1992-12-26 to 1992-12-26,"Saturday, December 26, 1992",470418269,High-value EastMed lead,Presidential Daily Files,https://catalog.archives.gov/id/470418269,https://s3.amazonaws.com/NARAprodstorage/lz/presidential-libraries/bush/gb-gbpp/Pres_Daily_Files_595141/1992/41-bpr-ootp-daily_files-90745-004.pdf
,,,3.066,conversation-428082437,Turkey,1992-12-24,Telcon,"Telcon with Suleyman Demirel, Prime Minister of Turkey, December 24, 1992",428082437,https://catalog.archives.gov/id/428082437,https://s3.us-east-1.amazonaws.com/NARAprodstorage/lz/presidential-libraries/bush/gb-nsc/321498139/1992-12-24--Demirel.pdf,415892479,1,91,Review likely source/context packet,chapter match: Turkey; date-range signal: 11/5/92-1/2/93; person signal: demirel; document-type signal: telcon; country signal: turkey; high-value packet,RS 001-026,Requested source pool: Scowcroft Papers,,Presidential Telephone Calls--Memorandum of Conversations 11/5/92-1/2/93,366551706,High-value EastMed lead,Presidential Correspondence Files,https://catalog.archives.gov/id/366551706,https://s3.amazonaws.com/NARAprodstorage/lz/presidential-libraries/bush/gb-gbs/4545941/41-bpr-scow-pcor-telcon-91113-006.pdf
,,,3.066,conversation-428082437,Turkey,1992-12-24,Telcon,"Telcon with Suleyman Demirel, Prime Minister of Turkey, December 24, 1992",428082437,https://catalog.archives.gov/id/428082437,https://s3.us-east-1.amazonaws.com/NARAprodstorage/lz/presidential-libraries/bush/gb-nsc/321498139/1992-12-24--Demirel.pdf,415892479,2,77,Review likely source/context packet,same month: 1992-12; person signal: demirel; document-type signal: telcon; country signal: turkey; open-first packet,CC 029,Central Chronological Files,1992-12-01,December 1992 [4],470761838,Open packet first,European and Eurasian Directorate Central Chronological Files,https://catalog.archives.gov/id/470761838,https://s3.dualstack.us-east-1.amazonaws.com/NARAprodstorage/lz/presidential-libraries/bush/gb-nsc/euro_eura_dir_374000108/41-bpr-nsc-euro_eura-cen_chron-30531-004.pdf
,,,3.066,conversation-428082437,Turkey,1992-12-24,Telcon,"Telcon with Suleyman Demirel, Prime Minister of Turkey, December 24, 1992",428082437,https://catalog.archives.gov/id/428082437,https://s3.us-east-1.amazonaws.com/NARAprodstorage/lz/presidential-libraries/bush/gb-nsc/321498139/1992-12-24--Demirel.pdf,415892479,3,69,Review likely source/context packet,same month: 1992-12; person signal: demirel; document-type signal: telcon; country signal: turkey,CC 001,Central Chronological Files,1992-12-01,December 1992 [2],470761836,Memcon/telcon search lead,European and Eurasian Directorate Central Chronological Files,https://catalog.archives.gov/id/470761836,https://s3.dualstack.us-east-1.amazonaws.com/NARAprodstorage/lz/presidential-libraries/bush/gb-nsc/euro_eura_dir_374000108/41-bpr-nsc-euro_eura-cen_chron-30531-002.pdf
,,,3.066,conversation-428082437,Turkey,1992-12-24,Telcon,"Telcon with Suleyman Demirel, Prime Minister of Turkey, December 24, 1992",428082437,https://catalog.archives.gov/id/428082437,https://s3.us-east-1.amazonaws.com/NARAprodstorage/lz/presidential-libraries/bush/gb-nsc/321498139/1992-12-24--Demirel.pdf,415892479,4,69,Review likely source/context packet,chapter match: Turkey; same month: 1992-12; person signal: demirel; country signal: turkey; high-value packet,RS 002-005,Requested source pool: Presidential Daily File,1992-12-26 to 1992-12-26,"Saturday, December 26, 1992",470418269,High-value EastMed lead,Presidential Daily Files,https://catalog.archives.gov/id/470418269,https://s3.amazonaws.com/NARAprodstorage/lz/presidential-libraries/bush/gb-gbpp/Pres_Daily_Files_595141/1992/41-bpr-ootp-daily_files-90745-004.pdf
,,,4.001,conversation-428080191,Regional,1989-09-25,Memcon,"President's Lunch for Allied Representatives, September 25, 1989",428080191,https://catalog.archives.gov/id/428080191,https://s3.us-east-1.amazonaws.com/NARAprodstorage/lz/presidential-libraries/bush/gb-nsc/321498039/1989-09-25--Allied-Representatives.pdf,415890094; 415890095,1,68,Review likely source/context packet,"chapter match: Regional; same month: 1989-09; document-type signal: memcon; country signal: greece, turkey",CC 046,Central Chronological Files,1989-09-01,September 1989 [4],470761658,Memcon/telcon search lead,European and Eurasian Directorate Central Chronological Files,https://catalog.archives.gov/id/470761658,https://s3.dualstack.us-east-1.amazonaws.com/NARAprodstorage/lz/presidential-libraries/bush/gb-nsc/euro_eura_dir_374000108/41-bpr-nsc-euro_eura-cen_chron-30500-004.pdf
,,,4.001,conversation-428080191,Regional,1989-09-25,Memcon,"President's Lunch for Allied Representatives, September 25, 1989",428080191,https://catalog.archives.gov/id/428080191,https://s3.us-east-1.amazonaws.com/NARAprodstorage/lz/presidential-libraries/bush/gb-nsc/321498039/1989-09-25--Allied-Representatives.pdf,415890094; 415890095,2,61,Review likely source/context packet,date-range signal: 8/1/89-10/23/89; document-type signal: memorandum of conversation; country signal: turkey; high-value packet,RS 001-022,Requested source pool: Scowcroft Papers,,Presidential Telephone Calls--Memorandum of Conversations 8/1/89-10/23/89,366551688,High-value EastMed lead,Presidential Correspondence Files,https://catalog.archives.gov/id/366551688,https://s3.amazonaws.com/NARAprodstorage/lz/presidential-libraries/bush/gb-gbs/4545941/41-bpr-scow-pcor-telcon-91111-003.pdf
