compilerNumber,chapter,date,type,title,participants,releaseStatus,pageCount,naid,sourceNote,researchNote,scheduleReferences,catalogUrl,pdfUrl
1.001,Greece,1989-05-30,Memcon,"Meeting with Andreas Papandreaou, Prime Minister of Greece, May 30, 1989",George H. W. Bush; Andreas Papandreou,Full,3,428082497,"Source: George H.W. Bush Library, Bush Presidential Records, National Security Council, Presidential Telcon Files, Meeting with Andreas Papandreaou, Prime Minister of Greece, May 30, 1989. Release status: Full. NAID 428082497.",PDF extent: 3 pages. Digital object: 1989-05-30--Papandreou.pdf. Catalog: https://catalog.archives.gov/id/428082497.,"[Presidential Daily Diary] 5/30/1989 [EMPTY] - Source: George H.W. Bush Library, Bush Presidential Records, White House Office of Appointments and Scheduling Files, Presidential Daily Diary and Presidential Daily Backup Materials, [Presidential Daily Diary] 5/30/1989 [EMPTY]. Access restriction: Restricted - Possibly. NAID 415889858. - Match basis: same-date Daily Diary/Backup folder. Query hit(s): Daily Diary. Digital object: 41-bpr-apts_sch-dd-05_30_89-12798-011_415889858.pdf. Catalog: https://catalog.archives.gov/id/415889858. - Catalog: https://catalog.archives.gov/id/415889858 - PDF: https://s3.amazonaws.com/NARAprodstorage/lz/presidential-libraries/bush/gb-whasf/Presidential_Daily_Diary_186322/1989/41-bpr-apts_sch-dd-05_30_89-12798-011_415889858.pdf || [Presidential Daily Backup] 5/30/1989 - Source: George H.W. Bush Library, Bush Presidential Records, White House Office of Appointments and Scheduling Files, Presidential Daily Diary and Presidential Daily Backup Materials, [Presidential Daily Backup] 5/30/1989. Access restriction: Restricted - Possibly. NAID 415889859. - Match basis: same-date Daily Diary/Backup folder. Query hit(s): Daily Backup. Digital object: 41-bpr-apts_sch-dd-05_30_89-12798-012_415889859.pdf. Catalog: https://catalog.archives.gov/id/415889859. - Catalog: https://catalog.archives.gov/id/415889859 - PDF: https://s3.amazonaws.com/NARAprodstorage/lz/presidential-libraries/bush/gb-whasf/Presidential_Daily_Diary_186322/1989/41-bpr-apts_sch-dd-05_30_89-12798-012_415889859.pdf",https://catalog.archives.gov/id/428082497,https://s3.us-east-1.amazonaws.com/NARAprodstorage/lz/presidential-libraries/bush/gb-nsc/321498039/1989-05-30--Papandreou.pdf
1.002,Greece,1989-10-24,Memcon,"Presentation of Credentials by Christos Zacharakis, Ambassador of Greece",George H. W. Bush; Christos Zacharakis,Full,3,428080281,"Source: George H.W. Bush Library, Bush Presidential Records, National Security Council, Presidential Memcon Files, Presentation of Credentials by Christos Zacharakis, Ambassador of Greece. Release status: Full. NAID 428080281.",PDF extent: 3 pages. Digital object: 1989-10-24--Zacharakis.pdf. Catalog: https://catalog.archives.gov/id/428080281.,"[Presidential Daily Diary] 10/24/1989 - Source: George H.W. Bush Library, Bush Presidential Records, White House Office of Appointments and Scheduling Files, Presidential Daily Diary and Presidential Daily Backup Materials, [Presidential Daily Diary] 10/24/1989. Access restriction: Restricted - Possibly. NAID 415890152. - Match basis: same-date Daily Diary/Backup folder. Query hit(s): Daily Diary. Digital object: 41-bpr-apts_sch-dd-10_24_89-12809-009_415890152.pdf. Catalog: https://catalog.archives.gov/id/415890152. - Catalog: https://catalog.archives.gov/id/415890152 - PDF: https://s3.amazonaws.com/NARAprodstorage/lz/presidential-libraries/bush/gb-whasf/Presidential_Daily_Diary_186322/1989/41-bpr-apts_sch-dd-10_24_89-12809-009_415890152.pdf || [Presidential Daily Backup] 10/24/1989 - Source: George H.W. Bush Library, Bush Presidential Records, White House Office of Appointments and Scheduling Files, Presidential Daily Diary and Presidential Daily Backup Materials, [Presidential Daily Backup] 10/24/1989. Access restriction: Restricted - Possibly. NAID 415890153. - Match basis: same-date Daily Diary/Backup folder. Query hit(s): Daily Backup. Digital object: 41-bpr-apts_sch-dd-10_24_89-12809-010_415890153.pdf. Catalog: https://catalog.archives.gov/id/415890153. - Catalog: https://catalog.archives.gov/id/415890153 - PDF: https://s3.amazonaws.com/NARAprodstorage/lz/presidential-libraries/bush/gb-whasf/Presidential_Daily_Diary_186322/1989/41-bpr-apts_sch-dd-10_24_89-12809-010_415890153.pdf",https://catalog.archives.gov/id/428080281,https://s3.us-east-1.amazonaws.com/NARAprodstorage/lz/presidential-libraries/bush/gb-nsc/321498039/1989-10-24--Zacharakis.pdf
1.003,Greece,1989-11-27,Telcon,"Telephone Call to Prime Minister Xenofon Zolotas of Greece, November 27, 1989",George H. W. Bush; Xenofon Zolotas,Full,2,428080371,"Source: George H.W. Bush Library, Bush Presidential Records, National Security Council, Presidential Telcon Files, Telephone Call to Prime Minister Xenofon Zolotas of Greece, November 27, 1989. Release status: Full. NAID 428080371.",PDF extent: 2 pages. Digital object: 1989-11-27--Zolotas.pdf. Catalog: https://catalog.archives.gov/id/428080371.,"[Presidential Daily Diary] 11/27/1989 [EMPTY] - Source: George H.W. Bush Library, Bush Presidential Records, White House Office of Appointments and Scheduling Files, Presidential Daily Diary and Presidential Daily Backup Materials, [Presidential Daily Diary] 11/27/1989 [EMPTY]. Access restriction: Restricted - Possibly. NAID 415890220. - Match basis: same-date Daily Diary/Backup folder. Query hit(s): Daily Diary. Digital object: 41-bpr-apts_sch-dd-11_27_89-12812-011_415890220.pdf. Catalog: https://catalog.archives.gov/id/415890220. - Catalog: https://catalog.archives.gov/id/415890220 - PDF: https://s3.amazonaws.com/NARAprodstorage/lz/presidential-libraries/bush/gb-whasf/Presidential_Daily_Diary_186322/1989/41-bpr-apts_sch-dd-11_27_89-12812-011_415890220.pdf || [Presidential Daily Backup] 11/27/1989 - Source: George H.W. Bush Library, Bush Presidential Records, White House Office of Appointments and Scheduling Files, Presidential Daily Diary and Presidential Daily Backup Materials, [Presidential Daily Backup] 11/27/1989. Access restriction: Restricted - Possibly. NAID 415890221. - Match basis: same-date Daily Diary/Backup folder. Query hit(s): Daily Backup. Digital object: 41-bpr-apts_sch-dd-11_27_89-12812-012_415890221.pdf. Catalog: https://catalog.archives.gov/id/415890221. - Catalog: https://catalog.archives.gov/id/415890221 - PDF: https://s3.amazonaws.com/NARAprodstorage/lz/presidential-libraries/bush/gb-whasf/Presidential_Daily_Diary_186322/1989/41-bpr-apts_sch-dd-11_27_89-12812-012_415890221.pdf",https://catalog.archives.gov/id/428080371,https://s3.us-east-1.amazonaws.com/NARAprodstorage/lz/presidential-libraries/bush/gb-nsc/321498139/1989-11-27--Zolotas.pdf
1.004,Greece,1990-06-06,Memcon,"Meeting and Lunch with Prime Minister Mitsotakis, June 6, 1990",George H. W. Bush; Constantine Mitsotakis,Full,11,428080735,"Source: George H.W. Bush Library, Bush Presidential Records, National Security Council, Presidential Memcon Files, Meeting and Lunch with Prime Minister Mitsotakis, June 6, 1990. Release status: Full. NAID 428080735.",PDF extent: 11 pages. Digital object: 1990-06-06--Mitsotakis.pdf. Catalog: https://catalog.archives.gov/id/428080735.,"[Presidential Daily Diary] 6/6/1990 - Source: George H.W. Bush Library, Bush Presidential Records, White House Office of Appointments and Scheduling Files, Presidential Daily Diary and Presidential Daily Backup Materials, [Presidential Daily Diary] 6/6/1990. Access restriction: Restricted - Possibly. NAID 415890602. - Match basis: same-date Daily Diary/Backup folder. Query hit(s): Daily Diary. Digital object: 41-bpr-apts_sch-dd-06_06_90-12828-027_415890602.pdf. Catalog: https://catalog.archives.gov/id/415890602. - Catalog: https://catalog.archives.gov/id/415890602 - PDF: https://s3.amazonaws.com/NARAprodstorage/lz/presidential-libraries/bush/gb-whasf/Presidential_Daily_Diary_186322/1990/41-bpr-apts_sch-dd-06_06_90-12828-027_415890602.pdf || [Presidential Daily Backup] 6/6/1990 - Source: George H.W. Bush Library, Bush Presidential Records, White House Office of Appointments and Scheduling Files, Presidential Daily Diary and Presidential Daily Backup Materials, [Presidential Daily Backup] 6/6/1990. Access restriction: Restricted - Possibly. NAID 415890603. - Match basis: same-date Daily Diary/Backup folder. Query hit(s): Daily Backup. Digital object: 41-bpr-apts_sch-dd-06_06_90-12828-028_415890603.pdf. Catalog: https://catalog.archives.gov/id/415890603. - Catalog: https://catalog.archives.gov/id/415890603 - PDF: https://s3.amazonaws.com/NARAprodstorage/lz/presidential-libraries/bush/gb-whasf/Presidential_Daily_Diary_186322/1990/41-bpr-apts_sch-dd-06_06_90-12828-028_415890603.pdf",https://catalog.archives.gov/id/428080735,https://s3.us-east-1.amazonaws.com/NARAprodstorage/lz/presidential-libraries/bush/gb-nsc/321498039/1990-06-06--Mitsotakis.pdf
1.005,Greece,1990-08-22,Telcon,"Telephone Conversation with Prime Minister Constantine Mitsotakis of Greece, August 22, 1990",George H. W. Bush; Constantine Mitsotakis,Full,3,428080965,"Source: George H.W. Bush Library, Bush Presidential Records, National Security Council, Presidential Telcon Files, Telephone Conversation with Prime Minister Constantine Mitsotakis of Greece, August 22, 1990. Release status: Full. NAID 428080965.",PDF extent: 3 pages. Digital object: 1990-08-22--Mitsotakis.pdf. Catalog: https://catalog.archives.gov/id/428080965.,"[Presidential Daily Diary] 8/22/1990 [EMPTY] - Source: George H.W. Bush Library, Bush Presidential Records, White House Office of Appointments and Scheduling Files, Presidential Daily Diary and Presidential Daily Backup Materials, [Presidential Daily Diary] 8/22/1990 [EMPTY]. Access restriction: Restricted - Possibly. NAID 415890756. - Match basis: same-date Daily Diary/Backup folder. Query hit(s): Daily Diary. Digital object: 41-bpr-apts_sch-dd-08_22_90-12834-031_415890756.pdf. Catalog: https://catalog.archives.gov/id/415890756. - Catalog: https://catalog.archives.gov/id/415890756 - PDF: https://s3.amazonaws.com/NARAprodstorage/lz/presidential-libraries/bush/gb-whasf/Presidential_Daily_Diary_186322/1990/41-bpr-apts_sch-dd-08_22_90-12834-031_415890756.pdf || [Presidential Daily Backup] 8/22/1990 - Source: George H.W. Bush Library, Bush Presidential Records, White House Office of Appointments and Scheduling Files, Presidential Daily Diary and Presidential Daily Backup Materials, [Presidential Daily Backup] 8/22/1990. Access restriction: Restricted - Possibly. NAID 415890757. - Match basis: same-date Daily Diary/Backup folder. Query hit(s): Daily Backup. Digital object: 41-bpr-apts_sch-dd-08_22_90-12834-032_415890757.pdf. Catalog: https://catalog.archives.gov/id/415890757. - Catalog: https://catalog.archives.gov/id/415890757 - PDF: https://s3.amazonaws.com/NARAprodstorage/lz/presidential-libraries/bush/gb-whasf/Presidential_Daily_Diary_186322/1990/41-bpr-apts_sch-dd-08_22_90-12834-032_415890757.pdf",https://catalog.archives.gov/id/428080965,https://s3.us-east-1.amazonaws.com/NARAprodstorage/lz/presidential-libraries/bush/gb-nsc/321498139/1990-08-22--Mitsotakis.pdf
1.006,Greece,1990-11-21,Memcon,"Meeting with Prime Minister Mitsotakis of Greece, November 21, 1990",George H. W. Bush; Constantine Mitsotakis,Full,4,428081201,"Source: George H.W. Bush Library, Bush Presidential Records, National Security Council, Presidential Memcon Files, Meeting with Prime Minister Mitsotakis of Greece, November 21, 1990. Release status: Full. NAID 428081201.",PDF extent: 4 pages. Digital object: 1990-11-21--Mitsotakis.pdf. Catalog: https://catalog.archives.gov/id/428081201.,"[Presidential Daily Diary] 11/21/1990 [EMPTY] - Source: George H.W. Bush Library, Bush Presidential Records, White House Office of Appointments and Scheduling Files, Presidential Daily Diary and Presidential Daily Backup Materials, [Presidential Daily Diary] 11/21/1990 [EMPTY]. Access restriction: Restricted - Possibly. NAID 415890940. - Match basis: same-date Daily Diary/Backup folder. Query hit(s): Daily Diary. Digital object: 41-bpr-apts_sch-dd-11_21_90-12843-001_415890940.pdf. Catalog: https://catalog.archives.gov/id/415890940. - Catalog: https://catalog.archives.gov/id/415890940 - PDF: https://s3.amazonaws.com/NARAprodstorage/lz/presidential-libraries/bush/gb-whasf/Presidential_Daily_Diary_186322/1990/41-bpr-apts_sch-dd-11_21_90-12843-001_415890940.pdf || [Presidential Daily Backup] 11/21/1990 - Source: George H.W. Bush Library, Bush Presidential Records, White House Office of Appointments and Scheduling Files, Presidential Daily Diary and Presidential Daily Backup Materials, [Presidential Daily Backup] 11/21/1990. Access restriction: Restricted - Possibly. NAID 415890941. - Match basis: same-date Daily Diary/Backup folder. Query hit(s): Daily Backup. Digital object: 41-bpr-apts_sch-dd-11_21_90-12843-002_415890941.pdf. Catalog: https://catalog.archives.gov/id/415890941. - Catalog: https://catalog.archives.gov/id/415890941 - PDF: https://s3.amazonaws.com/NARAprodstorage/lz/presidential-libraries/bush/gb-whasf/Presidential_Daily_Diary_186322/1990/41-bpr-apts_sch-dd-11_21_90-12843-002_415890941.pdf",https://catalog.archives.gov/id/428081201,https://s3.us-east-1.amazonaws.com/NARAprodstorage/lz/presidential-libraries/bush/gb-nsc/321498039/1990-11-21--Mitsotakis.pdf
1.007,Greece,1991-01-14,Telcon,"Telephone Conversation with Prime Minister Constantine Mitsotakis of Greece, January 14, 1991",George H. W. Bush; Constantine Mitsotakis,Full,2,428081343,"Source: George H.W. Bush Library, Bush Presidential Records, National Security Council, Presidential Telcon Files, Telephone Conversation with Prime Minister Constantine Mitsotakis of Greece, January 14, 1991. Release status: Full. NAID 428081343.",PDF extent: 2 pages. Digital object: 1991-01-14--Mitsotakis.pdf. Catalog: https://catalog.archives.gov/id/428081343.,"[Presidential Daily Diary] 1/14/1991 - Source: George H.W. Bush Library, Bush Presidential Records, White House Office of Appointments and Scheduling Files, Presidential Daily Diary and Presidential Daily Backup Materials, [Presidential Daily Diary] 1/14/1991. Access restriction: Restricted - Possibly. NAID 415891048. - Match basis: same-date Daily Diary/Backup folder. Query hit(s): Daily Diary. Digital object: 41-bpr-apts_sch-dd-01_14_91-12846-031_415891048.pdf. Catalog: https://catalog.archives.gov/id/415891048. - Catalog: https://catalog.archives.gov/id/415891048 - PDF: https://s3.amazonaws.com/NARAprodstorage/lz/presidential-libraries/bush/gb-whasf/Presidential_Daily_Diary_186322/1991/41-bpr-apts_sch-dd-01_14_91-12846-031_415891048.pdf || [Presidential Daily Backup] 1/14/1991 - Source: George H.W. Bush Library, Bush Presidential Records, White House Office of Appointments and Scheduling Files, Presidential Daily Diary and Presidential Daily Backup Materials, [Presidential Daily Backup] 1/14/1991. Access restriction: Restricted - Possibly. NAID 415891049. - Match basis: same-date Daily Diary/Backup folder. Query hit(s): Daily Backup. Digital object: 41-bpr-apts_sch-dd-01_14_91-12846-032_415891049.pdf. Catalog: https://catalog.archives.gov/id/415891049. - Catalog: https://catalog.archives.gov/id/415891049 - PDF: https://s3.amazonaws.com/NARAprodstorage/lz/presidential-libraries/bush/gb-whasf/Presidential_Daily_Diary_186322/1991/41-bpr-apts_sch-dd-01_14_91-12846-032_415891049.pdf",https://catalog.archives.gov/id/428081343,https://s3.us-east-1.amazonaws.com/NARAprodstorage/lz/presidential-libraries/bush/gb-nsc/321498139/1991-01-14--Mitsotakis.pdf
1.008,Greece,1991-07-18,Memcon,"President's Expanded Meeting with Prime Minister Mitsotakis of Greece, Ju 1 y 18, 1991",George H. W. Bush; Constantine Mitsotakis,Full,6,428081777,"Source: George H.W. Bush Library, Bush Presidential Records, National Security Council, Presidential Memcon Files, President's Expanded Meeting with Prime Minister Mitsotakis of Greece, Ju 1 y 18, 1991. Release status: Full. NAID 428081777.",PDF extent: 6 pages. Digital object: 1991-07-18--Mitsotakis.pdf. Catalog: https://catalog.archives.gov/id/428081777.,"[Presidential Daily Diary] 7/18/1991 - Source: George H.W. Bush Library, Bush Presidential Records, White House Office of Appointments and Scheduling Files, Presidential Daily Diary and Presidential Daily Backup Materials, [Presidential Daily Diary] 7/18/1991. Access restriction: Restricted - Possibly. NAID 415891419. - Match basis: same-date Daily Diary/Backup folder. Query hit(s): Daily Diary. Digital object: 41-bpr-apts_sch-dd-07_18_91-12864-003_415891419.pdf. Catalog: https://catalog.archives.gov/id/415891419. - Catalog: https://catalog.archives.gov/id/415891419 - PDF: https://s3.amazonaws.com/NARAprodstorage/lz/presidential-libraries/bush/gb-whasf/Presidential_Daily_Diary_186322/1991/41-bpr-apts_sch-dd-07_18_91-12864-003_415891419.pdf || [Presidential Daily Backup] 7/18/1991 - Source: George H.W. Bush Library, Bush Presidential Records, White House Office of Appointments and Scheduling Files, Presidential Daily Diary and Presidential Daily Backup Materials, [Presidential Daily Backup] 7/18/1991. Access restriction: Restricted - Possibly. NAID 415891420. - Match basis: same-date Daily Diary/Backup folder. Query hit(s): Daily Backup. Digital object: 41-bpr-apts_sch-dd-07_18_91-12864-004_415891420.pdf. Catalog: https://catalog.archives.gov/id/415891420. - Catalog: https://catalog.archives.gov/id/415891420 - PDF: https://s3.amazonaws.com/NARAprodstorage/lz/presidential-libraries/bush/gb-whasf/Presidential_Daily_Diary_186322/1991/41-bpr-apts_sch-dd-07_18_91-12864-004_415891420.pdf",https://catalog.archives.gov/id/428081777,https://s3.us-east-1.amazonaws.com/NARAprodstorage/lz/presidential-libraries/bush/gb-nsc/321498039/1991-07-18--Mitsotakis.pdf
1.009,Greece,1991-12-12,Memcon,"Meeting with Prime Minister Constantine Mitsotakis of Greece, December 12, 1991 (1 of 3)",George H. W. Bush; Constantine Mitsotakis,Full,3,428082071,"Source: George H.W. Bush Library, Bush Presidential Records, National Security Council, Presidential Memcon Files, Meeting with Prime Minister Constantine Mitsotakis of Greece, December 12, 1991 (1 of 3). Release status: Full. NAID 428082071.",PDF extent: 3 pages. Digital object: 1991-12-12--Mitsotakis-1.pdf. Catalog: https://catalog.archives.gov/id/428082071.,"[Presidential Daily Diary] 12/12/1991 - Source: George H.W. Bush Library, Bush Presidential Records, White House Office of Appointments and Scheduling Files, Presidential Daily Diary and Presidential Daily Backup Materials, [Presidential Daily Diary] 12/12/1991. Access restriction: Restricted - Possibly. NAID 415891716. - Match basis: same-date Daily Diary/Backup folder. Query hit(s): Daily Diary. Digital object: 41-bpr-apts_sch-dd-12_12_91-12875-023_415891716.pdf. Catalog: https://catalog.archives.gov/id/415891716. - Catalog: https://catalog.archives.gov/id/415891716 - PDF: https://s3.amazonaws.com/NARAprodstorage/lz/presidential-libraries/bush/gb-whasf/Presidential_Daily_Diary_186322/1991/41-bpr-apts_sch-dd-12_12_91-12875-023_415891716.pdf || [Presidential Daily Backup] 12/12/1991 - Source: George H.W. Bush Library, Bush Presidential Records, White House Office of Appointments and Scheduling Files, Presidential Daily Diary and Presidential Daily Backup Materials, [Presidential Daily Backup] 12/12/1991. Access restriction: Restricted - Possibly. NAID 415891717. - Match basis: same-date Daily Diary/Backup folder. Query hit(s): Daily Backup. Digital object: 41-bpr-apts_sch-dd-12_12_91-12875-024_415891717.pdf. Catalog: https://catalog.archives.gov/id/415891717. - Catalog: https://catalog.archives.gov/id/415891717 - PDF: https://s3.amazonaws.com/NARAprodstorage/lz/presidential-libraries/bush/gb-whasf/Presidential_Daily_Diary_186322/1991/41-bpr-apts_sch-dd-12_12_91-12875-024_415891717.pdf",https://catalog.archives.gov/id/428082071,https://s3.us-east-1.amazonaws.com/NARAprodstorage/lz/presidential-libraries/bush/gb-nsc/321498039/1991-12-12--Mitsotakis-1.pdf
1.010,Greece,1991-12-12,Memcon,"Meeting with Prime Minister Constantine Mitsotakis of Greece, December 12, 1991 (2 of 3)",George H. W. Bush; Constantine Mitsotakis,Partial,7,428082073,"Source: George H.W. Bush Library, Bush Presidential Records, National Security Council, Presidential Memcon Files, Meeting with Prime Minister Constantine Mitsotakis of Greece, December 12, 1991 (2 of 3). Release status: Partial. NAID 428082073.",PDF extent: 7 pages. Digital object: 1991-12-12--Mitsotakis-2.pdf. Catalog: https://catalog.archives.gov/id/428082073.,"[Presidential Daily Diary] 12/12/1991 - Source: George H.W. Bush Library, Bush Presidential Records, White House Office of Appointments and Scheduling Files, Presidential Daily Diary and Presidential Daily Backup Materials, [Presidential Daily Diary] 12/12/1991. Access restriction: Restricted - Possibly. NAID 415891716. - Match basis: same-date Daily Diary/Backup folder. Query hit(s): Daily Diary. Digital object: 41-bpr-apts_sch-dd-12_12_91-12875-023_415891716.pdf. Catalog: https://catalog.archives.gov/id/415891716. - Catalog: https://catalog.archives.gov/id/415891716 - PDF: https://s3.amazonaws.com/NARAprodstorage/lz/presidential-libraries/bush/gb-whasf/Presidential_Daily_Diary_186322/1991/41-bpr-apts_sch-dd-12_12_91-12875-023_415891716.pdf || [Presidential Daily Backup] 12/12/1991 - Source: George H.W. Bush Library, Bush Presidential Records, White House Office of Appointments and Scheduling Files, Presidential Daily Diary and Presidential Daily Backup Materials, [Presidential Daily Backup] 12/12/1991. Access restriction: Restricted - Possibly. NAID 415891717. - Match basis: same-date Daily Diary/Backup folder. Query hit(s): Daily Backup. Digital object: 41-bpr-apts_sch-dd-12_12_91-12875-024_415891717.pdf. Catalog: https://catalog.archives.gov/id/415891717. - Catalog: https://catalog.archives.gov/id/415891717 - PDF: https://s3.amazonaws.com/NARAprodstorage/lz/presidential-libraries/bush/gb-whasf/Presidential_Daily_Diary_186322/1991/41-bpr-apts_sch-dd-12_12_91-12875-024_415891717.pdf",https://catalog.archives.gov/id/428082073,https://s3.us-east-1.amazonaws.com/NARAprodstorage/lz/presidential-libraries/bush/gb-nsc/321498039/1991-12-12--Mitsotakis-2.pdf
1.011,Greece,1991-12-12,Memcon,"Meeting with Prime Minister Constantine Mitsotakis of Greece, December 12, 1991 (3 of 3)",George H. W. Bush; Constantine Mitsotakis,Full,5,428082075,"Source: George H.W. Bush Library, Bush Presidential Records, National Security Council, Presidential Memcon Files, Meeting with Prime Minister Constantine Mitsotakis of Greece, December 12, 1991 (3 of 3). Release status: Full. NAID 428082075.",PDF extent: 5 pages. Digital object: 1991-12-12--Mitsotakis-3.pdf. Catalog: https://catalog.archives.gov/id/428082075.,"[Presidential Daily Diary] 12/12/1991 - Source: George H.W. Bush Library, Bush Presidential Records, White House Office of Appointments and Scheduling Files, Presidential Daily Diary and Presidential Daily Backup Materials, [Presidential Daily Diary] 12/12/1991. Access restriction: Restricted - Possibly. NAID 415891716. - Match basis: same-date Daily Diary/Backup folder. Query hit(s): Daily Diary. Digital object: 41-bpr-apts_sch-dd-12_12_91-12875-023_415891716.pdf. Catalog: https://catalog.archives.gov/id/415891716. - Catalog: https://catalog.archives.gov/id/415891716 - PDF: https://s3.amazonaws.com/NARAprodstorage/lz/presidential-libraries/bush/gb-whasf/Presidential_Daily_Diary_186322/1991/41-bpr-apts_sch-dd-12_12_91-12875-023_415891716.pdf || [Presidential Daily Backup] 12/12/1991 - Source: George H.W. Bush Library, Bush Presidential Records, White House Office of Appointments and Scheduling Files, Presidential Daily Diary and Presidential Daily Backup Materials, [Presidential Daily Backup] 12/12/1991. Access restriction: Restricted - Possibly. NAID 415891717. - Match basis: same-date Daily Diary/Backup folder. Query hit(s): Daily Backup. Digital object: 41-bpr-apts_sch-dd-12_12_91-12875-024_415891717.pdf. Catalog: https://catalog.archives.gov/id/415891717. - Catalog: https://catalog.archives.gov/id/415891717 - PDF: https://s3.amazonaws.com/NARAprodstorage/lz/presidential-libraries/bush/gb-whasf/Presidential_Daily_Diary_186322/1991/41-bpr-apts_sch-dd-12_12_91-12875-024_415891717.pdf",https://catalog.archives.gov/id/428082075,https://s3.us-east-1.amazonaws.com/NARAprodstorage/lz/presidential-libraries/bush/gb-nsc/321498039/1991-12-12--Mitsotakis-3.pdf
1.012,Greece,1992-06-10,Telcon,"Telcon with Constantine Mitsotakis, Prime Minister of Greece, June 10, 1992",George H. W. Bush; Constantine Mitsotakis,Full,3,428082239,"Source: George H.W. Bush Library, Bush Presidential Records, National Security Council, Presidential Telcon Files, Telcon with Constantine Mitsotakis, Prime Minister of Greece, June 10, 1992. Release status: Full. NAID 428082239.",PDF extent: 3 pages. Digital object: 1992-06-10--Mitsotakis.pdf. Catalog: https://catalog.archives.gov/id/428082239.,"[Presidential Daily Diary] 6/10/1992 - Source: George H.W. Bush Library, Bush Presidential Records, White House Office of Appointments and Scheduling Files, Presidential Daily Diary and Presidential Daily Backup Materials, [Presidential Daily Diary] 6/10/1992. Access restriction: Restricted - Possibly. NAID 415892082. - Match basis: same-date Daily Diary/Backup folder. Query hit(s): Daily Diary. Digital object: 41-bpr-apts_sch-dd-06_10_92-12892-017_415892082.pdf. Catalog: https://catalog.archives.gov/id/415892082. - Catalog: https://catalog.archives.gov/id/415892082 - PDF: https://s3.dualstack.us-east-1.amazonaws.com/NARAprodstorage/lz/presidential-libraries/bush/gb-whasf/Presidential_Daily_Diary_186322/1992/41-bpr-apts_sch-dd-06_10_92-12892-017_415892082.pdf || [Presidential Daily Backup] 6/10/1992 - Source: George H.W. Bush Library, Bush Presidential Records, White House Office of Appointments and Scheduling Files, Presidential Daily Diary and Presidential Daily Backup Materials, [Presidential Daily Backup] 6/10/1992. Access restriction: Restricted - Possibly. NAID 415892083. - Match basis: same-date Daily Diary/Backup folder. Query hit(s): Daily Backup. Digital object: 41-bpr-apts_sch-dd-06_10_92-12892-018_415892083.pdf. Catalog: https://catalog.archives.gov/id/415892083. - Catalog: https://catalog.archives.gov/id/415892083 - PDF: https://s3.dualstack.us-east-1.amazonaws.com/NARAprodstorage/lz/presidential-libraries/bush/gb-whasf/Presidential_Daily_Diary_186322/1992/41-bpr-apts_sch-dd-06_10_92-12892-018_415892083.pdf",https://catalog.archives.gov/id/428082239,https://s3.us-east-1.amazonaws.com/NARAprodstorage/lz/presidential-libraries/bush/gb-nsc/321498139/1992-06-10--Mitsotakis.pdf
1.013,Greece,1992-07-09,Memcon,"Meeting With Prime Minister Constantine Mitsotakis of Greece, July 9, 1992",George H. W. Bush; Constantine Mitsotakis,Full,5,428082291,"Source: George H.W. Bush Library, Bush Presidential Records, National Security Council, Presidential Memcon Files, Meeting With Prime Minister Constantine Mitsotakis of Greece, July 9, 1992. Release status: Full. NAID 428082291.",PDF extent: 5 pages. Digital object: 1992-07-09--Mitsotakis.pdf. Catalog: https://catalog.archives.gov/id/428082291.,"[Presidential Daily Diary] 7/9/1992 [EMPTY] - Source: George H.W. Bush Library, Bush Presidential Records, White House Office of Appointments and Scheduling Files, Presidential Daily Diary and Presidential Daily Backup Materials, [Presidential Daily Diary] 7/9/1992 [EMPTY]. Access restriction: Restricted - Possibly. NAID 415892141. - Match basis: same-date Daily Diary/Backup folder. Query hit(s): Daily Diary. Digital object: 41-bpr-apts_sch-dd-07_09_92-12895-013_415892141.pdf. Catalog: https://catalog.archives.gov/id/415892141. - Catalog: https://catalog.archives.gov/id/415892141 - PDF: https://s3.dualstack.us-east-1.amazonaws.com/NARAprodstorage/lz/presidential-libraries/bush/gb-whasf/Presidential_Daily_Diary_186322/1992/41-bpr-apts_sch-dd-07_09_92-12895-013_415892141.pdf || [Presidential Daily Backup] 7/9/1992 - Source: George H.W. Bush Library, Bush Presidential Records, White House Office of Appointments and Scheduling Files, Presidential Daily Diary and Presidential Daily Backup Materials, [Presidential Daily Backup] 7/9/1992. Access restriction: Restricted - Possibly. NAID 415892142. - Match basis: same-date Daily Diary/Backup folder. Query hit(s): Daily Backup. Digital object: 41-bpr-apts_sch-dd-07_09_92-12895-014_415892142.pdf. Catalog: https://catalog.archives.gov/id/415892142. - Catalog: https://catalog.archives.gov/id/415892142 - PDF: https://s3.dualstack.us-east-1.amazonaws.com/NARAprodstorage/lz/presidential-libraries/bush/gb-whasf/Presidential_Daily_Diary_186322/1992/41-bpr-apts_sch-dd-07_09_92-12895-014_415892142.pdf",https://catalog.archives.gov/id/428082291,https://s3.us-east-1.amazonaws.com/NARAprodstorage/lz/presidential-libraries/bush/gb-nsc/321498039/1992-07-09--Mitsotakis.pdf
1.014,Greece,1992-11-17,Memcon,"Meeting with Prime Minister Mitsotakis of Greece, November 17, 1992",George H. W. Bush; Constantine Mitsotakis,Full,7,428082333,"Source: George H.W. Bush Library, Bush Presidential Records, National Security Council, Presidential Memcon Files, Meeting with Prime Minister Mitsotakis of Greece, November 17, 1992. Release status: Full. NAID 428082333.",PDF extent: 7 pages. Digital object: 1992-11-17--Mitsotakis.pdf. Catalog: https://catalog.archives.gov/id/428082333.,"[Presidential Daily Diary] 11/17/1992 - Source: George H.W. Bush Library, Bush Presidential Records, White House Office of Appointments and Scheduling Files, Presidential Daily Diary and Presidential Daily Backup Materials, [Presidential Daily Diary] 11/17/1992. Access restriction: Restricted - Possibly. NAID 415892404. - Match basis: same-date Daily Diary/Backup folder. Query hit(s): Daily Diary. Digital object: 41-bpr-apts_sch-dd-11_17_92-26863-003_415892404.pdf. Catalog: https://catalog.archives.gov/id/415892404. - Catalog: https://catalog.archives.gov/id/415892404 - PDF: https://s3.dualstack.us-east-1.amazonaws.com/NARAprodstorage/lz/presidential-libraries/bush/gb-whasf/Presidential_Daily_Diary_186322/1992/41-bpr-apts_sch-dd-11_17_92-26863-003_415892404.pdf || [Presidential Daily Backup] 11/17/1992 - Source: George H.W. Bush Library, Bush Presidential Records, White House Office of Appointments and Scheduling Files, Presidential Daily Diary and Presidential Daily Backup Materials, [Presidential Daily Backup] 11/17/1992. Access restriction: Restricted - Possibly. NAID 415892405. - Match basis: same-date Daily Diary/Backup folder. Query hit(s): Daily Backup. Digital object: 41-bpr-apts_sch-dd-11_17_92-26863-004_415892405.pdf. Catalog: https://catalog.archives.gov/id/415892405. - Catalog: https://catalog.archives.gov/id/415892405 - PDF: https://s3.dualstack.us-east-1.amazonaws.com/NARAprodstorage/lz/presidential-libraries/bush/gb-whasf/Presidential_Daily_Diary_186322/1992/41-bpr-apts_sch-dd-11_17_92-26863-004_415892405.pdf",https://catalog.archives.gov/id/428082333,https://s3.us-east-1.amazonaws.com/NARAprodstorage/lz/presidential-libraries/bush/gb-nsc/321498039/1992-11-17--Mitsotakis.pdf
2.001,Cyprus,1989-10-04,Memcon,"Meeting with George Vassiliou, President of Cyprus",George H. W. Bush; George Vassiliou,Full,6,428080249,"Source: George H.W. Bush Library, Bush Presidential Records, National Security Council, Presidential Memcon Files, Meeting with George Vassiliou, President of Cyprus. Release status: Full. NAID 428080249.",PDF extent: 6 pages. Digital object: 1989-10-04--Vassiliou.pdf. Catalog: https://catalog.archives.gov/id/428080249.,"[Presidential Daily Diary] 10/4/1989 - Source: George H.W. Bush Library, Bush Presidential Records, White House Office of Appointments and Scheduling Files, Presidential Daily Diary and Presidential Daily Backup Materials, [Presidential Daily Diary] 10/4/1989. Access restriction: Restricted - Possibly. NAID 415890112. - Match basis: same-date Daily Diary/Backup folder. Query hit(s): Daily Diary. Digital object: 41-bpr-apts_sch-dd-10_04_89-12807-011_415890112.pdf. Catalog: https://catalog.archives.gov/id/415890112. - Catalog: https://catalog.archives.gov/id/415890112 - PDF: https://s3.amazonaws.com/NARAprodstorage/lz/presidential-libraries/bush/gb-whasf/Presidential_Daily_Diary_186322/1989/41-bpr-apts_sch-dd-10_04_89-12807-011_415890112.pdf || [Presidential Daily Backup] 10/4/1989 - Source: George H.W. Bush Library, Bush Presidential Records, White House Office of Appointments and Scheduling Files, Presidential Daily Diary and Presidential Daily Backup Materials, [Presidential Daily Backup] 10/4/1989. Access restriction: Restricted - Possibly. NAID 415890113. - Match basis: same-date Daily Diary/Backup folder. Query hit(s): Daily Backup. Digital object: 41-bpr-apts_sch-dd-10_04_89-12807-012_415890113.pdf. Catalog: https://catalog.archives.gov/id/415890113. - Catalog: https://catalog.archives.gov/id/415890113 - PDF: https://s3.amazonaws.com/NARAprodstorage/lz/presidential-libraries/bush/gb-whasf/Presidential_Daily_Diary_186322/1989/41-bpr-apts_sch-dd-10_04_89-12807-012_415890113.pdf",https://catalog.archives.gov/id/428080249,https://s3.us-east-1.amazonaws.com/NARAprodstorage/lz/presidential-libraries/bush/gb-nsc/321498039/1989-10-04--Vassiliou.pdf
2.002,Cyprus,1990-08-25,Telcon,"Telephone Conversation with President George Vassiliou of Cyprus, August 25, 1990",George H. W. Bush; George Vassiliou,Full,3,428080971,"Source: George H.W. Bush Library, Bush Presidential Records, National Security Council, Presidential Telcon Files, Telephone Conversation with President George Vassiliou of Cyprus, August 25, 1990. Release status: Full. NAID 428080971.",PDF extent: 3 pages. Digital object: 1990-08-25--Vassiliou.pdf. Catalog: https://catalog.archives.gov/id/428080971.,"[Presidential Daily Diary] 8/25/1990 [EMPTY] - Source: George H.W. Bush Library, Bush Presidential Records, White House Office of Appointments and Scheduling Files, Presidential Daily Diary and Presidential Daily Backup Materials, [Presidential Daily Diary] 8/25/1990 [EMPTY]. Access restriction: Restricted - Possibly. NAID 415890762. - Match basis: same-date Daily Diary/Backup folder. Query hit(s): Daily Diary. Digital object: 41-bpr-apts_sch-dd-08_25_90-12834-037_415890762.pdf. Catalog: https://catalog.archives.gov/id/415890762. - Catalog: https://catalog.archives.gov/id/415890762 - PDF: https://s3.amazonaws.com/NARAprodstorage/lz/presidential-libraries/bush/gb-whasf/Presidential_Daily_Diary_186322/1990/41-bpr-apts_sch-dd-08_25_90-12834-037_415890762.pdf || [Presidential Daily Backup] 8/25/1990 - Source: George H.W. Bush Library, Bush Presidential Records, White House Office of Appointments and Scheduling Files, Presidential Daily Diary and Presidential Daily Backup Materials, [Presidential Daily Backup] 8/25/1990. Access restriction: Restricted - Possibly. NAID 415890763. - Match basis: same-date Daily Diary/Backup folder. Query hit(s): Daily Backup. Digital object: 41-bpr-apts_sch-dd-08_25_90-12834-038_415890763.pdf. Catalog: https://catalog.archives.gov/id/415890763. - Catalog: https://catalog.archives.gov/id/415890763 - PDF: https://s3.amazonaws.com/NARAprodstorage/lz/presidential-libraries/bush/gb-whasf/Presidential_Daily_Diary_186322/1990/41-bpr-apts_sch-dd-08_25_90-12834-038_415890763.pdf",https://catalog.archives.gov/id/428080971,https://s3.us-east-1.amazonaws.com/NARAprodstorage/lz/presidential-libraries/bush/gb-nsc/321498139/1990-08-25--Vassiliou.pdf
2.003,Cyprus,1992-03-30,Memcon,"Meeting with George Vassiliou, President of Cyprus, March 30, 1992",George H. W. Bush; George Vassiliou,Partial,6,428082149,"Source: George H.W. Bush Library, Bush Presidential Records, National Security Council, Presidential Memcon Files, Meeting with George Vassiliou, President of Cyprus, March 30, 1992. Release status: Partial. NAID 428082149.",PDF extent: 6 pages. Digital object: 1992-03-30--Vassiliou.pdf. Catalog: https://catalog.archives.gov/id/428082149.,"[Presidential Daily Diary] 3/30/1992 - Source: George H.W. Bush Library, Bush Presidential Records, White House Office of Appointments and Scheduling Files, Presidential Daily Diary and Presidential Daily Backup Materials, [Presidential Daily Diary] 3/30/1992. Access restriction: Restricted - Possibly. NAID 415891936. - Match basis: same-date Daily Diary/Backup folder. Query hit(s): Daily Diary. Digital object: 41-bpr-apts_sch-dd-03_30_92-12885-015_415891936.pdf. Catalog: https://catalog.archives.gov/id/415891936. - Catalog: https://catalog.archives.gov/id/415891936 - PDF: https://s3.dualstack.us-east-1.amazonaws.com/NARAprodstorage/lz/presidential-libraries/bush/gb-whasf/Presidential_Daily_Diary_186322/1992/41-bpr-apts_sch-dd-03_30_92-12885-015_415891936.pdf || [Presidential Daily Backup] 3/30/1992 - Source: George H.W. Bush Library, Bush Presidential Records, White House Office of Appointments and Scheduling Files, Presidential Daily Diary and Presidential Daily Backup Materials, [Presidential Daily Backup] 3/30/1992. Access restriction: Restricted - Possibly. NAID 415891937. - Match basis: same-date Daily Diary/Backup folder. Query hit(s): Daily Backup. Digital object: 41-bpr-apts_sch-dd-03_30_92-12885-016_415891937.pdf. Catalog: https://catalog.archives.gov/id/415891937. - Catalog: https://catalog.archives.gov/id/415891937 - PDF: https://s3.dualstack.us-east-1.amazonaws.com/NARAprodstorage/lz/presidential-libraries/bush/gb-whasf/Presidential_Daily_Diary_186322/1992/41-bpr-apts_sch-dd-03_30_92-12885-016_415891937.pdf",https://catalog.archives.gov/id/428082149,https://s3.us-east-1.amazonaws.com/NARAprodstorage/lz/presidential-libraries/bush/gb-nsc/321498039/1992-03-30--Vassiliou.pdf
3.001,Turkey,1989-02-24,Memcon,"President's Meeting with Prime Minister Turgut Ozal of Turkey, February 24, 1989",George H. W. Bush; Turgut Ozal,Full,5,428079863,"Source: George H.W. Bush Library, Bush Presidential Records, National Security Council, Presidential Memcon Files, President's Meeting with Prime Minister Turgut Ozal of Turkey, February 24, 1989. Release status: Full. NAID 428079863.",PDF extent: 5 pages. Digital object: 1989-02-24--Ozal.pdf. Catalog: https://catalog.archives.gov/id/428079863.,"[Presidential Daily Diary] 2/24/1989 [EMPTY] - Source: George H.W. Bush Library, Bush Presidential Records, White House Office of Appointments and Scheduling Files, Presidential Daily Diary and Presidential Daily Backup Materials, [Presidential Daily Diary] 2/24/1989 [EMPTY]. Access restriction: Restricted - Possibly. NAID 415889668. - Match basis: same-date Daily Diary/Backup folder. Query hit(s): Daily Diary. Digital object: 41-bpr-apts_sch-dd-02_24_89-12791-015_415889668.pdf. Catalog: https://catalog.archives.gov/id/415889668. - Catalog: https://catalog.archives.gov/id/415889668 - PDF: https://s3.amazonaws.com/NARAprodstorage/lz/presidential-libraries/bush/gb-whasf/Presidential_Daily_Diary_186322/1989/41-bpr-apts_sch-dd-02_24_89-12791-015_415889668.pdf || [Presidential Daily Backup] 2/24/1989 - Source: George H.W. Bush Library, Bush Presidential Records, White House Office of Appointments and Scheduling Files, Presidential Daily Diary and Presidential Daily Backup Materials, [Presidential Daily Backup] 2/24/1989. Access restriction: Restricted - Possibly. NAID 415889669. - Match basis: same-date Daily Diary/Backup folder. Query hit(s): Daily Backup. Digital object: 41-bpr-apts_sch-dd-02_24_89-12791-016_415889669.pdf. Catalog: https://catalog.archives.gov/id/415889669. - Catalog: https://catalog.archives.gov/id/415889669 - PDF: https://s3.amazonaws.com/NARAprodstorage/lz/presidential-libraries/bush/gb-whasf/Presidential_Daily_Diary_186322/1989/41-bpr-apts_sch-dd-02_24_89-12791-016_415889669.pdf",https://catalog.archives.gov/id/428079863,https://s3.us-east-1.amazonaws.com/NARAprodstorage/lz/presidential-libraries/bush/gb-nsc/321498039/1989-02-24--Ozal.pdf
3.002,Turkey,1989-05-29,No Memcon,"Meeting with Prime Minister Turgut Ozal of Turkey, May 29, 1989 (no Memcon)",George H. W. Bush; Turgut Ozal,Marker / no memorandum listed,2,428082487,"Source: George H.W. Bush Library, Bush Presidential Records, National Security Council, Presidential Telcon Files, Meeting with Prime Minister Turgut Ozal of Turkey, May 29, 1989 (no Memcon). Release status: Marker / no memorandum listed. NAID 428082487.",PDF extent: 2 pages. Digital object: 1989-05-29--Ozal.pdf. Catalog: https://catalog.archives.gov/id/428082487.,"[Presidential Daily Diary] 5/29/1989 [EMPTY] - Source: George H.W. Bush Library, Bush Presidential Records, White House Office of Appointments and Scheduling Files, Presidential Daily Diary and Presidential Daily Backup Materials, [Presidential Daily Diary] 5/29/1989 [EMPTY]. Access restriction: Restricted - Possibly. NAID 415889856. - Match basis: same-date Daily Diary/Backup folder. Query hit(s): Daily Diary. Digital object: 41-bpr-apts_sch-dd-05_29_98-12798-009_415889856.pdf. Catalog: https://catalog.archives.gov/id/415889856. - Catalog: https://catalog.archives.gov/id/415889856 - PDF: https://s3.amazonaws.com/NARAprodstorage/lz/presidential-libraries/bush/gb-whasf/Presidential_Daily_Diary_186322/1989/41-bpr-apts_sch-dd-05_29_98-12798-009_415889856.pdf || [Presidential Daily Backup] 5/29/1989 - Source: George H.W. Bush Library, Bush Presidential Records, White House Office of Appointments and Scheduling Files, Presidential Daily Diary and Presidential Daily Backup Materials, [Presidential Daily Backup] 5/29/1989. Access restriction: Restricted - Possibly. NAID 415889857. - Match basis: same-date Daily Diary/Backup folder. Query hit(s): Daily Backup. Digital object: 41-bpr-apts_sch-dd-05_29_98-12798-010_415889857.pdf. Catalog: https://catalog.archives.gov/id/415889857. - Catalog: https://catalog.archives.gov/id/415889857 - PDF: https://s3.amazonaws.com/NARAprodstorage/lz/presidential-libraries/bush/gb-whasf/Presidential_Daily_Diary_186322/1989/41-bpr-apts_sch-dd-05_29_98-12798-010_415889857.pdf",https://catalog.archives.gov/id/428082487,https://s3.us-east-1.amazonaws.com/NARAprodstorage/lz/presidential-libraries/bush/gb-nsc/321498039/1989-05-29--Ozal.pdf
3.003,Turkey,1989-07-03,Telcon,"Telephone Call to Prime Minister Turgut Ozal of Turkey, July 3, 1989",George H. W. Bush; Turgut Ozal,Full,3,428080111,"Source: George H.W. Bush Library, Bush Presidential Records, National Security Council, Presidential Telcon Files, Telephone Call to Prime Minister Turgut Ozal of Turkey, July 3, 1989. Release status: Full. NAID 428080111.",PDF extent: 3 pages. Digital object: 1989-07-03--Ozal.pdf. Catalog: https://catalog.archives.gov/id/428080111.,"[Presidential Daily Diary] 7/3/1989 [EMPTY] - Source: George H.W. Bush Library, Bush Presidential Records, White House Office of Appointments and Scheduling Files, Presidential Daily Diary and Presidential Daily Backup Materials, [Presidential Daily Diary] 7/3/1989 [EMPTY]. Access restriction: Restricted - Possibly. NAID 415889926. - Match basis: same-date Daily Diary/Backup folder. Query hit(s): Daily Diary. Digital object: 41-bpr-apts_sch-dd-07_03_89-12801-007_415889926.pdf. Catalog: https://catalog.archives.gov/id/415889926. - Catalog: https://catalog.archives.gov/id/415889926 - PDF: https://s3.amazonaws.com/NARAprodstorage/lz/presidential-libraries/bush/gb-whasf/Presidential_Daily_Diary_186322/1989/41-bpr-apts_sch-dd-07_03_89-12801-007_415889926.pdf || [Presidential Daily Backup] 7/3/1989 - Source: George H.W. Bush Library, Bush Presidential Records, White House Office of Appointments and Scheduling Files, Presidential Daily Diary and Presidential Daily Backup Materials, [Presidential Daily Backup] 7/3/1989. Access restriction: Restricted - Possibly. NAID 415889927. - Match basis: same-date Daily Diary/Backup folder. Query hit(s): Daily Backup. Digital object: 41-bpr-apts_sch-dd-07_03_89-12801-008_415889927.pdf. Catalog: https://catalog.archives.gov/id/415889927. - Catalog: https://catalog.archives.gov/id/415889927 - PDF: https://s3.amazonaws.com/NARAprodstorage/lz/presidential-libraries/bush/gb-whasf/Presidential_Daily_Diary_186322/1989/41-bpr-apts_sch-dd-07_03_89-12801-008_415889927.pdf",https://catalog.archives.gov/id/428080111,https://s3.us-east-1.amazonaws.com/NARAprodstorage/lz/presidential-libraries/bush/gb-nsc/321498139/1989-07-03--Ozal.pdf
3.004,Turkey,1989-08-01,Telcon,"Telephone Call to President Kenan Evren of Turkey, August 1, 1989",George H. W. Bush; Kenan Evren,Full,4,428080149,"Source: George H.W. Bush Library, Bush Presidential Records, National Security Council, Presidential Telcon Files, Telephone Call to President Kenan Evren of Turkey, August 1, 1989. Release status: Full. NAID 428080149.",PDF extent: 4 pages. Digital object: 1989-08-01--Evren.pdf. Catalog: https://catalog.archives.gov/id/428080149.,"[Presidential Daily Diary] 8/1/1989 - Source: George H.W. Bush Library, Bush Presidential Records, White House Office of Appointments and Scheduling Files, Presidential Daily Diary and Presidential Daily Backup Materials, [Presidential Daily Diary] 8/1/1989. Access restriction: Restricted - Possibly. NAID 415889984. - Match basis: same-date Daily Diary/Backup folder. Query hit(s): Daily Diary. Digital object: 41-bpr-apts_sch-dd-08_01_89-12802-025_415889984.pdf. Catalog: https://catalog.archives.gov/id/415889984. - Catalog: https://catalog.archives.gov/id/415889984 - PDF: https://s3.amazonaws.com/NARAprodstorage/lz/presidential-libraries/bush/gb-whasf/Presidential_Daily_Diary_186322/1989/41-bpr-apts_sch-dd-08_01_89-12802-025_415889984.pdf || [Presidential Daily Backup] 8/1/1989 - Source: George H.W. Bush Library, Bush Presidential Records, White House Office of Appointments and Scheduling Files, Presidential Daily Diary and Presidential Daily Backup Materials, [Presidential Daily Backup] 8/1/1989. Access restriction: Restricted - Possibly. NAID 415889985. - Match basis: same-date Daily Diary/Backup folder. Query hit(s): Daily Backup. Digital object: 41-bpr-apts_sch-dd-08_01_89-12802-026_415889985.pdf. Catalog: https://catalog.archives.gov/id/415889985. - Catalog: https://catalog.archives.gov/id/415889985 - PDF: https://s3.amazonaws.com/NARAprodstorage/lz/presidential-libraries/bush/gb-whasf/Presidential_Daily_Diary_186322/1989/41-bpr-apts_sch-dd-08_01_89-12802-026_415889985.pdf",https://catalog.archives.gov/id/428080149,https://s3.us-east-1.amazonaws.com/NARAprodstorage/lz/presidential-libraries/bush/gb-nsc/321498139/1989-08-01--Evren.pdf
3.005,Turkey,1989-08-01,Telcon,"Telephone Call to Prime Minister Turgut Ozal of Turkey, August 1, 1989",George H. W. Bush; Turgut Ozal,Full,3,428080153,"Source: George H.W. Bush Library, Bush Presidential Records, National Security Council, Presidential Telcon Files, Telephone Call to Prime Minister Turgut Ozal of Turkey, August 1, 1989. Release status: Full. NAID 428080153.",PDF extent: 3 pages. Digital object: 1989-08-01--Ozal.pdf. Catalog: https://catalog.archives.gov/id/428080153.,"[Presidential Daily Diary] 8/1/1989 - Source: George H.W. Bush Library, Bush Presidential Records, White House Office of Appointments and Scheduling Files, Presidential Daily Diary and Presidential Daily Backup Materials, [Presidential Daily Diary] 8/1/1989. Access restriction: Restricted - Possibly. NAID 415889984. - Match basis: same-date Daily Diary/Backup folder. Query hit(s): Daily Diary. Digital object: 41-bpr-apts_sch-dd-08_01_89-12802-025_415889984.pdf. Catalog: https://catalog.archives.gov/id/415889984. - Catalog: https://catalog.archives.gov/id/415889984 - PDF: https://s3.amazonaws.com/NARAprodstorage/lz/presidential-libraries/bush/gb-whasf/Presidential_Daily_Diary_186322/1989/41-bpr-apts_sch-dd-08_01_89-12802-025_415889984.pdf || [Presidential Daily Backup] 8/1/1989 - Source: George H.W. Bush Library, Bush Presidential Records, White House Office of Appointments and Scheduling Files, Presidential Daily Diary and Presidential Daily Backup Materials, [Presidential Daily Backup] 8/1/1989. Access restriction: Restricted - Possibly. NAID 415889985. - Match basis: same-date Daily Diary/Backup folder. Query hit(s): Daily Backup. Digital object: 41-bpr-apts_sch-dd-08_01_89-12802-026_415889985.pdf. Catalog: https://catalog.archives.gov/id/415889985. - Catalog: https://catalog.archives.gov/id/415889985 - PDF: https://s3.amazonaws.com/NARAprodstorage/lz/presidential-libraries/bush/gb-whasf/Presidential_Daily_Diary_186322/1989/41-bpr-apts_sch-dd-08_01_89-12802-026_415889985.pdf",https://catalog.archives.gov/id/428080153,https://s3.us-east-1.amazonaws.com/NARAprodstorage/lz/presidential-libraries/bush/gb-nsc/321498139/1989-08-01--Ozal.pdf
3.006,Turkey,1989-10-02,Telcon,"Telephone Conversation with Turgut Ozal, Prime Minister of Republic of Turkey",George H. W. Bush; Turgut Ozal,Full,3,428080269,"Source: George H.W. Bush Library, Bush Presidential Records, National Security Council, Presidential Telcon Files, Telephone Conversation with Turgut Ozal, Prime Minister of Republic of Turkey. Release status: Full. NAID 428080269.",PDF extent: 3 pages. Digital object: 1989-10-02--Ozal.pdf. Catalog: https://catalog.archives.gov/id/428080269.,"[Presidential Daily Diary] 10/2/1989 - Source: George H.W. Bush Library, Bush Presidential Records, White House Office of Appointments and Scheduling Files, Presidential Daily Diary and Presidential Daily Backup Materials, [Presidential Daily Diary] 10/2/1989. Access restriction: Restricted - Possibly. NAID 415890108. - Match basis: same-date Daily Diary/Backup folder. Query hit(s): Daily Diary. Digital object: 41-bpr-apts_sch-dd-10_02_89-12807-007_415890108.pdf. Catalog: https://catalog.archives.gov/id/415890108. - Catalog: https://catalog.archives.gov/id/415890108 - PDF: https://s3.amazonaws.com/NARAprodstorage/lz/presidential-libraries/bush/gb-whasf/Presidential_Daily_Diary_186322/1989/41-bpr-apts_sch-dd-10_02_89-12807-007_415890108.pdf || [Presidential Daily Backup] 10/2/1989 - Source: George H.W. Bush Library, Bush Presidential Records, White House Office of Appointments and Scheduling Files, Presidential Daily Diary and Presidential Daily Backup Materials, [Presidential Daily Backup] 10/2/1989. Access restriction: Restricted - Possibly. NAID 415890109. - Match basis: same-date Daily Diary/Backup folder. Query hit(s): Daily Backup. Digital object: 41-bpr-apts_sch-dd-10_02_89-12807-008_415890109.pdf. Catalog: https://catalog.archives.gov/id/415890109. - Catalog: https://catalog.archives.gov/id/415890109 - PDF: https://s3.amazonaws.com/NARAprodstorage/lz/presidential-libraries/bush/gb-whasf/Presidential_Daily_Diary_186322/1989/41-bpr-apts_sch-dd-10_02_89-12807-008_415890109.pdf",https://catalog.archives.gov/id/428080269,https://s3.us-east-1.amazonaws.com/NARAprodstorage/lz/presidential-libraries/bush/gb-nsc/321498139/1989-10-02--Ozal.pdf
3.007,Turkey,1989-11-27,Telcon,"Telephone Call to President Turgut Ozal of Turkey, November 27, 1989",George H. W. Bush; Turgut Ozal,Full,3,428080363,"Source: George H.W. Bush Library, Bush Presidential Records, National Security Council, Presidential Telcon Files, Telephone Call to President Turgut Ozal of Turkey, November 27, 1989. Release status: Full. NAID 428080363.",PDF extent: 3 pages. Digital object: 1989-11-27--Ozal.pdf. Catalog: https://catalog.archives.gov/id/428080363.,"[Presidential Daily Diary] 11/27/1989 [EMPTY] - Source: George H.W. Bush Library, Bush Presidential Records, White House Office of Appointments and Scheduling Files, Presidential Daily Diary and Presidential Daily Backup Materials, [Presidential Daily Diary] 11/27/1989 [EMPTY]. Access restriction: Restricted - Possibly. NAID 415890220. - Match basis: same-date Daily Diary/Backup folder. Query hit(s): Daily Diary. Digital object: 41-bpr-apts_sch-dd-11_27_89-12812-011_415890220.pdf. Catalog: https://catalog.archives.gov/id/415890220. - Catalog: https://catalog.archives.gov/id/415890220 - PDF: https://s3.amazonaws.com/NARAprodstorage/lz/presidential-libraries/bush/gb-whasf/Presidential_Daily_Diary_186322/1989/41-bpr-apts_sch-dd-11_27_89-12812-011_415890220.pdf || [Presidential Daily Backup] 11/27/1989 - Source: George H.W. Bush Library, Bush Presidential Records, White House Office of Appointments and Scheduling Files, Presidential Daily Diary and Presidential Daily Backup Materials, [Presidential Daily Backup] 11/27/1989. Access restriction: Restricted - Possibly. NAID 415890221. - Match basis: same-date Daily Diary/Backup folder. Query hit(s): Daily Backup. Digital object: 41-bpr-apts_sch-dd-11_27_89-12812-012_415890221.pdf. Catalog: https://catalog.archives.gov/id/415890221. - Catalog: https://catalog.archives.gov/id/415890221 - PDF: https://s3.amazonaws.com/NARAprodstorage/lz/presidential-libraries/bush/gb-whasf/Presidential_Daily_Diary_186322/1989/41-bpr-apts_sch-dd-11_27_89-12812-012_415890221.pdf",https://catalog.archives.gov/id/428080363,https://s3.us-east-1.amazonaws.com/NARAprodstorage/lz/presidential-libraries/bush/gb-nsc/321498139/1989-11-27--Ozal.pdf
3.008,Turkey,1990-01-18,Memcon,"Meeting With President Turgut Ozal of Turkey, January 18, 1990 (1 of 2)",George H. W. Bush; Turgut Ozal,Full,5,428080435,"Source: George H.W. Bush Library, Bush Presidential Records, National Security Council, Presidential Memcon Files, Meeting With President Turgut Ozal of Turkey, January 18, 1990 (1 of 2). Release status: Full. NAID 428080435.",PDF extent: 5 pages. Digital object: 1990-01-18--Ozal-1.pdf. Catalog: https://catalog.archives.gov/id/428080435.,"[Presidential Daily Diary] 1/18/1990 [EMPTY] - Source: George H.W. Bush Library, Bush Presidential Records, White House Office of Appointments and Scheduling Files, Presidential Daily Diary and Presidential Daily Backup Materials, [Presidential Daily Diary] 1/18/1990 [EMPTY]. Access restriction: Restricted - Possibly. NAID 415890324. - Match basis: same-date Daily Diary/Backup folder. Query hit(s): Daily Diary. Digital object: 41-bpr-apts_sch-dd-01_18_90-12815-015_415890324.pdf. Catalog: https://catalog.archives.gov/id/415890324. - Catalog: https://catalog.archives.gov/id/415890324 - PDF: https://s3.amazonaws.com/NARAprodstorage/lz/presidential-libraries/bush/gb-whasf/Presidential_Daily_Diary_186322/1990/41-bpr-apts_sch-dd-01_18_90-12815-015_415890324.pdf || [Presidential Daily Backup] 1/18/1990 - Source: George H.W. Bush Library, Bush Presidential Records, White House Office of Appointments and Scheduling Files, Presidential Daily Diary and Presidential Daily Backup Materials, [Presidential Daily Backup] 1/18/1990. Access restriction: Restricted - Possibly. NAID 415890325. - Match basis: same-date Daily Diary/Backup folder. Query hit(s): Daily Backup. Digital object: 41-bpr-apts_sch-dd-01_18_90-12815-016_415890325.pdf. Catalog: https://catalog.archives.gov/id/415890325. - Catalog: https://catalog.archives.gov/id/415890325 - PDF: https://s3.amazonaws.com/NARAprodstorage/lz/presidential-libraries/bush/gb-whasf/Presidential_Daily_Diary_186322/1990/41-bpr-apts_sch-dd-01_18_90-12815-016_415890325.pdf",https://catalog.archives.gov/id/428080435,https://s3.us-east-1.amazonaws.com/NARAprodstorage/lz/presidential-libraries/bush/gb-nsc/321498039/1990-01-18--Ozal-1.pdf
3.009,Turkey,1990-01-18,Memcon,"Meeting with President Turgut Ozal of Turkey, January 18, 1990 (2 of 2)",George H. W. Bush; Turgut Ozal,Partial,8,428080437,"Source: George H.W. Bush Library, Bush Presidential Records, National Security Council, Presidential Memcon Files, Meeting with President Turgut Ozal of Turkey, January 18, 1990 (2 of 2). Release status: Partial. NAID 428080437.",PDF extent: 8 pages. Digital object: 1990-01-18--Ozal-2.pdf. Catalog: https://catalog.archives.gov/id/428080437.,"[Presidential Daily Diary] 1/18/1990 [EMPTY] - Source: George H.W. Bush Library, Bush Presidential Records, White House Office of Appointments and Scheduling Files, Presidential Daily Diary and Presidential Daily Backup Materials, [Presidential Daily Diary] 1/18/1990 [EMPTY]. Access restriction: Restricted - Possibly. NAID 415890324. - Match basis: same-date Daily Diary/Backup folder. Query hit(s): Daily Diary. Digital object: 41-bpr-apts_sch-dd-01_18_90-12815-015_415890324.pdf. Catalog: https://catalog.archives.gov/id/415890324. - Catalog: https://catalog.archives.gov/id/415890324 - PDF: https://s3.amazonaws.com/NARAprodstorage/lz/presidential-libraries/bush/gb-whasf/Presidential_Daily_Diary_186322/1990/41-bpr-apts_sch-dd-01_18_90-12815-015_415890324.pdf || [Presidential Daily Backup] 1/18/1990 - Source: George H.W. Bush Library, Bush Presidential Records, White House Office of Appointments and Scheduling Files, Presidential Daily Diary and Presidential Daily Backup Materials, [Presidential Daily Backup] 1/18/1990. Access restriction: Restricted - Possibly. NAID 415890325. - Match basis: same-date Daily Diary/Backup folder. Query hit(s): Daily Backup. Digital object: 41-bpr-apts_sch-dd-01_18_90-12815-016_415890325.pdf. Catalog: https://catalog.archives.gov/id/415890325. - Catalog: https://catalog.archives.gov/id/415890325 - PDF: https://s3.amazonaws.com/NARAprodstorage/lz/presidential-libraries/bush/gb-whasf/Presidential_Daily_Diary_186322/1990/41-bpr-apts_sch-dd-01_18_90-12815-016_415890325.pdf",https://catalog.archives.gov/id/428080437,https://s3.us-east-1.amazonaws.com/NARAprodstorage/lz/presidential-libraries/bush/gb-nsc/321498039/1990-01-18--Ozal-2.pdf
3.010,Turkey,1990-07-26,Telcon,"Telephone Call to President Turgut Ozal of Turkey, July 26, 1990",George H. W. Bush; Turgut Ozal,Full,3,428080861,"Source: George H.W. Bush Library, Bush Presidential Records, National Security Council, Presidential Telcon Files, Telephone Call to President Turgut Ozal of Turkey, July 26, 1990. Release status: Full. NAID 428080861.",PDF extent: 3 pages. Digital object: 1990-07-26--Ozal.pdf. Catalog: https://catalog.archives.gov/id/428080861.,"[Presidential Daily Backup] 7/26/1990 - Source: George H.W. Bush Library, Bush Presidential Records, White House Office of Appointments and Scheduling Files, Presidential Daily Diary and Presidential Daily Backup Materials, [Presidential Daily Backup] 7/26/1990. Access restriction: Restricted - Possibly. NAID 415890703. - Match basis: same-date Daily Diary/Backup folder. Query hit(s): Daily Backup. Digital object: 41-bpr-apts_sch-dd-07_26_90-12833-004_415890703.pdf. Catalog: https://catalog.archives.gov/id/415890703. - Catalog: https://catalog.archives.gov/id/415890703 - PDF: https://s3.amazonaws.com/NARAprodstorage/lz/presidential-libraries/bush/gb-whasf/Presidential_Daily_Diary_186322/1990/41-bpr-apts_sch-dd-07_26_90-12833-004_415890703.pdf",https://catalog.archives.gov/id/428080861,https://s3.us-east-1.amazonaws.com/NARAprodstorage/lz/presidential-libraries/bush/gb-nsc/321498139/1990-07-26--Ozal.pdf
3.011,Turkey,1990-08-03,Telcon,"Telephone Call to President Turgut Ozal of Turkey, August 3, 1990",George H. W. Bush; Turgut Ozal,Full,4,428080881,"Source: George H.W. Bush Library, Bush Presidential Records, National Security Council, Presidential Telcon Files, Telephone Call to President Turgut Ozal of Turkey, August 3, 1990. Release status: Full. NAID 428080881.",PDF extent: 4 pages. Digital object: 1990-08-03--Ozal.pdf. Catalog: https://catalog.archives.gov/id/428080881.,"[Presidential Daily Diary] 8/3/1990 - Source: George H.W. Bush Library, Bush Presidential Records, White House Office of Appointments and Scheduling Files, Presidential Daily Diary and Presidential Daily Backup Materials, [Presidential Daily Diary] 8/3/1990. Access restriction: Restricted - Possibly. NAID 415890718. - Match basis: same-date Daily Diary/Backup folder. Query hit(s): Daily Diary. Digital object: 41-bpr-apts_sch-dd-08_03_90-12833-019_415890718.pdf. Catalog: https://catalog.archives.gov/id/415890718. - Catalog: https://catalog.archives.gov/id/415890718 - PDF: https://s3.amazonaws.com/NARAprodstorage/lz/presidential-libraries/bush/gb-whasf/Presidential_Daily_Diary_186322/1990/41-bpr-apts_sch-dd-08_03_90-12833-019_415890718.pdf || [Presidential Daily Backup] 8/3/1990 - Source: George H.W. Bush Library, Bush Presidential Records, White House Office of Appointments and Scheduling Files, Presidential Daily Diary and Presidential Daily Backup Materials, [Presidential Daily Backup] 8/3/1990. Access restriction: Restricted - Possibly. NAID 415890719. - Match basis: same-date Daily Diary/Backup folder. Query hit(s): Daily Backup. Digital object: 41-bpr-apts_sch-dd-08_03_90-12833-020_415890719.pdf. Catalog: https://catalog.archives.gov/id/415890719. - Catalog: https://catalog.archives.gov/id/415890719 - PDF: https://s3.amazonaws.com/NARAprodstorage/lz/presidential-libraries/bush/gb-whasf/Presidential_Daily_Diary_186322/1990/41-bpr-apts_sch-dd-08_03_90-12833-020_415890719.pdf",https://catalog.archives.gov/id/428080881,https://s3.us-east-1.amazonaws.com/NARAprodstorage/lz/presidential-libraries/bush/gb-nsc/321498139/1990-08-03--Ozal.pdf
3.012,Turkey,1990-08-04,Telcon,"Telephone Call to President Turgut Ozal of Turkey, August 4, 1990",George H. W. Bush; Turgut Ozal,Partial,2,428080891,"Source: George H.W. Bush Library, Bush Presidential Records, National Security Council, Presidential Telcon Files, Telephone Call to President Turgut Ozal of Turkey, August 4, 1990. Release status: Partial. NAID 428080891.",PDF extent: 2 pages. Digital object: 1990-08-04--Ozal.pdf. Catalog: https://catalog.archives.gov/id/428080891.,"[Presidential Daily Diary] 8/4/1990 - Source: George H.W. Bush Library, Bush Presidential Records, White House Office of Appointments and Scheduling Files, Presidential Daily Diary and Presidential Daily Backup Materials, [Presidential Daily Diary] 8/4/1990. Access restriction: Restricted - Possibly. NAID 415890720. - Match basis: same-date Daily Diary/Backup folder. Query hit(s): Daily Diary. Digital object: 41-bpr-apts_sch-dd-08_04_90-12833-021_415890720.pdf. Catalog: https://catalog.archives.gov/id/415890720. - Catalog: https://catalog.archives.gov/id/415890720 - PDF: https://s3.amazonaws.com/NARAprodstorage/lz/presidential-libraries/bush/gb-whasf/Presidential_Daily_Diary_186322/1990/41-bpr-apts_sch-dd-08_04_90-12833-021_415890720.pdf || [Presidential Daily Backup] 8/4/1990 - Source: George H.W. Bush Library, Bush Presidential Records, White House Office of Appointments and Scheduling Files, Presidential Daily Diary and Presidential Daily Backup Materials, [Presidential Daily Backup] 8/4/1990. Access restriction: Restricted - Possibly. NAID 415890721. - Match basis: same-date Daily Diary/Backup folder. Query hit(s): Daily Backup. Digital object: 41-bpr-apts_sch-dd-08_04_90-12833-022_415890721.pdf. Catalog: https://catalog.archives.gov/id/415890721. - Catalog: https://catalog.archives.gov/id/415890721 - PDF: https://s3.amazonaws.com/NARAprodstorage/lz/presidential-libraries/bush/gb-whasf/Presidential_Daily_Diary_186322/1990/41-bpr-apts_sch-dd-08_04_90-12833-022_415890721.pdf",https://catalog.archives.gov/id/428080891,https://s3.us-east-1.amazonaws.com/NARAprodstorage/lz/presidential-libraries/bush/gb-nsc/321498139/1990-08-04--Ozal.pdf
3.013,Turkey,1990-08-05,Telcon,"Telcon with President Ozal of Turkey, August 5, 1990",George H. W. Bush; Turgut Ozal,Full,4,428080899,"Source: George H.W. Bush Library, Bush Presidential Records, National Security Council, Presidential Telcon Files, Telcon with President Ozal of Turkey, August 5, 1990. Release status: Full. NAID 428080899.",PDF extent: 4 pages. Digital object: 1990-08-05--Ozal.pdf. Catalog: https://catalog.archives.gov/id/428080899.,"[Presidential Daily Diary] 8/5/1990 - Source: George H.W. Bush Library, Bush Presidential Records, White House Office of Appointments and Scheduling Files, Presidential Daily Diary and Presidential Daily Backup Materials, [Presidential Daily Diary] 8/5/1990. Access restriction: Restricted - Possibly. NAID 415890722. - Match basis: same-date Daily Diary/Backup folder. Query hit(s): Daily Diary. Digital object: 41-bpr-apts_sch-dd-08_05_90-12833-023_415890722.pdf. Catalog: https://catalog.archives.gov/id/415890722. - Catalog: https://catalog.archives.gov/id/415890722 - PDF: https://s3.amazonaws.com/NARAprodstorage/lz/presidential-libraries/bush/gb-whasf/Presidential_Daily_Diary_186322/1990/41-bpr-apts_sch-dd-08_05_90-12833-023_415890722.pdf || [Presidential Daily Backup] 8/5/1990 - Source: George H.W. Bush Library, Bush Presidential Records, White House Office of Appointments and Scheduling Files, Presidential Daily Diary and Presidential Daily Backup Materials, [Presidential Daily Backup] 8/5/1990. Access restriction: Restricted - Possibly. NAID 415890723. - Match basis: same-date Daily Diary/Backup folder. Query hit(s): Daily Backup. Digital object: 41-bpr-apts_sch-dd-08_05_90-12833-024_415890723.pdf. Catalog: https://catalog.archives.gov/id/415890723. - Catalog: https://catalog.archives.gov/id/415890723 - PDF: https://s3.amazonaws.com/NARAprodstorage/lz/presidential-libraries/bush/gb-whasf/Presidential_Daily_Diary_186322/1990/41-bpr-apts_sch-dd-08_05_90-12833-024_415890723.pdf",https://catalog.archives.gov/id/428080899,https://s3.us-east-1.amazonaws.com/NARAprodstorage/lz/presidential-libraries/bush/gb-nsc/321498139/1990-08-05--Ozal.pdf
3.014,Turkey,1990-08-08,Telcon,"Telephone Call from President Turgut Ozal of Turkey, August 8, 1990",George H. W. Bush; Turgut Ozal,Full,2,428080911,"Source: George H.W. Bush Library, Bush Presidential Records, National Security Council, Presidential Telcon Files, Telephone Call from President Turgut Ozal of Turkey, August 8, 1990. Release status: Full. NAID 428080911.",PDF extent: 2 pages. Digital object: 1990-08-08--Ozal.pdf. Catalog: https://catalog.archives.gov/id/428080911.,"[Presidential Daily Diary] 8/8/1990 [EMPTY] - Source: George H.W. Bush Library, Bush Presidential Records, White House Office of Appointments and Scheduling Files, Presidential Daily Diary and Presidential Daily Backup Materials, [Presidential Daily Diary] 8/8/1990 [EMPTY]. Access restriction: Restricted - Possibly. NAID 415890728. - Match basis: same-date Daily Diary/Backup folder. Query hit(s): Daily Diary. Digital object: 41-bpr-apts_sch-dd-08_08_90-12834-003_415890728.pdf. Catalog: https://catalog.archives.gov/id/415890728. - Catalog: https://catalog.archives.gov/id/415890728 - PDF: https://s3.amazonaws.com/NARAprodstorage/lz/presidential-libraries/bush/gb-whasf/Presidential_Daily_Diary_186322/1990/41-bpr-apts_sch-dd-08_08_90-12834-003_415890728.pdf || [Presidential Daily Backup] 8/8/1990 - Source: George H.W. Bush Library, Bush Presidential Records, White House Office of Appointments and Scheduling Files, Presidential Daily Diary and Presidential Daily Backup Materials, [Presidential Daily Backup] 8/8/1990. Access restriction: Restricted - Possibly. NAID 415890729. - Match basis: same-date Daily Diary/Backup folder. Query hit(s): Daily Backup. Digital object: 41-bpr-apts_sch-dd-08_08_90-12834-004_415890729.pdf. Catalog: https://catalog.archives.gov/id/415890729. - Catalog: https://catalog.archives.gov/id/415890729 - PDF: https://s3.amazonaws.com/NARAprodstorage/lz/presidential-libraries/bush/gb-whasf/Presidential_Daily_Diary_186322/1990/41-bpr-apts_sch-dd-08_08_90-12834-004_415890729.pdf",https://catalog.archives.gov/id/428080911,https://s3.us-east-1.amazonaws.com/NARAprodstorage/lz/presidential-libraries/bush/gb-nsc/321498139/1990-08-08--Ozal.pdf
3.015,Turkey,1990-08-14,Telcon,"Telephone Call from President Turgut Ozal of Turkey, August 14, 1990",George H. W. Bush; Turgut Ozal,Full,3,428080953,"Source: George H.W. Bush Library, Bush Presidential Records, National Security Council, Presidential Telcon Files, Telephone Call from President Turgut Ozal of Turkey, August 14, 1990. Release status: Full. NAID 428080953.",PDF extent: 3 pages. Digital object: 1990-08-14--Ozal.pdf. Catalog: https://catalog.archives.gov/id/428080953.,"[Presidential Daily Diary] 8/14/1990 - Source: George H.W. Bush Library, Bush Presidential Records, White House Office of Appointments and Scheduling Files, Presidential Daily Diary and Presidential Daily Backup Materials, [Presidential Daily Diary] 8/14/1990. Access restriction: Restricted - Possibly. NAID 415890740. - Match basis: same-date Daily Diary/Backup folder. Query hit(s): Daily Diary. Digital object: 41-bpr-apts_sch-dd-08_14_90-12834-015_415890740.pdf. Catalog: https://catalog.archives.gov/id/415890740. - Catalog: https://catalog.archives.gov/id/415890740 - PDF: https://s3.amazonaws.com/NARAprodstorage/lz/presidential-libraries/bush/gb-whasf/Presidential_Daily_Diary_186322/1990/41-bpr-apts_sch-dd-08_14_90-12834-015_415890740.pdf || [Presidential Daily Backup] 8/14/1990 - Source: George H.W. Bush Library, Bush Presidential Records, White House Office of Appointments and Scheduling Files, Presidential Daily Diary and Presidential Daily Backup Materials, [Presidential Daily Backup] 8/14/1990. Access restriction: Restricted - Possibly. NAID 415890741. - Match basis: same-date Daily Diary/Backup folder. Query hit(s): Daily Backup. Digital object: 41-bpr-apts_sch-dd-08_14_90-12834-016_415890741.pdf. Catalog: https://catalog.archives.gov/id/415890741. - Catalog: https://catalog.archives.gov/id/415890741 - PDF: https://s3.amazonaws.com/NARAprodstorage/lz/presidential-libraries/bush/gb-whasf/Presidential_Daily_Diary_186322/1990/41-bpr-apts_sch-dd-08_14_90-12834-016_415890741.pdf",https://catalog.archives.gov/id/428080953,https://s3.us-east-1.amazonaws.com/NARAprodstorage/lz/presidential-libraries/bush/gb-nsc/321498139/1990-08-14--Ozal.pdf
3.016,Turkey,1990-08-16,No Telcon,"Telephone Call with Turgut Ozal, August 16, 1990",George H. W. Bush; Turgut Ozal,Marker / no memorandum listed,2,428080933,"Source: George H.W. Bush Library, Bush Presidential Records, National Security Council, Presidential Telcon Files, Telephone Call with Turgut Ozal, August 16, 1990. Release status: Marker / no memorandum listed. NAID 428080933.",PDF extent: 2 pages. Digital object: 1990-08-16--Ozal.pdf. Catalog: https://catalog.archives.gov/id/428080933.,"[Presidential Daily Diary] 8/16/1990 [EMPTY] - Source: George H.W. Bush Library, Bush Presidential Records, White House Office of Appointments and Scheduling Files, Presidential Daily Diary and Presidential Daily Backup Materials, [Presidential Daily Diary] 8/16/1990 [EMPTY]. Access restriction: Restricted - Possibly. NAID 415890744. - Match basis: same-date Daily Diary/Backup folder. Query hit(s): Daily Diary. Digital object: 41-bpr-apts_sch-dd-08_16_90-12834-019_415890744.pdf. Catalog: https://catalog.archives.gov/id/415890744. - Catalog: https://catalog.archives.gov/id/415890744 - PDF: https://s3.amazonaws.com/NARAprodstorage/lz/presidential-libraries/bush/gb-whasf/Presidential_Daily_Diary_186322/1990/41-bpr-apts_sch-dd-08_16_90-12834-019_415890744.pdf || [Presidential Daily Backup] 8/16/1990 - Source: George H.W. Bush Library, Bush Presidential Records, White House Office of Appointments and Scheduling Files, Presidential Daily Diary and Presidential Daily Backup Materials, [Presidential Daily Backup] 8/16/1990. Access restriction: Restricted - Possibly. NAID 415890745. - Match basis: same-date Daily Diary/Backup folder. Query hit(s): Daily Backup. Digital object: 41-bpr-apts_sch-dd-08_16_90-12834-020_415890745.pdf. Catalog: https://catalog.archives.gov/id/415890745. - Catalog: https://catalog.archives.gov/id/415890745 - PDF: https://s3.amazonaws.com/NARAprodstorage/lz/presidential-libraries/bush/gb-whasf/Presidential_Daily_Diary_186322/1990/41-bpr-apts_sch-dd-08_16_90-12834-020_415890745.pdf",https://catalog.archives.gov/id/428080933,https://s3.us-east-1.amazonaws.com/NARAprodstorage/lz/presidential-libraries/bush/gb-nsc/321498139/1990-08-16--Ozal.pdf
3.017,Turkey,1990-08-20,Telcon,"Telephone Conversation with President Turgut Ozal of Turkey, August 20, 1990",George H. W. Bush; Turgut Ozal,Full,4,428080959,"Source: George H.W. Bush Library, Bush Presidential Records, National Security Council, Presidential Telcon Files, Telephone Conversation with President Turgut Ozal of Turkey, August 20, 1990. Release status: Full. NAID 428080959.",PDF extent: 4 pages. Digital object: 1990-08-20--Ozal.pdf. Catalog: https://catalog.archives.gov/id/428080959.,"[Presidential Daily Diary] 8/20/1990 [EMPTY] - Source: George H.W. Bush Library, Bush Presidential Records, White House Office of Appointments and Scheduling Files, Presidential Daily Diary and Presidential Daily Backup Materials, [Presidential Daily Diary] 8/20/1990 [EMPTY]. Access restriction: Restricted - Possibly. NAID 415890752. - Match basis: same-date Daily Diary/Backup folder. Query hit(s): Daily Diary. Digital object: 41-bpr-apts_sch-dd-08_20_90-12834-027_415890752.pdf. Catalog: https://catalog.archives.gov/id/415890752. - Catalog: https://catalog.archives.gov/id/415890752 - PDF: https://s3.amazonaws.com/NARAprodstorage/lz/presidential-libraries/bush/gb-whasf/Presidential_Daily_Diary_186322/1990/41-bpr-apts_sch-dd-08_20_90-12834-027_415890752.pdf || [Presidential Daily Backup] 8/20/1990 - Source: George H.W. Bush Library, Bush Presidential Records, White House Office of Appointments and Scheduling Files, Presidential Daily Diary and Presidential Daily Backup Materials, [Presidential Daily Backup] 8/20/1990. Access restriction: Restricted - Possibly. NAID 415890753. - Match basis: same-date Daily Diary/Backup folder. Query hit(s): Daily Backup. Digital object: 41-bpr-apts_sch-dd-08_20_90-12834-028_415890753.pdf. Catalog: https://catalog.archives.gov/id/415890753. - Catalog: https://catalog.archives.gov/id/415890753 - PDF: https://s3.amazonaws.com/NARAprodstorage/lz/presidential-libraries/bush/gb-whasf/Presidential_Daily_Diary_186322/1990/41-bpr-apts_sch-dd-08_20_90-12834-028_415890753.pdf",https://catalog.archives.gov/id/428080959,https://s3.us-east-1.amazonaws.com/NARAprodstorage/lz/presidential-libraries/bush/gb-nsc/321498139/1990-08-20--Ozal.pdf
3.018,Turkey,1990-08-30,Telcon,"Telephone Conversation with President Turgut Ozal of Turkey, August 30, 1990",George H. W. Bush; Turgut Ozal,Full,4,428080999,"Source: George H.W. Bush Library, Bush Presidential Records, National Security Council, Presidential Telcon Files, Telephone Conversation with President Turgut Ozal of Turkey, August 30, 1990. Release status: Full. NAID 428080999.",PDF extent: 4 pages. Digital object: 1990-08-30--Ozal.pdf. Catalog: https://catalog.archives.gov/id/428080999.,"[Presidential Daily Diary] 8/30/1990 [EMPTY] - Source: George H.W. Bush Library, Bush Presidential Records, White House Office of Appointments and Scheduling Files, Presidential Daily Diary and Presidential Daily Backup Materials, [Presidential Daily Diary] 8/30/1990 [EMPTY]. Access restriction: Restricted - Possibly. NAID 415890772. - Match basis: same-date Daily Diary/Backup folder. Query hit(s): Daily Diary. Digital object: 41-bpr-apts_sch-dd-08_30_90-12835-005_415890772.pdf. Catalog: https://catalog.archives.gov/id/415890772. - Catalog: https://catalog.archives.gov/id/415890772 - PDF: https://s3.amazonaws.com/NARAprodstorage/lz/presidential-libraries/bush/gb-whasf/Presidential_Daily_Diary_186322/1990/41-bpr-apts_sch-dd-08_30_90-12835-005_415890772.pdf || [Presidential Daily Backup] 8/30/1990 - Source: George H.W. Bush Library, Bush Presidential Records, White House Office of Appointments and Scheduling Files, Presidential Daily Diary and Presidential Daily Backup Materials, [Presidential Daily Backup] 8/30/1990. Access restriction: Restricted - Possibly. NAID 415890773. - Match basis: same-date Daily Diary/Backup folder. Query hit(s): Daily Backup. Digital object: 41-bpr-apts_sch-dd-08_30_90-12835-006_415890773.pdf. Catalog: https://catalog.archives.gov/id/415890773. - Catalog: https://catalog.archives.gov/id/415890773 - PDF: https://s3.amazonaws.com/NARAprodstorage/lz/presidential-libraries/bush/gb-whasf/Presidential_Daily_Diary_186322/1990/41-bpr-apts_sch-dd-08_30_90-12835-006_415890773.pdf",https://catalog.archives.gov/id/428080999,https://s3.us-east-1.amazonaws.com/NARAprodstorage/lz/presidential-libraries/bush/gb-nsc/321498139/1990-08-30--Ozal.pdf
3.019,Turkey,1990-09-06,Telcon,"Telephone Conversation with President Turgut Ozal of Turkey, September 6, 1990",George H. W. Bush; Turgut Ozal,Full,4,428081021,"Source: George H.W. Bush Library, Bush Presidential Records, National Security Council, Presidential Telcon Files, Telephone Conversation with President Turgut Ozal of Turkey, September 6, 1990. Release status: Full. NAID 428081021.",PDF extent: 4 pages. Digital object: 1990-09-06--Ozal.pdf. Catalog: https://catalog.archives.gov/id/428081021.,"[Presidential Daily Diary] 9/6/1990 [EMPTY] - Source: George H.W. Bush Library, Bush Presidential Records, White House Office of Appointments and Scheduling Files, Presidential Daily Diary and Presidential Daily Backup Materials, [Presidential Daily Diary] 9/6/1990 [EMPTY]. Access restriction: Restricted - Possibly. NAID 415890786. - Match basis: same-date Daily Diary/Backup folder. Query hit(s): Daily Diary. Digital object: 41-bpr-apts_sch-dd-09_06_90-12835-019_415890786.pdf. Catalog: https://catalog.archives.gov/id/415890786. - Catalog: https://catalog.archives.gov/id/415890786 - PDF: https://s3.amazonaws.com/NARAprodstorage/lz/presidential-libraries/bush/gb-whasf/Presidential_Daily_Diary_186322/1990/41-bpr-apts_sch-dd-09_06_90-12835-019_415890786.pdf || [Presidential Daily Backup] 9/6/1990 - Source: George H.W. Bush Library, Bush Presidential Records, White House Office of Appointments and Scheduling Files, Presidential Daily Diary and Presidential Daily Backup Materials, [Presidential Daily Backup] 9/6/1990. Access restriction: Restricted - Possibly. NAID 415890787. - Match basis: same-date Daily Diary/Backup folder. Query hit(s): Daily Backup. Digital object: 41-bpr-apts_sch-dd-09_06_90-12835-020_415890787.pdf. Catalog: https://catalog.archives.gov/id/415890787. - Catalog: https://catalog.archives.gov/id/415890787 - PDF: https://s3.amazonaws.com/NARAprodstorage/lz/presidential-libraries/bush/gb-whasf/Presidential_Daily_Diary_186322/1990/41-bpr-apts_sch-dd-09_06_90-12835-020_415890787.pdf",https://catalog.archives.gov/id/428081021,https://s3.us-east-1.amazonaws.com/NARAprodstorage/lz/presidential-libraries/bush/gb-nsc/321498139/1990-09-06--Ozal.pdf
3.020,Turkey,1990-09-10,Telcon,"Telephone Call to President Turgut Ozal of Turkey, September 10, 1990",George H. W. Bush; Turgut Ozal,Full,3,428081055,"Source: George H.W. Bush Library, Bush Presidential Records, National Security Council, Presidential Telcon Files, Telephone Call to President Turgut Ozal of Turkey, September 10, 1990. Release status: Full. NAID 428081055.",PDF extent: 3 pages. Digital object: 1990-09-10--Ozal.pdf. Catalog: https://catalog.archives.gov/id/428081055.,"[Presidential Daily Diary] 9/10/1990 - Source: George H.W. Bush Library, Bush Presidential Records, White House Office of Appointments and Scheduling Files, Presidential Daily Diary and Presidential Daily Backup Materials, [Presidential Daily Diary] 9/10/1990. Access restriction: Restricted - Possibly. NAID 415890794. - Match basis: same-date Daily Diary/Backup folder. Query hit(s): Daily Diary. Digital object: 41-bpr-apts_sch-dd-09_10_90-12835-027_415890794.pdf. Catalog: https://catalog.archives.gov/id/415890794. - Catalog: https://catalog.archives.gov/id/415890794 - PDF: https://s3.amazonaws.com/NARAprodstorage/lz/presidential-libraries/bush/gb-whasf/Presidential_Daily_Diary_186322/1990/41-bpr-apts_sch-dd-09_10_90-12835-027_415890794.pdf || [Presidential Daily Backup] 9/10/1990 - Source: George H.W. Bush Library, Bush Presidential Records, White House Office of Appointments and Scheduling Files, Presidential Daily Diary and Presidential Daily Backup Materials, [Presidential Daily Backup] 9/10/1990. Access restriction: Restricted - Possibly. NAID 415890795. - Match basis: same-date Daily Diary/Backup folder. Query hit(s): Daily Backup. Digital object: 41-bpr-apts_sch-dd-09_10_90-12835-028_415890795.pdf. Catalog: https://catalog.archives.gov/id/415890795. - Catalog: https://catalog.archives.gov/id/415890795 - PDF: https://s3.amazonaws.com/NARAprodstorage/lz/presidential-libraries/bush/gb-whasf/Presidential_Daily_Diary_186322/1990/41-bpr-apts_sch-dd-09_10_90-12835-028_415890795.pdf",https://catalog.archives.gov/id/428081055,https://s3.us-east-1.amazonaws.com/NARAprodstorage/lz/presidential-libraries/bush/gb-nsc/321498139/1990-09-10--Ozal.pdf
3.021,Turkey,1990-09-25,Memcon,"Meeting with President Ozal of Turkey, September 25, 1990",George H. W. Bush; Turgut Ozal,Full,7,428081035,"Source: George H.W. Bush Library, Bush Presidential Records, National Security Council, Presidential Memcon Files, Meeting with President Ozal of Turkey, September 25, 1990. Release status: Full. NAID 428081035.",PDF extent: 7 pages. Digital object: 1990-09-25--Ozal.pdf. Catalog: https://catalog.archives.gov/id/428081035.,"[Presidential Daily Diary] 9/25/1990 - Source: George H.W. Bush Library, Bush Presidential Records, White House Office of Appointments and Scheduling Files, Presidential Daily Diary and Presidential Daily Backup Materials, [Presidential Daily Diary] 9/25/1990. Access restriction: Restricted - Possibly. NAID 415890824. - Match basis: same-date Daily Diary/Backup folder. Query hit(s): Daily Diary. Digital object: 41-bpr-apts_sch-dd-09_25_90-12837-001_415890824.pdf. Catalog: https://catalog.archives.gov/id/415890824. - Catalog: https://catalog.archives.gov/id/415890824 - PDF: https://s3.amazonaws.com/NARAprodstorage/lz/presidential-libraries/bush/gb-whasf/Presidential_Daily_Diary_186322/1990/41-bpr-apts_sch-dd-09_25_90-12837-001_415890824.pdf || [Presidential Daily Backup] 9/25/1990 - Source: George H.W. Bush Library, Bush Presidential Records, White House Office of Appointments and Scheduling Files, Presidential Daily Diary and Presidential Daily Backup Materials, [Presidential Daily Backup] 9/25/1990. Access restriction: Restricted - Possibly. NAID 415890825. - Match basis: same-date Daily Diary/Backup folder. Query hit(s): Daily Backup. Digital object: 41-bpr-apts_sch-dd-09_25_90-12837-002_415890825.pdf. Catalog: https://catalog.archives.gov/id/415890825. - Catalog: https://catalog.archives.gov/id/415890825 - PDF: https://s3.amazonaws.com/NARAprodstorage/lz/presidential-libraries/bush/gb-whasf/Presidential_Daily_Diary_186322/1990/41-bpr-apts_sch-dd-09_25_90-12837-002_415890825.pdf",https://catalog.archives.gov/id/428081035,https://s3.us-east-1.amazonaws.com/NARAprodstorage/lz/presidential-libraries/bush/gb-nsc/321498039/1990-09-25--Ozal.pdf
3.022,Turkey,1990-10-24,Telcon,"Telephone Conversation with President Turgut Ozal of' Turkey, October 24, 1990",George H. W. Bush; Turgut Ozal,Full,5,428081155,"Source: George H.W. Bush Library, Bush Presidential Records, National Security Council, Presidential Telcon Files, Telephone Conversation with President Turgut Ozal of' Turkey, October 24, 1990. Release status: Full. NAID 428081155.",PDF extent: 5 pages. Digital object: 1990-10-24--Ozal.pdf. Catalog: https://catalog.archives.gov/id/428081155.,"[Presidential Daily Diary] 10/24/1990 - Source: George H.W. Bush Library, Bush Presidential Records, White House Office of Appointments and Scheduling Files, Presidential Daily Diary and Presidential Daily Backup Materials, [Presidential Daily Diary] 10/24/1990. Access restriction: Restricted - Possibly. NAID 415890884. - Match basis: same-date Daily Diary/Backup folder. Query hit(s): Daily Diary. Digital object: 41-bpr-apts_sch-dd-10_24_90-12840-016_415890884.pdf. Catalog: https://catalog.archives.gov/id/415890884. - Catalog: https://catalog.archives.gov/id/415890884 - PDF: https://s3.amazonaws.com/NARAprodstorage/lz/presidential-libraries/bush/gb-whasf/Presidential_Daily_Diary_186322/1990/41-bpr-apts_sch-dd-10_24_90-12840-016_415890884.pdf || [Presidential Daily Backup] 10/24/1990 - Source: George H.W. Bush Library, Bush Presidential Records, White House Office of Appointments and Scheduling Files, Presidential Daily Diary and Presidential Daily Backup Materials, [Presidential Daily Backup] 10/24/1990. Access restriction: Restricted - Possibly. NAID 415890885. - Match basis: same-date Daily Diary/Backup folder. Query hit(s): Daily Backup. Digital object: 41-bpr-apts_sch-dd-10_24_90-12840-017_415890885.pdf. Catalog: https://catalog.archives.gov/id/415890885. - Catalog: https://catalog.archives.gov/id/415890885 - PDF: https://s3.amazonaws.com/NARAprodstorage/lz/presidential-libraries/bush/gb-whasf/Presidential_Daily_Diary_186322/1990/41-bpr-apts_sch-dd-10_24_90-12840-017_415890885.pdf",https://catalog.archives.gov/id/428081155,https://s3.us-east-1.amazonaws.com/NARAprodstorage/lz/presidential-libraries/bush/gb-nsc/321498139/1990-10-24--Ozal.pdf
3.023,Turkey,1990-10-31,Telcon,"Telephone Conversation with President Turgut Ozal of Turkey, October 31, 1990",George H. W. Bush; Turgut Ozal,Full,4,428081169,"Source: George H.W. Bush Library, Bush Presidential Records, National Security Council, Presidential Telcon Files, Telephone Conversation with President Turgut Ozal of Turkey, October 31, 1990. Release status: Full. NAID 428081169.",PDF extent: 4 pages. Digital object: 1990-10-31--Ozal.pdf. Catalog: https://catalog.archives.gov/id/428081169.,"[Presidential Daily Diary] 10/31/1990 - Source: George H.W. Bush Library, Bush Presidential Records, White House Office of Appointments and Scheduling Files, Presidential Daily Diary and Presidential Daily Backup Materials, [Presidential Daily Diary] 10/31/1990. Access restriction: Restricted - Possibly. NAID 415890898. - Match basis: same-date Daily Diary/Backup folder. Query hit(s): Daily Diary. Digital object: 41-bpr-apts_sch-dd-10_31_90-12841-009_415890898.pdf. Catalog: https://catalog.archives.gov/id/415890898. - Catalog: https://catalog.archives.gov/id/415890898 - PDF: https://s3.amazonaws.com/NARAprodstorage/lz/presidential-libraries/bush/gb-whasf/Presidential_Daily_Diary_186322/1990/41-bpr-apts_sch-dd-10_31_90-12841-009_415890898.pdf || [Presidential Daily Backup] 10/31/1990 - Source: George H.W. Bush Library, Bush Presidential Records, White House Office of Appointments and Scheduling Files, Presidential Daily Diary and Presidential Daily Backup Materials, [Presidential Daily Backup] 10/31/1990. Access restriction: Restricted - Possibly. NAID 415890899. - Match basis: same-date Daily Diary/Backup folder. Query hit(s): Daily Backup. Digital object: 41-bpr-apts_sch-dd-10_31_90-12841-010_415890899.pdf. Catalog: https://catalog.archives.gov/id/415890899. - Catalog: https://catalog.archives.gov/id/415890899 - PDF: https://s3.amazonaws.com/NARAprodstorage/lz/presidential-libraries/bush/gb-whasf/Presidential_Daily_Diary_186322/1990/41-bpr-apts_sch-dd-10_31_90-12841-010_415890899.pdf",https://catalog.archives.gov/id/428081169,https://s3.us-east-1.amazonaws.com/NARAprodstorage/lz/presidential-libraries/bush/gb-nsc/321498139/1990-10-31--Ozal.pdf
3.024,Turkey,1990-11-20,Memcon,"Meeting with President Ozal of Turkey, November 20, 1990",George H. W. Bush; Turgut Ozal,Full,6,428081195,"Source: George H.W. Bush Library, Bush Presidential Records, National Security Council, Presidential Memcon Files, Meeting with President Ozal of Turkey, November 20, 1990. Release status: Full. NAID 428081195.",PDF extent: 6 pages. Digital object: 1990-11-20--Ozal.pdf. Catalog: https://catalog.archives.gov/id/428081195.,"[Presidential Daily Diary] 11/20/1990 [EMPTY] - Source: George H.W. Bush Library, Bush Presidential Records, White House Office of Appointments and Scheduling Files, Presidential Daily Diary and Presidential Daily Backup Materials, [Presidential Daily Diary] 11/20/1990 [EMPTY]. Access restriction: Restricted - Possibly. NAID 415890938. - Match basis: same-date Daily Diary/Backup folder. Query hit(s): Daily Diary. Digital object: 41-bpr-apts_sch-dd-11_20_90-12842-027_415890938.pdf. Catalog: https://catalog.archives.gov/id/415890938. - Catalog: https://catalog.archives.gov/id/415890938 - PDF: https://s3.amazonaws.com/NARAprodstorage/lz/presidential-libraries/bush/gb-whasf/Presidential_Daily_Diary_186322/1990/41-bpr-apts_sch-dd-11_20_90-12842-027_415890938.pdf || [Presidential Daily Backup] 11/20/1990 - Source: George H.W. Bush Library, Bush Presidential Records, White House Office of Appointments and Scheduling Files, Presidential Daily Diary and Presidential Daily Backup Materials, [Presidential Daily Backup] 11/20/1990. Access restriction: Restricted - Possibly. NAID 415890939. - Match basis: same-date Daily Diary/Backup folder. Query hit(s): Daily Backup. Digital object: 41-bpr-apts_sch-dd-11_20_90-12842-028_415890939.pdf. Catalog: https://catalog.archives.gov/id/415890939. - Catalog: https://catalog.archives.gov/id/415890939 - PDF: https://s3.amazonaws.com/NARAprodstorage/lz/presidential-libraries/bush/gb-whasf/Presidential_Daily_Diary_186322/1990/41-bpr-apts_sch-dd-11_20_90-12842-028_415890939.pdf",https://catalog.archives.gov/id/428081195,https://s3.us-east-1.amazonaws.com/NARAprodstorage/lz/presidential-libraries/bush/gb-nsc/321498039/1990-11-20--Ozal.pdf
3.025,Turkey,1990-11-30,Telcon,"Telephone Conversation with President Turgut Ozal of Turkey, November 30, 1990",George H. W. Bush; Turgut Ozal,Full,4,428081261,"Source: George H.W. Bush Library, Bush Presidential Records, National Security Council, Presidential Telcon Files, Telephone Conversation with President Turgut Ozal of Turkey, November 30, 1990. Release status: Full. NAID 428081261.",PDF extent: 4 pages. Digital object: 1990-11-30--Ozal.pdf. Catalog: https://catalog.archives.gov/id/428081261.,"[Presidential Daily Diary] 11/30/1990 - Source: George H.W. Bush Library, Bush Presidential Records, White House Office of Appointments and Scheduling Files, Presidential Daily Diary and Presidential Daily Backup Materials, [Presidential Daily Diary] 11/30/1990. Access restriction: Restricted - Possibly. NAID 415890958. - Match basis: same-date Daily Diary/Backup folder. Query hit(s): Daily Diary. Digital object: 41-bpr-apts_sch-dd-11_30_90-12843-019_415890958.pdf. Catalog: https://catalog.archives.gov/id/415890958. - Catalog: https://catalog.archives.gov/id/415890958 - PDF: https://s3.amazonaws.com/NARAprodstorage/lz/presidential-libraries/bush/gb-whasf/Presidential_Daily_Diary_186322/1990/41-bpr-apts_sch-dd-11_30_90-12843-019_415890958.pdf || [Presidential Daily Backup] 11/30/1990 - Source: George H.W. Bush Library, Bush Presidential Records, White House Office of Appointments and Scheduling Files, Presidential Daily Diary and Presidential Daily Backup Materials, [Presidential Daily Backup] 11/30/1990. Access restriction: Restricted - Possibly. NAID 415890959. - Match basis: same-date Daily Diary/Backup folder. Query hit(s): Daily Backup. Digital object: 41-bpr-apts_sch-dd-11_30_90-12843-020_415890959.pdf. Catalog: https://catalog.archives.gov/id/415890959. - Catalog: https://catalog.archives.gov/id/415890959 - PDF: https://s3.amazonaws.com/NARAprodstorage/lz/presidential-libraries/bush/gb-whasf/Presidential_Daily_Diary_186322/1990/41-bpr-apts_sch-dd-11_30_90-12843-020_415890959.pdf",https://catalog.archives.gov/id/428081261,https://s3.us-east-1.amazonaws.com/NARAprodstorage/lz/presidential-libraries/bush/gb-nsc/321498139/1990-11-30--Ozal.pdf
3.026,Turkey,1990-12-01,Telcon,"Telephone Call from Turkish President Turgut Ozal, December I, 1990",George H. W. Bush; Turgut Ozal,Full,5,428081263,"Source: George H.W. Bush Library, Bush Presidential Records, National Security Council, Presidential Telcon Files, Telephone Call from Turkish President Turgut Ozal, December I, 1990. Release status: Full. NAID 428081263.",PDF extent: 5 pages. Digital object: 1990-12-01--Ozal.pdf. Catalog: https://catalog.archives.gov/id/428081263.,"[Presidential Daily Diary] 12/1/1990 - Source: George H.W. Bush Library, Bush Presidential Records, White House Office of Appointments and Scheduling Files, Presidential Daily Diary and Presidential Daily Backup Materials, [Presidential Daily Diary] 12/1/1990. Access restriction: Restricted - Possibly. NAID 415890960. - Match basis: same-date Daily Diary/Backup folder. Query hit(s): Daily Diary. Digital object: 41-bpr-apts_sch-dd-12_01_90-12843-021_415890960.pdf. Catalog: https://catalog.archives.gov/id/415890960. - Catalog: https://catalog.archives.gov/id/415890960 - PDF: https://s3.amazonaws.com/NARAprodstorage/lz/presidential-libraries/bush/gb-whasf/Presidential_Daily_Diary_186322/1990/41-bpr-apts_sch-dd-12_01_90-12843-021_415890960.pdf || [Presidential Daily Backup] 12/1/1990 - Source: George H.W. Bush Library, Bush Presidential Records, White House Office of Appointments and Scheduling Files, Presidential Daily Diary and Presidential Daily Backup Materials, [Presidential Daily Backup] 12/1/1990. Access restriction: Restricted - Possibly. NAID 415890961. - Match basis: same-date Daily Diary/Backup folder. Query hit(s): Daily Backup. Digital object: 41-bpr-apts_sch-dd-12_01_90-12843-022_415890961.pdf. Catalog: https://catalog.archives.gov/id/415890961. - Catalog: https://catalog.archives.gov/id/415890961 - PDF: https://s3.amazonaws.com/NARAprodstorage/lz/presidential-libraries/bush/gb-whasf/Presidential_Daily_Diary_186322/1990/41-bpr-apts_sch-dd-12_01_90-12843-022_415890961.pdf",https://catalog.archives.gov/id/428081263,https://s3.us-east-1.amazonaws.com/NARAprodstorage/lz/presidential-libraries/bush/gb-nsc/321498139/1990-12-01--Ozal.pdf
3.027,Turkey,1990-12-16,No Telcon,"Telephone Call from Turgut Ozal, December 16, 1990",George H. W. Bush; Turgut Ozal,Marker / no memorandum listed,2,428081251,"Source: George H.W. Bush Library, Bush Presidential Records, National Security Council, Presidential Telcon Files, Telephone Call from Turgut Ozal, December 16, 1990. Release status: Marker / no memorandum listed. NAID 428081251.",PDF extent: 2 pages. Digital object: 1990-12-16--Ozal.pdf. Catalog: https://catalog.archives.gov/id/428081251.,"[Presidential Daily Diary] 12/16/1990 - Source: George H.W. Bush Library, Bush Presidential Records, White House Office of Appointments and Scheduling Files, Presidential Daily Diary and Presidential Daily Backup Materials, [Presidential Daily Diary] 12/16/1990. Access restriction: Restricted - Possibly. NAID 415890990. - Match basis: same-date Daily Diary/Backup folder. Query hit(s): Daily Diary. Digital object: 41-bpr-apts_sch-dd-12_16_90-12845-005_415890990.pdf. Catalog: https://catalog.archives.gov/id/415890990. - Catalog: https://catalog.archives.gov/id/415890990 - PDF: https://s3.amazonaws.com/NARAprodstorage/lz/presidential-libraries/bush/gb-whasf/Presidential_Daily_Diary_186322/1990/41-bpr-apts_sch-dd-12_16_90-12845-005_415890990.pdf || [Presidential Daily Backup] 12/16/1990 - Source: George H.W. Bush Library, Bush Presidential Records, White House Office of Appointments and Scheduling Files, Presidential Daily Diary and Presidential Daily Backup Materials, [Presidential Daily Backup] 12/16/1990. Access restriction: Restricted - Possibly. NAID 415890991. - Match basis: same-date Daily Diary/Backup folder. Query hit(s): Daily Backup. Digital object: 41-bpr-apts_sch-dd-12_16_90-12845-006_415890991.pdf. Catalog: https://catalog.archives.gov/id/415890991. - Catalog: https://catalog.archives.gov/id/415890991 - PDF: https://s3.amazonaws.com/NARAprodstorage/lz/presidential-libraries/bush/gb-whasf/Presidential_Daily_Diary_186322/1990/41-bpr-apts_sch-dd-12_16_90-12845-006_415890991.pdf",https://catalog.archives.gov/id/428081251,https://s3.us-east-1.amazonaws.com/NARAprodstorage/lz/presidential-libraries/bush/gb-nsc/321498139/1990-12-16--Ozal.pdf
3.028,Turkey,1990-12-28,Telcon,"Telcon with President Turgut Ozal of Turkey, December 28, 1990",George H. W. Bush; Turgut Ozal,Full,4,428081287,"Source: George H.W. Bush Library, Bush Presidential Records, National Security Council, Presidential Telcon Files, Telcon with President Turgut Ozal of Turkey, December 28, 1990. Release status: Full. NAID 428081287.",PDF extent: 4 pages. Digital object: 1990-12-28--Ozal.pdf. Catalog: https://catalog.archives.gov/id/428081287.,"[Presidential Daily Diary] 12/28/1990 - Source: George H.W. Bush Library, Bush Presidential Records, White House Office of Appointments and Scheduling Files, Presidential Daily Diary and Presidential Daily Backup Materials, [Presidential Daily Diary] 12/28/1990. Access restriction: Restricted - Possibly. NAID 415891014. - Match basis: same-date Daily Diary/Backup folder. Query hit(s): Daily Diary. Digital object: 41-bpr-apts_sch-dd-12_28_90-12845-029_415891014.pdf. Catalog: https://catalog.archives.gov/id/415891014. - Catalog: https://catalog.archives.gov/id/415891014 - PDF: https://s3.amazonaws.com/NARAprodstorage/lz/presidential-libraries/bush/gb-whasf/Presidential_Daily_Diary_186322/1990/41-bpr-apts_sch-dd-12_28_90-12845-029_415891014.pdf || [Presidential Daily Backup] 12/28/1990 - Source: George H.W. Bush Library, Bush Presidential Records, White House Office of Appointments and Scheduling Files, Presidential Daily Diary and Presidential Daily Backup Materials, [Presidential Daily Backup] 12/28/1990. Access restriction: Restricted - Possibly. NAID 415891015. - Match basis: same-date Daily Diary/Backup folder. Query hit(s): Daily Backup. Digital object: 41-bpr-apts_sch-dd-12_28_90-12845-030_415891015.pdf. Catalog: https://catalog.archives.gov/id/415891015. - Catalog: https://catalog.archives.gov/id/415891015 - PDF: https://s3.amazonaws.com/NARAprodstorage/lz/presidential-libraries/bush/gb-whasf/Presidential_Daily_Diary_186322/1990/41-bpr-apts_sch-dd-12_28_90-12845-030_415891015.pdf",https://catalog.archives.gov/id/428081287,https://s3.us-east-1.amazonaws.com/NARAprodstorage/lz/presidential-libraries/bush/gb-nsc/321498139/1990-12-28--Ozal.pdf
3.029,Turkey,1991-01-10,Telcon,"Telephone Conversation with President Turgut Ozal of Turkey, January 10, 1991 (1 of 2)",George H. W. Bush; Turgut Ozal,Full,5,428081313,"Source: George H.W. Bush Library, Bush Presidential Records, National Security Council, Presidential Telcon Files, Telephone Conversation with President Turgut Ozal of Turkey, January 10, 1991 (1 of 2). Release status: Full. NAID 428081313.",PDF extent: 5 pages. Digital object: 1991-01-10--Ozal-1.pdf. Catalog: https://catalog.archives.gov/id/428081313.,"[Presidential Daily Diary] 1/10/1991 - Source: George H.W. Bush Library, Bush Presidential Records, White House Office of Appointments and Scheduling Files, Presidential Daily Diary and Presidential Daily Backup Materials, [Presidential Daily Diary] 1/10/1991. Access restriction: Restricted - Possibly. NAID 415891040. - Match basis: same-date Daily Diary/Backup folder. Query hit(s): Daily Diary. Digital object: 41-bpr-apts_sch-dd-01_10_91-12846-023_415891040.pdf. Catalog: https://catalog.archives.gov/id/415891040. - Catalog: https://catalog.archives.gov/id/415891040 - PDF: https://s3.amazonaws.com/NARAprodstorage/lz/presidential-libraries/bush/gb-whasf/Presidential_Daily_Diary_186322/1991/41-bpr-apts_sch-dd-01_10_91-12846-023_415891040.pdf || [Presidential Daily Backup] 1/10/1991 - Source: George H.W. Bush Library, Bush Presidential Records, White House Office of Appointments and Scheduling Files, Presidential Daily Diary and Presidential Daily Backup Materials, [Presidential Daily Backup] 1/10/1991. Access restriction: Restricted - Possibly. NAID 415891041. - Match basis: same-date Daily Diary/Backup folder. Query hit(s): Daily Backup. Digital object: 41-bpr-apts_sch-dd-01_10_91-12846-024_415891041.pdf. Catalog: https://catalog.archives.gov/id/415891041. - Catalog: https://catalog.archives.gov/id/415891041 - PDF: https://s3.amazonaws.com/NARAprodstorage/lz/presidential-libraries/bush/gb-whasf/Presidential_Daily_Diary_186322/1991/41-bpr-apts_sch-dd-01_10_91-12846-024_415891041.pdf",https://catalog.archives.gov/id/428081313,https://s3.us-east-1.amazonaws.com/NARAprodstorage/lz/presidential-libraries/bush/gb-nsc/321498139/1991-01-10--Ozal-1.pdf
3.030,Turkey,1991-01-10,Telcon,"Telephone Conversation with President Turgut Ozal of Turkey, January 10, 1991 (2 of 2)",George H. W. Bush; Turgut Ozal,Full,3,428081315,"Source: George H.W. Bush Library, Bush Presidential Records, National Security Council, Presidential Telcon Files, Telephone Conversation with President Turgut Ozal of Turkey, January 10, 1991 (2 of 2). Release status: Full. NAID 428081315.",PDF extent: 3 pages. Digital object: 1991-01-10--Ozal-2.pdf. Catalog: https://catalog.archives.gov/id/428081315.,"[Presidential Daily Diary] 1/10/1991 - Source: George H.W. Bush Library, Bush Presidential Records, White House Office of Appointments and Scheduling Files, Presidential Daily Diary and Presidential Daily Backup Materials, [Presidential Daily Diary] 1/10/1991. Access restriction: Restricted - Possibly. NAID 415891040. - Match basis: same-date Daily Diary/Backup folder. Query hit(s): Daily Diary. Digital object: 41-bpr-apts_sch-dd-01_10_91-12846-023_415891040.pdf. Catalog: https://catalog.archives.gov/id/415891040. - Catalog: https://catalog.archives.gov/id/415891040 - PDF: https://s3.amazonaws.com/NARAprodstorage/lz/presidential-libraries/bush/gb-whasf/Presidential_Daily_Diary_186322/1991/41-bpr-apts_sch-dd-01_10_91-12846-023_415891040.pdf || [Presidential Daily Backup] 1/10/1991 - Source: George H.W. Bush Library, Bush Presidential Records, White House Office of Appointments and Scheduling Files, Presidential Daily Diary and Presidential Daily Backup Materials, [Presidential Daily Backup] 1/10/1991. Access restriction: Restricted - Possibly. NAID 415891041. - Match basis: same-date Daily Diary/Backup folder. Query hit(s): Daily Backup. Digital object: 41-bpr-apts_sch-dd-01_10_91-12846-024_415891041.pdf. Catalog: https://catalog.archives.gov/id/415891041. - Catalog: https://catalog.archives.gov/id/415891041 - PDF: https://s3.amazonaws.com/NARAprodstorage/lz/presidential-libraries/bush/gb-whasf/Presidential_Daily_Diary_186322/1991/41-bpr-apts_sch-dd-01_10_91-12846-024_415891041.pdf",https://catalog.archives.gov/id/428081315,https://s3.us-east-1.amazonaws.com/NARAprodstorage/lz/presidential-libraries/bush/gb-nsc/321498139/1991-01-10--Ozal-2.pdf
3.031,Turkey,1991-01-16,No Telcon,"Telephone Call to Turgut Ozal, January 16, 1991",George H. W. Bush; Turgut Ozal,Marker / no memorandum listed,2,428081335,"Source: George H.W. Bush Library, Bush Presidential Records, National Security Council, Presidential Telcon Files, Telephone Call to Turgut Ozal, January 16, 1991. Release status: Marker / no memorandum listed. NAID 428081335.",PDF extent: 2 pages. Digital object: 1991-01-16--Ozal.pdf. Catalog: https://catalog.archives.gov/id/428081335.,"[Presidential Daily Diary] 1/16/1991 - Source: George H.W. Bush Library, Bush Presidential Records, White House Office of Appointments and Scheduling Files, Presidential Daily Diary and Presidential Daily Backup Materials, [Presidential Daily Diary] 1/16/1991. Access restriction: Restricted - Possibly. NAID 415891052. - Match basis: same-date Daily Diary/Backup folder. Query hit(s): Daily Diary. Digital object: 41-bpr-apts_sch-dd-01_16_91-12847-001_415891052.pdf. Catalog: https://catalog.archives.gov/id/415891052. - Catalog: https://catalog.archives.gov/id/415891052 - PDF: https://s3.amazonaws.com/NARAprodstorage/lz/presidential-libraries/bush/gb-whasf/Presidential_Daily_Diary_186322/1991/41-bpr-apts_sch-dd-01_16_91-12847-001_415891052.pdf || [Presidential Daily Backup] 1/16/1991 - Source: George H.W. Bush Library, Bush Presidential Records, White House Office of Appointments and Scheduling Files, Presidential Daily Diary and Presidential Daily Backup Materials, [Presidential Daily Backup] 1/16/1991. Access restriction: Restricted - Possibly. NAID 415891053. - Match basis: same-date Daily Diary/Backup folder. Query hit(s): Daily Backup. Digital object: 41-bpr-apts_sch-dd-01_16_91-12847-002_415891053.pdf. Catalog: https://catalog.archives.gov/id/415891053. - Catalog: https://catalog.archives.gov/id/415891053 - PDF: https://s3.amazonaws.com/NARAprodstorage/lz/presidential-libraries/bush/gb-whasf/Presidential_Daily_Diary_186322/1991/41-bpr-apts_sch-dd-01_16_91-12847-002_415891053.pdf",https://catalog.archives.gov/id/428081335,https://s3.us-east-1.amazonaws.com/NARAprodstorage/lz/presidential-libraries/bush/gb-nsc/321498139/1991-01-16--Ozal.pdf
3.032,Turkey,1991-01-21,Telcon,"Telephone Conversation with President Turgut Ozal of Turkey, January 21, 1991",George H. W. Bush; Turgut Ozal,Full,3,428081373,"Source: George H.W. Bush Library, Bush Presidential Records, National Security Council, Presidential Telcon Files, Telephone Conversation with President Turgut Ozal of Turkey, January 21, 1991. Release status: Full. NAID 428081373.",PDF extent: 3 pages. Digital object: 1991-01-21--Ozal.pdf. Catalog: https://catalog.archives.gov/id/428081373.,"President's Daily Diary Entry, January 21, 1991 - Source: George H.W. Bush Library, Bush Presidential Records, White House Office of Appointments and Scheduling Files, Presidential Daily Diary and Presidential Daily Backup Materials, President's Daily Diary Entry, January 21, 1991. Access restriction: Unrestricted. NAID 186327. - Match basis: same-date item-level Daily Diary description. Query hit(s): Turkey. Digital object: 40-1899a.gif. Catalog: https://catalog.archives.gov/id/186327. - Catalog: https://catalog.archives.gov/id/186327 - PDF: https://s3.amazonaws.com/NARAprodstorage/opastorage/live/27/1863/186327/content/arcmedia/media/images/40/19/40-1899a.gif || [Presidential Daily Diary] 1/21/1991 - Source: George H.W. Bush Library, Bush Presidential Records, White House Office of Appointments and Scheduling Files, Presidential Daily Diary and Presidential Daily Backup Materials, [Presidential Daily Diary] 1/21/1991. Access restriction: Restricted - Possibly. NAID 415891062. - Match basis: same-date Daily Diary/Backup folder. Query hit(s): Daily Diary. Digital object: 40-1899a.gif. Catalog: https://catalog.archives.gov/id/415891062. - Catalog: https://catalog.archives.gov/id/415891062 - PDF: https://s3.amazonaws.com/NARAprodstorage/opastorage/live/27/1863/186327/content/arcmedia/media/images/40/19/40-1899a.gif || [Presidential Daily Backup] 1/21/1991 - Source: George H.W. Bush Library, Bush Presidential Records, White House Office of Appointments and Scheduling Files, Presidential Daily Diary and Presidential Daily Backup Materials, [Presidential Daily Backup] 1/21/1991. Access restriction: Restricted - Possibly. NAID 415891063. - Match basis: same-date Daily Diary/Backup folder. Query hit(s): Daily Backup. Digital object: 41-bpr-apts_sch-dd-01_21_91-12847-012_415891063.pdf. Catalog: https://catalog.archives.gov/id/415891063. - Catalog: https://catalog.archives.gov/id/415891063 - PDF: https://s3.amazonaws.com/NARAprodstorage/lz/presidential-libraries/bush/gb-whasf/Presidential_Daily_Diary_186322/1991/41-bpr-apts_sch-dd-01_21_91-12847-012_415891063.pdf",https://catalog.archives.gov/id/428081373,https://s3.us-east-1.amazonaws.com/NARAprodstorage/lz/presidential-libraries/bush/gb-nsc/321498139/1991-01-21--Ozal.pdf
3.033,Turkey,1991-01-30,Telcon,"Telephone Conversation with President Turgut Ozal of Turkey, January 30, 1991",George H. W. Bush; Turgut Ozal,Full,4,428081401,"Source: George H.W. Bush Library, Bush Presidential Records, National Security Council, Presidential Telcon Files, Telephone Conversation with President Turgut Ozal of Turkey, January 30, 1991. Release status: Full. NAID 428081401.",PDF extent: 4 pages. Digital object: 1991-01-30--Ozal.pdf. Catalog: https://catalog.archives.gov/id/428081401.,"President's Daily Diary Entry, January 30, 1991 - Source: George H.W. Bush Library, Bush Presidential Records, White House Office of Appointments and Scheduling Files, Presidential Daily Diary and Presidential Daily Backup Materials, President's Daily Diary Entry, January 30, 1991. Access restriction: Unrestricted. NAID 186336. - Match basis: same-date item-level Daily Diary description. Query hit(s): Ozal, Samaras, Greece. Digital object: 40-1983a.gif. Catalog: https://catalog.archives.gov/id/186336. - Catalog: https://catalog.archives.gov/id/186336 - PDF: https://s3.amazonaws.com/NARAprodstorage/opastorage/live/36/1863/186336/content/arcmedia/media/images/40/20/40-1983a.gif || [Presidential Daily Diary] 1/30/1991 - Source: George H.W. Bush Library, Bush Presidential Records, White House Office of Appointments and Scheduling Files, Presidential Daily Diary and Presidential Daily Backup Materials, [Presidential Daily Diary] 1/30/1991. Access restriction: Restricted - Possibly. NAID 415891080. - Match basis: same-date Daily Diary/Backup folder. Query hit(s): Daily Diary. Digital object: 40-1983a.gif. Catalog: https://catalog.archives.gov/id/415891080. - Catalog: https://catalog.archives.gov/id/415891080 - PDF: https://s3.amazonaws.com/NARAprodstorage/opastorage/live/36/1863/186336/content/arcmedia/media/images/40/20/40-1983a.gif || [Presidential Daily Backup] 1/30/1991 - Source: George H.W. Bush Library, Bush Presidential Records, White House Office of Appointments and Scheduling Files, Presidential Daily Diary and Presidential Daily Backup Materials, [Presidential Daily Backup] 1/30/1991. Access restriction: Restricted - Possibly. NAID 415891081. - Match basis: same-date Daily Diary/Backup folder. Query hit(s): Daily Backup. Digital object: 41-bpr-apts_sch-dd-01_30_91-12847-030_415891081.pdf. Catalog: https://catalog.archives.gov/id/415891081. - Catalog: https://catalog.archives.gov/id/415891081 - PDF: https://s3.amazonaws.com/NARAprodstorage/lz/presidential-libraries/bush/gb-whasf/Presidential_Daily_Diary_186322/1991/41-bpr-apts_sch-dd-01_30_91-12847-030_415891081.pdf",https://catalog.archives.gov/id/428081401,https://s3.us-east-1.amazonaws.com/NARAprodstorage/lz/presidential-libraries/bush/gb-nsc/321498139/1991-01-30--Ozal.pdf
3.034,Turkey,1991-02-05,Telcon,"Telephone Conversation with President Turgut Ozal of Turkey, February 5, 1991",George H. W. Bush; Turgut Ozal,Full,4,428081419,"Source: George H.W. Bush Library, Bush Presidential Records, National Security Council, Presidential Telcon Files, Telephone Conversation with President Turgut Ozal of Turkey, February 5, 1991. Release status: Full. NAID 428081419.",PDF extent: 4 pages. Digital object: 1991-02-05--Ozal.pdf. Catalog: https://catalog.archives.gov/id/428081419.,"President's Daily Diary Entry, February 5, 1991 - Source: George H.W. Bush Library, Bush Presidential Records, White House Office of Appointments and Scheduling Files, Presidential Daily Diary and Presidential Daily Backup Materials, President's Daily Diary Entry, February 5, 1991. Access restriction: Unrestricted. NAID 186342. - Match basis: same-date item-level Daily Diary description. Query hit(s): Ozal, Turkey. Digital object: 40-2053a.gif. Catalog: https://catalog.archives.gov/id/186342. - Catalog: https://catalog.archives.gov/id/186342 - PDF: https://s3.amazonaws.com/NARAprodstorage/opastorage/live/42/1863/186342/content/arcmedia/media/images/40/21/40-2053a.gif || [Presidential Daily Diary] 2/5/1991 - Source: George H.W. Bush Library, Bush Presidential Records, White House Office of Appointments and Scheduling Files, Presidential Daily Diary and Presidential Daily Backup Materials, [Presidential Daily Diary] 2/5/1991. Access restriction: Restricted - Possibly. NAID 415891092. - Match basis: same-date Daily Diary/Backup folder. Query hit(s): Daily Diary. Digital object: 40-2053a.gif. Catalog: https://catalog.archives.gov/id/415891092. - Catalog: https://catalog.archives.gov/id/415891092 - PDF: https://s3.amazonaws.com/NARAprodstorage/opastorage/live/42/1863/186342/content/arcmedia/media/images/40/21/40-2053a.gif || [Presidential Daily Backup] 2/5/1991 - Source: George H.W. Bush Library, Bush Presidential Records, White House Office of Appointments and Scheduling Files, Presidential Daily Diary and Presidential Daily Backup Materials, [Presidential Daily Backup] 2/5/1991. Access restriction: Restricted - Possibly. NAID 415891093. - Match basis: same-date Daily Diary/Backup folder. Query hit(s): Daily Backup. Digital object: 41-bpr-apts_sch-dd-02_05_91-12848-010_415891093.pdf. Catalog: https://catalog.archives.gov/id/415891093. - Catalog: https://catalog.archives.gov/id/415891093 - PDF: https://s3.amazonaws.com/NARAprodstorage/lz/presidential-libraries/bush/gb-whasf/Presidential_Daily_Diary_186322/1991/41-bpr-apts_sch-dd-02_05_91-12848-010_415891093.pdf",https://catalog.archives.gov/id/428081419,https://s3.us-east-1.amazonaws.com/NARAprodstorage/lz/presidential-libraries/bush/gb-nsc/321498139/1991-02-05--Ozal.pdf
3.035,Turkey,1991-02-15,Telcon,"Telephone Conversation with President Turgut Ozal of Turkey, February 15, 1991",George H. W. Bush; Turgut Ozal,Full,4,428081459,"Source: George H.W. Bush Library, Bush Presidential Records, National Security Council, Presidential Telcon Files, Telephone Conversation with President Turgut Ozal of Turkey, February 15, 1991. Release status: Full. NAID 428081459.",PDF extent: 4 pages. Digital object: 1991-02-15--Ozal.pdf. Catalog: https://catalog.archives.gov/id/428081459.,"[Presidential Daily Diary] 2/15/1991 - Source: George H.W. Bush Library, Bush Presidential Records, White House Office of Appointments and Scheduling Files, Presidential Daily Diary and Presidential Daily Backup Materials, [Presidential Daily Diary] 2/15/1991. Access restriction: Restricted - Possibly. NAID 415891112. - Match basis: same-date Daily Diary/Backup folder. Query hit(s): Daily Diary. Digital object: 40-2152a.gif. Catalog: https://catalog.archives.gov/id/415891112. - Catalog: https://catalog.archives.gov/id/415891112 - PDF: https://s3.amazonaws.com/NARAprodstorage/opastorage/live/52/1863/186352/content/arcmedia/media/images/40/22/40-2152a.gif || [Presidential Daily Backup] 2/15/1991 - Source: George H.W. Bush Library, Bush Presidential Records, White House Office of Appointments and Scheduling Files, Presidential Daily Diary and Presidential Daily Backup Materials, [Presidential Daily Backup] 2/15/1991. Access restriction: Restricted - Possibly. NAID 415891113. - Match basis: same-date Daily Diary/Backup folder. Query hit(s): Daily Backup. Digital object: 41-bpr-apts_sch-dd-02_15_91-12849-002_415891113.pdf. Catalog: https://catalog.archives.gov/id/415891113. - Catalog: https://catalog.archives.gov/id/415891113 - PDF: https://s3.amazonaws.com/NARAprodstorage/lz/presidential-libraries/bush/gb-whasf/Presidential_Daily_Diary_186322/1991/41-bpr-apts_sch-dd-02_15_91-12849-002_415891113.pdf",https://catalog.archives.gov/id/428081459,https://s3.us-east-1.amazonaws.com/NARAprodstorage/lz/presidential-libraries/bush/gb-nsc/321498139/1991-02-15--Ozal.pdf
3.036,Turkey,1991-02-19,Telcon,"Telcon with President Turgut Ozal of Turkey on February 19, 1991",George H. W. Bush; Turgut Ozal,Full,4,428081469,"Source: George H.W. Bush Library, Bush Presidential Records, National Security Council, Presidential Telcon Files, Telcon with President Turgut Ozal of Turkey on February 19, 1991. Release status: Full. NAID 428081469.",PDF extent: 4 pages. Digital object: 1991-02-19--Ozal.pdf. Catalog: https://catalog.archives.gov/id/428081469.,"[Presidential Daily Diary] 2/19/1991 - Source: George H.W. Bush Library, Bush Presidential Records, White House Office of Appointments and Scheduling Files, Presidential Daily Diary and Presidential Daily Backup Materials, [Presidential Daily Diary] 2/19/1991. Access restriction: Restricted - Possibly. NAID 415891120. - Match basis: same-date Daily Diary/Backup folder. Query hit(s): Daily Diary. Digital object: 40-2184a.gif. Catalog: https://catalog.archives.gov/id/415891120. - Catalog: https://catalog.archives.gov/id/415891120 - PDF: https://s3.amazonaws.com/NARAprodstorage/opastorage/live/56/1863/186356/content/arcmedia/media/images/40/22/40-2184a.gif || [Presidential Daily Backup] 2/19/1991 - Source: George H.W. Bush Library, Bush Presidential Records, White House Office of Appointments and Scheduling Files, Presidential Daily Diary and Presidential Daily Backup Materials, [Presidential Daily Backup] 2/19/1991. Access restriction: Restricted - Possibly. NAID 415891121. - Match basis: same-date Daily Diary/Backup folder. Query hit(s): Daily Backup. Digital object: 41-bpr-apts_sch-dd-02_19_91-12849-010_415891121.pdf. Catalog: https://catalog.archives.gov/id/415891121. - Catalog: https://catalog.archives.gov/id/415891121 - PDF: https://s3.amazonaws.com/NARAprodstorage/lz/presidential-libraries/bush/gb-whasf/Presidential_Daily_Diary_186322/1991/41-bpr-apts_sch-dd-02_19_91-12849-010_415891121.pdf",https://catalog.archives.gov/id/428081469,https://s3.us-east-1.amazonaws.com/NARAprodstorage/lz/presidential-libraries/bush/gb-nsc/321498139/1991-02-19--Ozal.pdf
3.037,Turkey,1991-02-23,Telcon,"Telephone Conversation with President Turgut Ozal of Turkey: February 23, 1991",George H. W. Bush; Turgut Ozal,Full,3,428081499,"Source: George H.W. Bush Library, Bush Presidential Records, National Security Council, Presidential Telcon Files, Telephone Conversation with President Turgut Ozal of Turkey: February 23, 1991. Release status: Full. NAID 428081499.",PDF extent: 3 pages. Digital object: 1991-02-23--Ozal.pdf. Catalog: https://catalog.archives.gov/id/428081499.,"[Presidential Daily Diary] 2/23/1991 - Source: George H.W. Bush Library, Bush Presidential Records, White House Office of Appointments and Scheduling Files, Presidential Daily Diary and Presidential Daily Backup Materials, [Presidential Daily Diary] 2/23/1991. Access restriction: Restricted - Possibly. NAID 415891128. - Match basis: same-date Daily Diary/Backup folder. Query hit(s): Daily Diary. Digital object: 41-bpr-apts_sch-dd-02_23_91-12849-017_415891128.pdf. Catalog: https://catalog.archives.gov/id/415891128. - Catalog: https://catalog.archives.gov/id/415891128 - PDF: https://s3.amazonaws.com/NARAprodstorage/lz/presidential-libraries/bush/gb-whasf/Presidential_Daily_Diary_186322/1991/41-bpr-apts_sch-dd-02_23_91-12849-017_415891128.pdf || [Presidential Daily Backup] 2/23/1991 - Source: George H.W. Bush Library, Bush Presidential Records, White House Office of Appointments and Scheduling Files, Presidential Daily Diary and Presidential Daily Backup Materials, [Presidential Daily Backup] 2/23/1991. Access restriction: Restricted - Possibly. NAID 415891129. - Match basis: same-date Daily Diary/Backup folder. Query hit(s): Daily Backup. Digital object: 41-bpr-apts_sch-dd-02_23_91-12849-018_415891129.pdf. Catalog: https://catalog.archives.gov/id/415891129. - Catalog: https://catalog.archives.gov/id/415891129 - PDF: https://s3.amazonaws.com/NARAprodstorage/lz/presidential-libraries/bush/gb-whasf/Presidential_Daily_Diary_186322/1991/41-bpr-apts_sch-dd-02_23_91-12849-018_415891129.pdf",https://catalog.archives.gov/id/428081499,https://s3.us-east-1.amazonaws.com/NARAprodstorage/lz/presidential-libraries/bush/gb-nsc/321498139/1991-02-23--Ozal.pdf
3.038,Turkey,1991-02-26,Telcon,"Telcon with Turgut Ozal, President of Turkey on February 26, 1991",George H. W. Bush; Turgut Ozal,Full,6,428081505,"Source: George H.W. Bush Library, Bush Presidential Records, National Security Council, Presidential Telcon Files, Telcon with Turgut Ozal, President of Turkey on February 26, 1991. Release status: Full. NAID 428081505.",PDF extent: 6 pages. Digital object: 1991-02-26--Ozal.pdf. Catalog: https://catalog.archives.gov/id/428081505.,"[Presidential Daily Diary] 2/26/1991 - Source: George H.W. Bush Library, Bush Presidential Records, White House Office of Appointments and Scheduling Files, Presidential Daily Diary and Presidential Daily Backup Materials, [Presidential Daily Diary] 2/26/1991. Access restriction: Restricted - Possibly. NAID 415891134. - Match basis: same-date Daily Diary/Backup folder. Query hit(s): Daily Diary. Digital object: 40-2260a.gif. Catalog: https://catalog.archives.gov/id/415891134. - Catalog: https://catalog.archives.gov/id/415891134 - PDF: https://s3.amazonaws.com/NARAprodstorage/opastorage/live/62/1863/186362/content/arcmedia/media/images/40/23/40-2260a.gif || [Presidential Daily Backup] 2/26/1991 - Source: George H.W. Bush Library, Bush Presidential Records, White House Office of Appointments and Scheduling Files, Presidential Daily Diary and Presidential Daily Backup Materials, [Presidential Daily Backup] 2/26/1991. Access restriction: Restricted - Possibly. NAID 415891135. - Match basis: same-date Daily Diary/Backup folder. Query hit(s): Daily Backup. Digital object: 41-bpr-apts_sch-dd-02_26_91-12850-002_415891135.pdf. Catalog: https://catalog.archives.gov/id/415891135. - Catalog: https://catalog.archives.gov/id/415891135 - PDF: https://s3.amazonaws.com/NARAprodstorage/lz/presidential-libraries/bush/gb-whasf/Presidential_Daily_Diary_186322/1991/41-bpr-apts_sch-dd-02_26_91-12850-002_415891135.pdf",https://catalog.archives.gov/id/428081505,https://s3.us-east-1.amazonaws.com/NARAprodstorage/lz/presidential-libraries/bush/gb-nsc/321498139/1991-02-26--Ozal.pdf
3.039,Turkey,1991-02-28,Telcon,"Telephone Conversation with President Turgut Ozal of Turkey, February 28, 1991",George H. W. Bush; Turgut Ozal,Full,4,428081555,"Source: George H.W. Bush Library, Bush Presidential Records, National Security Council, Presidential Telcon Files, Telephone Conversation with President Turgut Ozal of Turkey, February 28, 1991. Release status: Full. NAID 428081555.",PDF extent: 4 pages. Digital object: 1991-02-28--Ozal.pdf. Catalog: https://catalog.archives.gov/id/428081555.,"[Presidential Daily Diary] 2/28/1991 - Source: George H.W. Bush Library, Bush Presidential Records, White House Office of Appointments and Scheduling Files, Presidential Daily Diary and Presidential Daily Backup Materials, [Presidential Daily Diary] 2/28/1991. Access restriction: Restricted - Possibly. NAID 415891138. - Match basis: same-date Daily Diary/Backup folder. Query hit(s): Daily Diary. Digital object: 41-bpr-apts_sch-dd-02_28_91-12850-005_415891138.pdf. Catalog: https://catalog.archives.gov/id/415891138. - Catalog: https://catalog.archives.gov/id/415891138 - PDF: https://s3.amazonaws.com/NARAprodstorage/lz/presidential-libraries/bush/gb-whasf/Presidential_Daily_Diary_186322/1991/41-bpr-apts_sch-dd-02_28_91-12850-005_415891138.pdf || [Presidential Daily Backup] 2/28/1991 - Source: George H.W. Bush Library, Bush Presidential Records, White House Office of Appointments and Scheduling Files, Presidential Daily Diary and Presidential Daily Backup Materials, [Presidential Daily Backup] 2/28/1991. Access restriction: Restricted - Possibly. NAID 415891139. - Match basis: same-date Daily Diary/Backup folder. Query hit(s): Daily Backup. Digital object: 41-bpr-apts_sch-dd-02_28_91-12850-006_415891139.pdf. Catalog: https://catalog.archives.gov/id/415891139. - Catalog: https://catalog.archives.gov/id/415891139 - PDF: https://s3.amazonaws.com/NARAprodstorage/lz/presidential-libraries/bush/gb-whasf/Presidential_Daily_Diary_186322/1991/41-bpr-apts_sch-dd-02_28_91-12850-006_415891139.pdf",https://catalog.archives.gov/id/428081555,https://s3.us-east-1.amazonaws.com/NARAprodstorage/lz/presidential-libraries/bush/gb-nsc/321498139/1991-02-28--Ozal.pdf
3.040,Turkey,1991-03-27,No Telcon,"Telephone Call from Turgut Ozal, March 27, 1991",George H. W. Bush; Turgut Ozal,Marker / no memorandum listed,2,428081553,"Source: George H.W. Bush Library, Bush Presidential Records, National Security Council, Presidential Telcon Files, Telephone Call from Turgut Ozal, March 27, 1991. Release status: Marker / no memorandum listed. NAID 428081553.",PDF extent: 2 pages. Digital object: 1991-03-27--Ozal.pdf. Catalog: https://catalog.archives.gov/id/428081553.,"[Presidential Daily Diary] 3/27/1991 - Source: George H.W. Bush Library, Bush Presidential Records, White House Office of Appointments and Scheduling Files, Presidential Daily Diary and Presidential Daily Backup Materials, [Presidential Daily Diary] 3/27/1991. Access restriction: Restricted - Possibly. NAID 415891192. - Match basis: same-date Daily Diary/Backup folder. Query hit(s): Daily Diary. Digital object: 41-bpr-apts_sch-dd-03_27_91-12852-015_415891192.pdf. Catalog: https://catalog.archives.gov/id/415891192. - Catalog: https://catalog.archives.gov/id/415891192 - PDF: https://s3.amazonaws.com/NARAprodstorage/lz/presidential-libraries/bush/gb-whasf/Presidential_Daily_Diary_186322/1991/41-bpr-apts_sch-dd-03_27_91-12852-015_415891192.pdf || [Presidential Daily Backup] 3/27/1991 - Source: George H.W. Bush Library, Bush Presidential Records, White House Office of Appointments and Scheduling Files, Presidential Daily Diary and Presidential Daily Backup Materials, [Presidential Daily Backup] 3/27/1991. Access restriction: Restricted - Possibly. NAID 415891193. - Match basis: same-date Daily Diary/Backup folder. Query hit(s): Daily Backup. Digital object: 41-bpr-apts_sch-dd-03_27_91-12852-016_415891193.pdf. Catalog: https://catalog.archives.gov/id/415891193. - Catalog: https://catalog.archives.gov/id/415891193 - PDF: https://s3.amazonaws.com/NARAprodstorage/lz/presidential-libraries/bush/gb-whasf/Presidential_Daily_Diary_186322/1991/41-bpr-apts_sch-dd-03_27_91-12852-016_415891193.pdf",https://catalog.archives.gov/id/428081553,https://s3.us-east-1.amazonaws.com/NARAprodstorage/lz/presidential-libraries/bush/gb-nsc/321498139/1991-03-27--Ozal.pdf
3.041,Turkey,1991-04-02,Telcon,"Telcon with Turgut Ozal, President of Turkey on April 2, 1991",George H. W. Bush; Turgut Ozal,Full,3,428081593,"Source: George H.W. Bush Library, Bush Presidential Records, National Security Council, Presidential Telcon Files, Telcon with Turgut Ozal, President of Turkey on April 2, 1991. Release status: Full. NAID 428081593.",PDF extent: 3 pages. Digital object: 1991-04-02--Ozal.pdf. Catalog: https://catalog.archives.gov/id/428081593.,"[Presidential Daily Diary] 4/2/1991 - Source: George H.W. Bush Library, Bush Presidential Records, White House Office of Appointments and Scheduling Files, Presidential Daily Diary and Presidential Daily Backup Materials, [Presidential Daily Diary] 4/2/1991. Access restriction: Restricted - Possibly. NAID 415891204. - Match basis: same-date Daily Diary/Backup folder. Query hit(s): Daily Diary. Digital object: 41-bpr-apts_sch-dd-04_02_91-12852-027_415891204.pdf. Catalog: https://catalog.archives.gov/id/415891204. - Catalog: https://catalog.archives.gov/id/415891204 - PDF: https://s3.amazonaws.com/NARAprodstorage/lz/presidential-libraries/bush/gb-whasf/Presidential_Daily_Diary_186322/1991/41-bpr-apts_sch-dd-04_02_91-12852-027_415891204.pdf || [Presidential Daily Backup] 4/2/1991 - Source: George H.W. Bush Library, Bush Presidential Records, White House Office of Appointments and Scheduling Files, Presidential Daily Diary and Presidential Daily Backup Materials, [Presidential Daily Backup] 4/2/1991. Access restriction: Restricted - Possibly. NAID 415891205. - Match basis: same-date Daily Diary/Backup folder. Query hit(s): Daily Backup. Digital object: 41-bpr-apts_sch-dd-04_02_91-12852-028_415891205.pdf. Catalog: https://catalog.archives.gov/id/415891205. - Catalog: https://catalog.archives.gov/id/415891205 - PDF: https://s3.amazonaws.com/NARAprodstorage/lz/presidential-libraries/bush/gb-whasf/Presidential_Daily_Diary_186322/1991/41-bpr-apts_sch-dd-04_02_91-12852-028_415891205.pdf",https://catalog.archives.gov/id/428081593,https://s3.us-east-1.amazonaws.com/NARAprodstorage/lz/presidential-libraries/bush/gb-nsc/321498139/1991-04-02--Ozal.pdf
3.042,Turkey,1991-04-15,Telcon,"Telcon with Turgut Ozal,President of Turkey on April 15, 1991",George H. W. Bush; Turgut Ozal,Full,5,428081603,"Source: George H.W. Bush Library, Bush Presidential Records, National Security Council, Presidential Telcon Files, Telcon with Turgut Ozal,President of Turkey on April 15, 1991. Release status: Full. NAID 428081603.",PDF extent: 5 pages. Digital object: 1991-04-15--Ozal.pdf. Catalog: https://catalog.archives.gov/id/428081603.,"[Presidential Daily Diary] 4/15/1991 - Source: George H.W. Bush Library, Bush Presidential Records, White House Office of Appointments and Scheduling Files, Presidential Daily Diary and Presidential Daily Backup Materials, [Presidential Daily Diary] 4/15/1991. Access restriction: Restricted - Possibly. NAID 415891230. - Match basis: same-date Daily Diary/Backup folder. Query hit(s): Daily Diary. Digital object: 41-bpr-apts_sch-dd-04_15_91-12854-011_415891230.pdf. Catalog: https://catalog.archives.gov/id/415891230. - Catalog: https://catalog.archives.gov/id/415891230 - PDF: https://s3.amazonaws.com/NARAprodstorage/lz/presidential-libraries/bush/gb-whasf/Presidential_Daily_Diary_186322/1991/41-bpr-apts_sch-dd-04_15_91-12854-011_415891230.pdf || [Presidential Daily Backup] 4/15/1991 - Source: George H.W. Bush Library, Bush Presidential Records, White House Office of Appointments and Scheduling Files, Presidential Daily Diary and Presidential Daily Backup Materials, [Presidential Daily Backup] 4/15/1991. Access restriction: Restricted - Possibly. NAID 415891231. - Match basis: same-date Daily Diary/Backup folder. Query hit(s): Daily Backup. Digital object: 41-bpr-apts_sch-dd-04_15_91-12854-012_415891231.pdf. Catalog: https://catalog.archives.gov/id/415891231. - Catalog: https://catalog.archives.gov/id/415891231 - PDF: https://s3.amazonaws.com/NARAprodstorage/lz/presidential-libraries/bush/gb-whasf/Presidential_Daily_Diary_186322/1991/41-bpr-apts_sch-dd-04_15_91-12854-012_415891231.pdf",https://catalog.archives.gov/id/428081603,https://s3.us-east-1.amazonaws.com/NARAprodstorage/lz/presidential-libraries/bush/gb-nsc/321498139/1991-04-15--Ozal.pdf
3.043,Turkey,1991-04-16,Telcon,"Presidential Call to President Ozal, April 16, 1991 (2 of 2)",George H. W. Bush; Turgut Ozal,Denied,1,428081617,"Source: George H.W. Bush Library, Bush Presidential Records, National Security Council, Presidential Telcon Files, Presidential Call to President Ozal, April 16, 1991 (2 of 2). Release status: Denied. NAID 428081617.",PDF extent: 1 pages. Digital object: 1991-04-16--Ozal-2.pdf. Catalog: https://catalog.archives.gov/id/428081617.,"[Presidential Daily Diary] 4/16/1991 - Source: George H.W. Bush Library, Bush Presidential Records, White House Office of Appointments and Scheduling Files, Presidential Daily Diary and Presidential Daily Backup Materials, [Presidential Daily Diary] 4/16/1991. Access restriction: Restricted - Possibly. NAID 415891232. - Match basis: same-date Daily Diary/Backup folder. Query hit(s): Daily Diary. Digital object: 41-bpr-apts_sch-dd-04_16_91-12854-013_415891232.pdf. Catalog: https://catalog.archives.gov/id/415891232. - Catalog: https://catalog.archives.gov/id/415891232 - PDF: https://s3.amazonaws.com/NARAprodstorage/lz/presidential-libraries/bush/gb-whasf/Presidential_Daily_Diary_186322/1991/41-bpr-apts_sch-dd-04_16_91-12854-013_415891232.pdf || [Presidential Daily Backup] 4/16/1991 - Source: George H.W. Bush Library, Bush Presidential Records, White House Office of Appointments and Scheduling Files, Presidential Daily Diary and Presidential Daily Backup Materials, [Presidential Daily Backup] 4/16/1991. Access restriction: Restricted - Possibly. NAID 415891233. - Match basis: same-date Daily Diary/Backup folder. Query hit(s): Daily Backup. Digital object: 41-bpr-apts_sch-dd-04_16_91-12854-014_415891233.pdf. Catalog: https://catalog.archives.gov/id/415891233. - Catalog: https://catalog.archives.gov/id/415891233 - PDF: https://s3.amazonaws.com/NARAprodstorage/lz/presidential-libraries/bush/gb-whasf/Presidential_Daily_Diary_186322/1991/41-bpr-apts_sch-dd-04_16_91-12854-014_415891233.pdf",https://catalog.archives.gov/id/428081617,https://s3.us-east-1.amazonaws.com/NARAprodstorage/lz/presidential-libraries/bush/gb-nsc/321498139/1991-04-16--Ozal-2.pdf
3.044,Turkey,1991-04-16,Telcon,"Telcon with President Ozal of Turkey on April 16, 1991 (1 of 2)",George H. W. Bush; Turgut Ozal,Full,4,428081615,"Source: George H.W. Bush Library, Bush Presidential Records, National Security Council, Presidential Telcon Files, Telcon with President Ozal of Turkey on April 16, 1991 (1 of 2). Release status: Full. NAID 428081615.",PDF extent: 4 pages. Digital object: 1991-04-16--Ozal-1.pdf. Catalog: https://catalog.archives.gov/id/428081615.,"[Presidential Daily Diary] 4/16/1991 - Source: George H.W. Bush Library, Bush Presidential Records, White House Office of Appointments and Scheduling Files, Presidential Daily Diary and Presidential Daily Backup Materials, [Presidential Daily Diary] 4/16/1991. Access restriction: Restricted - Possibly. NAID 415891232. - Match basis: same-date Daily Diary/Backup folder. Query hit(s): Daily Diary. Digital object: 41-bpr-apts_sch-dd-04_16_91-12854-013_415891232.pdf. Catalog: https://catalog.archives.gov/id/415891232. - Catalog: https://catalog.archives.gov/id/415891232 - PDF: https://s3.amazonaws.com/NARAprodstorage/lz/presidential-libraries/bush/gb-whasf/Presidential_Daily_Diary_186322/1991/41-bpr-apts_sch-dd-04_16_91-12854-013_415891232.pdf || [Presidential Daily Backup] 4/16/1991 - Source: George H.W. Bush Library, Bush Presidential Records, White House Office of Appointments and Scheduling Files, Presidential Daily Diary and Presidential Daily Backup Materials, [Presidential Daily Backup] 4/16/1991. Access restriction: Restricted - Possibly. NAID 415891233. - Match basis: same-date Daily Diary/Backup folder. Query hit(s): Daily Backup. Digital object: 41-bpr-apts_sch-dd-04_16_91-12854-014_415891233.pdf. Catalog: https://catalog.archives.gov/id/415891233. - Catalog: https://catalog.archives.gov/id/415891233 - PDF: https://s3.amazonaws.com/NARAprodstorage/lz/presidential-libraries/bush/gb-whasf/Presidential_Daily_Diary_186322/1991/41-bpr-apts_sch-dd-04_16_91-12854-014_415891233.pdf",https://catalog.archives.gov/id/428081615,https://s3.us-east-1.amazonaws.com/NARAprodstorage/lz/presidential-libraries/bush/gb-nsc/321498139/1991-04-16--Ozal-1.pdf
3.045,Turkey,1991-04-20,Telcon,"Telcon with President Ozal of Turkey, April 20, 1991",George H. W. Bush; Turgut Ozal,Full,3,428081651,"Source: George H.W. Bush Library, Bush Presidential Records, National Security Council, Presidential Telcon Files, Telcon with President Ozal of Turkey, April 20, 1991. Release status: Full. NAID 428081651.",PDF extent: 3 pages. Digital object: 1991-04-20--Ozal.pdf. Catalog: https://catalog.archives.gov/id/428081651.,"[Presidential Daily Diary] 4/20/1991 - Source: George H.W. Bush Library, Bush Presidential Records, White House Office of Appointments and Scheduling Files, Presidential Daily Diary and Presidential Daily Backup Materials, [Presidential Daily Diary] 4/20/1991. Access restriction: Restricted - Possibly. NAID 415891240. - Match basis: same-date Daily Diary/Backup folder. Query hit(s): Daily Diary. Digital object: 41-bpr-apts_sch-dd-04_20_91-12855-001_415891240.pdf. Catalog: https://catalog.archives.gov/id/415891240. - Catalog: https://catalog.archives.gov/id/415891240 - PDF: https://s3.amazonaws.com/NARAprodstorage/lz/presidential-libraries/bush/gb-whasf/Presidential_Daily_Diary_186322/1991/41-bpr-apts_sch-dd-04_20_91-12855-001_415891240.pdf || [Presidential Daily Backup] 4/20/1991 - Source: George H.W. Bush Library, Bush Presidential Records, White House Office of Appointments and Scheduling Files, Presidential Daily Diary and Presidential Daily Backup Materials, [Presidential Daily Backup] 4/20/1991. Access restriction: Restricted - Possibly. NAID 415891241. - Match basis: same-date Daily Diary/Backup folder. Query hit(s): Daily Backup. Digital object: 41-bpr-apts_sch-dd-04_20_91-12855-002_415891241.pdf. Catalog: https://catalog.archives.gov/id/415891241. - Catalog: https://catalog.archives.gov/id/415891241 - PDF: https://s3.amazonaws.com/NARAprodstorage/lz/presidential-libraries/bush/gb-whasf/Presidential_Daily_Diary_186322/1991/41-bpr-apts_sch-dd-04_20_91-12855-002_415891241.pdf",https://catalog.archives.gov/id/428081651,https://s3.us-east-1.amazonaws.com/NARAprodstorage/lz/presidential-libraries/bush/gb-nsc/321498139/1991-04-20--Ozal.pdf
3.046,Turkey,1991-05-07,No Telcon,"Telephone Call to Turgut Ozal, May 7, 1991",George H. W. Bush; Turgut Ozal,Marker / no memorandum listed,2,428081649,"Source: George H.W. Bush Library, Bush Presidential Records, National Security Council, Presidential Telcon Files, Telephone Call to Turgut Ozal, May 7, 1991. Release status: Marker / no memorandum listed. NAID 428081649.",PDF extent: 2 pages. Digital object: 1991-05-07--Ozal.pdf. Catalog: https://catalog.archives.gov/id/428081649.,"[Presidential Daily Diary] 5/7/1991 - Source: George H.W. Bush Library, Bush Presidential Records, White House Office of Appointments and Scheduling Files, Presidential Daily Diary and Presidential Daily Backup Materials, [Presidential Daily Diary] 5/7/1991. Access restriction: Restricted - Possibly. NAID 415891274. - Match basis: same-date Daily Diary/Backup folder. Query hit(s): Daily Diary. Digital object: 41-bpr-apts_sch-dd-05_07_91-12856-013_415891274.pdf. Catalog: https://catalog.archives.gov/id/415891274. - Catalog: https://catalog.archives.gov/id/415891274 - PDF: https://s3.amazonaws.com/NARAprodstorage/lz/presidential-libraries/bush/gb-whasf/Presidential_Daily_Diary_186322/1991/41-bpr-apts_sch-dd-05_07_91-12856-013_415891274.pdf || [Presidential Daily Backup] 5/7/1991 - Source: George H.W. Bush Library, Bush Presidential Records, White House Office of Appointments and Scheduling Files, Presidential Daily Diary and Presidential Daily Backup Materials, [Presidential Daily Backup] 5/7/1991. Access restriction: Restricted - Possibly. NAID 415891275. - Match basis: same-date Daily Diary/Backup folder. Query hit(s): Daily Backup. Digital object: 41-bpr-apts_sch-dd-05_07_91-12856-014_415891275.pdf. Catalog: https://catalog.archives.gov/id/415891275. - Catalog: https://catalog.archives.gov/id/415891275 - PDF: https://s3.amazonaws.com/NARAprodstorage/lz/presidential-libraries/bush/gb-whasf/Presidential_Daily_Diary_186322/1991/41-bpr-apts_sch-dd-05_07_91-12856-014_415891275.pdf",https://catalog.archives.gov/id/428081649,https://s3.us-east-1.amazonaws.com/NARAprodstorage/lz/presidential-libraries/bush/gb-nsc/321498139/1991-05-07--Ozal.pdf
3.047,Turkey,1991-06-04,Telcon,"Telcon with Turgut Ozal, President of Turkey on June 4, 1991",George H. W. Bush; Turgut Ozal,Full,5,428081713,"Source: George H.W. Bush Library, Bush Presidential Records, National Security Council, Presidential Telcon Files, Telcon with Turgut Ozal, President of Turkey on June 4, 1991. Release status: Full. NAID 428081713.",PDF extent: 5 pages. Digital object: 1991-06-04--Ozal.pdf. Catalog: https://catalog.archives.gov/id/428081713.,"[Presidential Daily Diary] 6/4/1991 - Source: George H.W. Bush Library, Bush Presidential Records, White House Office of Appointments and Scheduling Files, Presidential Daily Diary and Presidential Daily Backup Materials, [Presidential Daily Diary] 6/4/1991. Access restriction: Restricted - Possibly. NAID 415891331. - Match basis: same-date Daily Diary/Backup folder. Query hit(s): Daily Diary. Digital object: 41-bpr-apts_sch-dd-06_04_91-12859-011_415891331.pdf. Catalog: https://catalog.archives.gov/id/415891331. - Catalog: https://catalog.archives.gov/id/415891331 - PDF: https://s3.amazonaws.com/NARAprodstorage/lz/presidential-libraries/bush/gb-whasf/Presidential_Daily_Diary_186322/1991/41-bpr-apts_sch-dd-06_04_91-12859-011_415891331.pdf || [Presidential Daily Backup] 6/4/1991 - Source: George H.W. Bush Library, Bush Presidential Records, White House Office of Appointments and Scheduling Files, Presidential Daily Diary and Presidential Daily Backup Materials, [Presidential Daily Backup] 6/4/1991. Access restriction: Restricted - Possibly. NAID 415891332. - Match basis: same-date Daily Diary/Backup folder. Query hit(s): Daily Backup. Digital object: 41-bpr-apts_sch-dd-06_04_91-12859-012_415891332.pdf. Catalog: https://catalog.archives.gov/id/415891332. - Catalog: https://catalog.archives.gov/id/415891332 - PDF: https://s3.amazonaws.com/NARAprodstorage/lz/presidential-libraries/bush/gb-whasf/Presidential_Daily_Diary_186322/1991/41-bpr-apts_sch-dd-06_04_91-12859-012_415891332.pdf",https://catalog.archives.gov/id/428081713,https://s3.us-east-1.amazonaws.com/NARAprodstorage/lz/presidential-libraries/bush/gb-nsc/321498139/1991-06-04--Ozal.pdf
3.048,Turkey,1991-06-13,Telcon,"Telcon with Turgut Ozal, President of Turkey on June 13, 1991",George H. W. Bush; Turgut Ozal,Full,5,428081719,"Source: George H.W. Bush Library, Bush Presidential Records, National Security Council, Presidential Telcon Files, Telcon with Turgut Ozal, President of Turkey on June 13, 1991. Release status: Full. NAID 428081719.",PDF extent: 5 pages. Digital object: 1991-06-13--Ozal.pdf. Catalog: https://catalog.archives.gov/id/428081719.,"[Presidential Daily Diary] 6/13/1991 - Source: George H.W. Bush Library, Bush Presidential Records, White House Office of Appointments and Scheduling Files, Presidential Daily Diary and Presidential Daily Backup Materials, [Presidential Daily Diary] 6/13/1991. Access restriction: Restricted - Possibly. NAID 415891349. - Match basis: same-date Daily Diary/Backup folder. Query hit(s): Daily Diary. Digital object: 41-bpr-apts_sch-dd-06_13_91-12860-011_415891349.pdf. Catalog: https://catalog.archives.gov/id/415891349. - Catalog: https://catalog.archives.gov/id/415891349 - PDF: https://s3.amazonaws.com/NARAprodstorage/lz/presidential-libraries/bush/gb-whasf/Presidential_Daily_Diary_186322/1991/41-bpr-apts_sch-dd-06_13_91-12860-011_415891349.pdf || [Presidential Daily Backup] 6/13/1991 - Source: George H.W. Bush Library, Bush Presidential Records, White House Office of Appointments and Scheduling Files, Presidential Daily Diary and Presidential Daily Backup Materials, [Presidential Daily Backup] 6/13/1991. Access restriction: Restricted - Possibly. NAID 415891350. - Match basis: same-date Daily Diary/Backup folder. Query hit(s): Daily Backup. Digital object: 41-bpr-apts_sch-dd-06_13_91-12860-012_415891350.pdf. Catalog: https://catalog.archives.gov/id/415891350. - Catalog: https://catalog.archives.gov/id/415891350 - PDF: https://s3.amazonaws.com/NARAprodstorage/lz/presidential-libraries/bush/gb-whasf/Presidential_Daily_Diary_186322/1991/41-bpr-apts_sch-dd-06_13_91-12860-012_415891350.pdf",https://catalog.archives.gov/id/428081719,https://s3.us-east-1.amazonaws.com/NARAprodstorage/lz/presidential-libraries/bush/gb-nsc/321498139/1991-06-13--Ozal.pdf
3.049,Turkey,1991-07-10,Telcon,"Telephone Call with Turgut Ozal, President of Turkey on July 10, 1991",George H. W. Bush; Turgut Ozal,Partial,5,428081761,"Source: George H.W. Bush Library, Bush Presidential Records, National Security Council, Presidential Telcon Files, Telephone Call with Turgut Ozal, President of Turkey on July 10, 1991. Release status: Partial. NAID 428081761.",PDF extent: 5 pages. Digital object: 1991-07-10--Ozal.pdf. Catalog: https://catalog.archives.gov/id/428081761.,"[Presidential Daily Diary] 7/10/1991 - Source: George H.W. Bush Library, Bush Presidential Records, White House Office of Appointments and Scheduling Files, Presidential Daily Diary and Presidential Daily Backup Materials, [Presidential Daily Diary] 7/10/1991. Access restriction: Restricted - Possibly. NAID 415891403. - Match basis: same-date Daily Diary/Backup folder. Query hit(s): Daily Diary. Digital object: 41-bpr-apts_sch-dd-07_10_91-12863-007_415891403.pdf. Catalog: https://catalog.archives.gov/id/415891403. - Catalog: https://catalog.archives.gov/id/415891403 - PDF: https://s3.amazonaws.com/NARAprodstorage/lz/presidential-libraries/bush/gb-whasf/Presidential_Daily_Diary_186322/1991/41-bpr-apts_sch-dd-07_10_91-12863-007_415891403.pdf || [Presidential Daily Backup] 7/10/1991 - Source: George H.W. Bush Library, Bush Presidential Records, White House Office of Appointments and Scheduling Files, Presidential Daily Diary and Presidential Daily Backup Materials, [Presidential Daily Backup] 7/10/1991. Access restriction: Restricted - Possibly. NAID 415891404. - Match basis: same-date Daily Diary/Backup folder. Query hit(s): Daily Backup. Digital object: 41-bpr-apts_sch-dd-07_10_91-12863-008_415891404.pdf. Catalog: https://catalog.archives.gov/id/415891404. - Catalog: https://catalog.archives.gov/id/415891404 - PDF: https://s3.amazonaws.com/NARAprodstorage/lz/presidential-libraries/bush/gb-whasf/Presidential_Daily_Diary_186322/1991/41-bpr-apts_sch-dd-07_10_91-12863-008_415891404.pdf",https://catalog.archives.gov/id/428081761,https://s3.us-east-1.amazonaws.com/NARAprodstorage/lz/presidential-libraries/bush/gb-nsc/321498139/1991-07-10--Ozal.pdf
3.050,Turkey,1991-07-20,Memcon,"Meeting with Turgut Ozal, President of Turkey on July 20, 1991 (1 of 2)",George H. W. Bush; Turgut Ozal,Full,1,428081779,"Source: George H.W. Bush Library, Bush Presidential Records, National Security Council, Presidential Memcon Files, Meeting with Turgut Ozal, President of Turkey on July 20, 1991 (1 of 2). Release status: Full. NAID 428081779.",PDF extent: 1 pages. Digital object: 1991-07-20--Ozal-1.pdf. Catalog: https://catalog.archives.gov/id/428081779.,"[Presidential Daily Diary] 7/20/1991 - Source: George H.W. Bush Library, Bush Presidential Records, White House Office of Appointments and Scheduling Files, Presidential Daily Diary and Presidential Daily Backup Materials, [Presidential Daily Diary] 7/20/1991. Access restriction: Restricted - Possibly. NAID 415891423. - Match basis: same-date Daily Diary/Backup folder. Query hit(s): Daily Diary. Digital object: 41-bpr-apts_sch-dd-07_20_91-12864-007_415891423.pdf. Catalog: https://catalog.archives.gov/id/415891423. - Catalog: https://catalog.archives.gov/id/415891423 - PDF: https://s3.amazonaws.com/NARAprodstorage/lz/presidential-libraries/bush/gb-whasf/Presidential_Daily_Diary_186322/1991/41-bpr-apts_sch-dd-07_20_91-12864-007_415891423.pdf || [Presidential Daily Backup] 7/20/1991 - Source: George H.W. Bush Library, Bush Presidential Records, White House Office of Appointments and Scheduling Files, Presidential Daily Diary and Presidential Daily Backup Materials, [Presidential Daily Backup] 7/20/1991. Access restriction: Restricted - Possibly. NAID 415891424. - Match basis: same-date Daily Diary/Backup folder. Query hit(s): Daily Backup. Digital object: 41-bpr-apts_sch-dd-07_20_91-12864-008_415891424.pdf. Catalog: https://catalog.archives.gov/id/415891424. - Catalog: https://catalog.archives.gov/id/415891424 - PDF: https://s3.amazonaws.com/NARAprodstorage/lz/presidential-libraries/bush/gb-whasf/Presidential_Daily_Diary_186322/1991/41-bpr-apts_sch-dd-07_20_91-12864-008_415891424.pdf",https://catalog.archives.gov/id/428081779,https://s3.us-east-1.amazonaws.com/NARAprodstorage/lz/presidential-libraries/bush/gb-nsc/321498039/1991-07-20--Ozal-1.pdf
3.051,Turkey,1991-07-20,Memcon,"Meeting with Turgut Ozal, President of Turkey on July 20, 1991 (2 of 2)",George H. W. Bush; Turgut Ozal,Full,10,428081781,"Source: George H.W. Bush Library, Bush Presidential Records, National Security Council, Presidential Memcon Files, Meeting with Turgut Ozal, President of Turkey on July 20, 1991 (2 of 2). Release status: Full. NAID 428081781.",PDF extent: 10 pages. Digital object: 1991-07-20--Ozal-2.pdf. Catalog: https://catalog.archives.gov/id/428081781.,"[Presidential Daily Diary] 7/20/1991 - Source: George H.W. Bush Library, Bush Presidential Records, White House Office of Appointments and Scheduling Files, Presidential Daily Diary and Presidential Daily Backup Materials, [Presidential Daily Diary] 7/20/1991. Access restriction: Restricted - Possibly. NAID 415891423. - Match basis: same-date Daily Diary/Backup folder. Query hit(s): Daily Diary. Digital object: 41-bpr-apts_sch-dd-07_20_91-12864-007_415891423.pdf. Catalog: https://catalog.archives.gov/id/415891423. - Catalog: https://catalog.archives.gov/id/415891423 - PDF: https://s3.amazonaws.com/NARAprodstorage/lz/presidential-libraries/bush/gb-whasf/Presidential_Daily_Diary_186322/1991/41-bpr-apts_sch-dd-07_20_91-12864-007_415891423.pdf || [Presidential Daily Backup] 7/20/1991 - Source: George H.W. Bush Library, Bush Presidential Records, White House Office of Appointments and Scheduling Files, Presidential Daily Diary and Presidential Daily Backup Materials, [Presidential Daily Backup] 7/20/1991. Access restriction: Restricted - Possibly. NAID 415891424. - Match basis: same-date Daily Diary/Backup folder. Query hit(s): Daily Backup. Digital object: 41-bpr-apts_sch-dd-07_20_91-12864-008_415891424.pdf. Catalog: https://catalog.archives.gov/id/415891424. - Catalog: https://catalog.archives.gov/id/415891424 - PDF: https://s3.amazonaws.com/NARAprodstorage/lz/presidential-libraries/bush/gb-whasf/Presidential_Daily_Diary_186322/1991/41-bpr-apts_sch-dd-07_20_91-12864-008_415891424.pdf",https://catalog.archives.gov/id/428081781,https://s3.us-east-1.amazonaws.com/NARAprodstorage/lz/presidential-libraries/bush/gb-nsc/321498039/1991-07-20--Ozal-2.pdf
3.052,Turkey,1991-07-20,Memcon,"President's Meeting with Prime Minister Yilmaz of Turkey, July 20, 1991",George H. W. Bush; A. Mesut Yilmaz,Full,5,428081783,"Source: George H.W. Bush Library, Bush Presidential Records, National Security Council, Presidential Memcon Files, President's Meeting with Prime Minister Yilmaz of Turkey, July 20, 1991. Release status: Full. NAID 428081783.",PDF extent: 5 pages. Digital object: 1991-07-20--Yilmaz.pdf. Catalog: https://catalog.archives.gov/id/428081783.,"[Presidential Daily Diary] 7/20/1991 - Source: George H.W. Bush Library, Bush Presidential Records, White House Office of Appointments and Scheduling Files, Presidential Daily Diary and Presidential Daily Backup Materials, [Presidential Daily Diary] 7/20/1991. Access restriction: Restricted - Possibly. NAID 415891423. - Match basis: same-date Daily Diary/Backup folder. Query hit(s): Daily Diary. Digital object: 41-bpr-apts_sch-dd-07_20_91-12864-007_415891423.pdf. Catalog: https://catalog.archives.gov/id/415891423. - Catalog: https://catalog.archives.gov/id/415891423 - PDF: https://s3.amazonaws.com/NARAprodstorage/lz/presidential-libraries/bush/gb-whasf/Presidential_Daily_Diary_186322/1991/41-bpr-apts_sch-dd-07_20_91-12864-007_415891423.pdf || [Presidential Daily Backup] 7/20/1991 - Source: George H.W. Bush Library, Bush Presidential Records, White House Office of Appointments and Scheduling Files, Presidential Daily Diary and Presidential Daily Backup Materials, [Presidential Daily Backup] 7/20/1991. Access restriction: Restricted - Possibly. NAID 415891424. - Match basis: same-date Daily Diary/Backup folder. Query hit(s): Daily Backup. Digital object: 41-bpr-apts_sch-dd-07_20_91-12864-008_415891424.pdf. Catalog: https://catalog.archives.gov/id/415891424. - Catalog: https://catalog.archives.gov/id/415891424 - PDF: https://s3.amazonaws.com/NARAprodstorage/lz/presidential-libraries/bush/gb-whasf/Presidential_Daily_Diary_186322/1991/41-bpr-apts_sch-dd-07_20_91-12864-008_415891424.pdf",https://catalog.archives.gov/id/428081783,https://s3.us-east-1.amazonaws.com/NARAprodstorage/lz/presidential-libraries/bush/gb-nsc/321498039/1991-07-20--Yilmaz.pdf
3.053,Turkey,1991-07-22,Memcon,"President's Meeting with President Ozal of Turkey, July 22, 1991",George H. W. Bush; Turgut Ozal,Full,7,428081787,"Source: George H.W. Bush Library, Bush Presidential Records, National Security Council, Presidential Memcon Files, President's Meeting with President Ozal of Turkey, July 22, 1991. Release status: Full. NAID 428081787.",PDF extent: 7 pages. Digital object: 1991-07-22--Ozal.pdf. Catalog: https://catalog.archives.gov/id/428081787.,"[Presidential Daily Diary] 7/22/1991 - Source: George H.W. Bush Library, Bush Presidential Records, White House Office of Appointments and Scheduling Files, Presidential Daily Diary and Presidential Daily Backup Materials, [Presidential Daily Diary] 7/22/1991. Access restriction: Restricted - Possibly. NAID 415891427. - Match basis: same-date Daily Diary/Backup folder. Query hit(s): Daily Diary. Digital object: 41-bpr-apts_sch-dd-07_22_91-12864-011_415891427.pdf. Catalog: https://catalog.archives.gov/id/415891427. - Catalog: https://catalog.archives.gov/id/415891427 - PDF: https://s3.amazonaws.com/NARAprodstorage/lz/presidential-libraries/bush/gb-whasf/Presidential_Daily_Diary_186322/1991/41-bpr-apts_sch-dd-07_22_91-12864-011_415891427.pdf || [Presidential Daily Backup] 7/22/1991 - Source: George H.W. Bush Library, Bush Presidential Records, White House Office of Appointments and Scheduling Files, Presidential Daily Diary and Presidential Daily Backup Materials, [Presidential Daily Backup] 7/22/1991. Access restriction: Restricted - Possibly. NAID 415891428. - Match basis: same-date Daily Diary/Backup folder. Query hit(s): Daily Backup. Digital object: 41-bpr-apts_sch-dd-07_22_91-12864-012_415891428.pdf. Catalog: https://catalog.archives.gov/id/415891428. - Catalog: https://catalog.archives.gov/id/415891428 - PDF: https://s3.amazonaws.com/NARAprodstorage/lz/presidential-libraries/bush/gb-whasf/Presidential_Daily_Diary_186322/1991/41-bpr-apts_sch-dd-07_22_91-12864-012_415891428.pdf",https://catalog.archives.gov/id/428081787,https://s3.us-east-1.amazonaws.com/NARAprodstorage/lz/presidential-libraries/bush/gb-nsc/321498039/1991-07-22--Ozal.pdf
3.054,Turkey,1991-08-19,Telcon,"Telcon with President Turgut Ozal of Turkey, August 19, 1991",George H. W. Bush; Turgut Ozal,Full,4,428081813,"Source: George H.W. Bush Library, Bush Presidential Records, National Security Council, Presidential Telcon Files, Telcon with President Turgut Ozal of Turkey, August 19, 1991. Release status: Full. NAID 428081813.",PDF extent: 4 pages. Digital object: 1991-08-19--Ozal.pdf. Catalog: https://catalog.archives.gov/id/428081813.,"[Presidential Daily Diary] 8/19/1991 - Source: George H.W. Bush Library, Bush Presidential Records, White House Office of Appointments and Scheduling Files, Presidential Daily Diary and Presidential Daily Backup Materials, [Presidential Daily Diary] 8/19/1991. Access restriction: Restricted - Possibly. NAID 415891483. - Match basis: same-date Daily Diary/Backup folder. Query hit(s): Daily Diary. Digital object: 41-bpr-apts_sch-dd-08_19_91-12866-003_415891483.pdf. Catalog: https://catalog.archives.gov/id/415891483. - Catalog: https://catalog.archives.gov/id/415891483 - PDF: https://s3.amazonaws.com/NARAprodstorage/lz/presidential-libraries/bush/gb-whasf/Presidential_Daily_Diary_186322/1991/41-bpr-apts_sch-dd-08_19_91-12866-003_415891483.pdf || [Presidential Daily Backup] 8/19/1991 - Source: George H.W. Bush Library, Bush Presidential Records, White House Office of Appointments and Scheduling Files, Presidential Daily Diary and Presidential Daily Backup Materials, [Presidential Daily Backup] 8/19/1991. Access restriction: Restricted - Possibly. NAID 415891484. - Match basis: same-date Daily Diary/Backup folder. Query hit(s): Daily Backup. Digital object: 41-bpr-apts_sch-dd-08_19_91-12866-004_415891484.pdf. Catalog: https://catalog.archives.gov/id/415891484. - Catalog: https://catalog.archives.gov/id/415891484 - PDF: https://s3.amazonaws.com/NARAprodstorage/lz/presidential-libraries/bush/gb-whasf/Presidential_Daily_Diary_186322/1991/41-bpr-apts_sch-dd-08_19_91-12866-004_415891484.pdf",https://catalog.archives.gov/id/428081813,https://s3.us-east-1.amazonaws.com/NARAprodstorage/lz/presidential-libraries/bush/gb-nsc/321498139/1991-08-19--Ozal.pdf
3.055,Turkey,1991-09-09,Telcon,"Telcon with Turgut Ozal, President of Turkey, September 9, 1991",George H. W. Bush; Turgut Ozal,Full,4,428081911,"Source: George H.W. Bush Library, Bush Presidential Records, National Security Council, Presidential Telcon Files, Telcon with Turgut Ozal, President of Turkey, September 9, 1991. Release status: Full. NAID 428081911.",PDF extent: 4 pages. Digital object: 1991-09-09--Ozal.pdf. Catalog: https://catalog.archives.gov/id/428081911.,"[Presidential Daily Diary] 9/9/1991 - Source: George H.W. Bush Library, Bush Presidential Records, White House Office of Appointments and Scheduling Files, Presidential Daily Diary and Presidential Daily Backup Materials, [Presidential Daily Diary] 9/9/1991. Access restriction: Restricted - Possibly. NAID 415891525. - Match basis: same-date Daily Diary/Backup folder. Query hit(s): Daily Diary. Digital object: 41-bpr-apts_sch-dd-09_09_91-12867-005_415891525.pdf. Catalog: https://catalog.archives.gov/id/415891525. - Catalog: https://catalog.archives.gov/id/415891525 - PDF: https://s3.amazonaws.com/NARAprodstorage/lz/presidential-libraries/bush/gb-whasf/Presidential_Daily_Diary_186322/1991/41-bpr-apts_sch-dd-09_09_91-12867-005_415891525.pdf || [Presidential Daily Backup] 9/9/1991 - Source: George H.W. Bush Library, Bush Presidential Records, White House Office of Appointments and Scheduling Files, Presidential Daily Diary and Presidential Daily Backup Materials, [Presidential Daily Backup] 9/9/1991. Access restriction: Restricted - Possibly. NAID 415891526. - Match basis: same-date Daily Diary/Backup folder. Query hit(s): Daily Backup. Digital object: 41-bpr-apts_sch-dd-09_09_91-12867-006_415891526.pdf. Catalog: https://catalog.archives.gov/id/415891526. - Catalog: https://catalog.archives.gov/id/415891526 - PDF: https://s3.amazonaws.com/NARAprodstorage/lz/presidential-libraries/bush/gb-whasf/Presidential_Daily_Diary_186322/1991/41-bpr-apts_sch-dd-09_09_91-12867-006_415891526.pdf",https://catalog.archives.gov/id/428081911,https://s3.us-east-1.amazonaws.com/NARAprodstorage/lz/presidential-libraries/bush/gb-nsc/321498139/1991-09-09--Ozal.pdf
3.056,Turkey,1991-12-05,Telcon,"Telcon with Prime Minister Demirel of Turkey, December 5, 1991",George H. W. Bush; Suleyman Demirel,Full,3,428082069,"Source: George H.W. Bush Library, Bush Presidential Records, National Security Council, Presidential Telcon Files, Telcon with Prime Minister Demirel of Turkey, December 5, 1991. Release status: Full. NAID 428082069.",PDF extent: 3 pages. Digital object: 1991-12-05--Demirel.pdf. Catalog: https://catalog.archives.gov/id/428082069.,"[Presidential Daily Diary] 12/5/1991 - Source: George H.W. Bush Library, Bush Presidential Records, White House Office of Appointments and Scheduling Files, Presidential Daily Diary and Presidential Daily Backup Materials, [Presidential Daily Diary] 12/5/1991. Access restriction: Restricted - Possibly. NAID 415891702. - Match basis: same-date Daily Diary/Backup folder. Query hit(s): Daily Diary. Digital object: 41-bpr-apts_sch-dd-12_05_91-12875-009_415891702.pdf. Catalog: https://catalog.archives.gov/id/415891702. - Catalog: https://catalog.archives.gov/id/415891702 - PDF: https://s3.amazonaws.com/NARAprodstorage/lz/presidential-libraries/bush/gb-whasf/Presidential_Daily_Diary_186322/1991/41-bpr-apts_sch-dd-12_05_91-12875-009_415891702.pdf || [Presidential Daily Backup] 12/5/1991 - Source: George H.W. Bush Library, Bush Presidential Records, White House Office of Appointments and Scheduling Files, Presidential Daily Diary and Presidential Daily Backup Materials, [Presidential Daily Backup] 12/5/1991. Access restriction: Restricted - Possibly. NAID 415891703. - Match basis: same-date Daily Diary/Backup folder. Query hit(s): Daily Backup. Digital object: 41-bpr-apts_sch-dd-12_05_91-12875-010_415891703.pdf. Catalog: https://catalog.archives.gov/id/415891703. - Catalog: https://catalog.archives.gov/id/415891703 - PDF: https://s3.amazonaws.com/NARAprodstorage/lz/presidential-libraries/bush/gb-whasf/Presidential_Daily_Diary_186322/1991/41-bpr-apts_sch-dd-12_05_91-12875-010_415891703.pdf",https://catalog.archives.gov/id/428082069,https://s3.us-east-1.amazonaws.com/NARAprodstorage/lz/presidential-libraries/bush/gb-nsc/321498139/1991-12-05--Demirel.pdf
3.057,Turkey,1992-01-12,Telcon,"Telcon with President Turgut Ozal of Turkey, January 12, 1991",George H. W. Bush; Turgut Ozal,Full,3,428082117,"Source: George H.W. Bush Library, Bush Presidential Records, National Security Council, Presidential Telcon Files, Telcon with President Turgut Ozal of Turkey, January 12, 1991. Release status: Full. NAID 428082117.",PDF extent: 3 pages. Digital object: 1991-01-12--Ozal.pdf. Catalog: https://catalog.archives.gov/id/428082117.,"[Presidential Daily Diary] 1/12/1992 - Source: George H.W. Bush Library, Bush Presidential Records, White House Office of Appointments and Scheduling Files, Presidential Daily Diary and Presidential Daily Backup Materials, [Presidential Daily Diary] 1/12/1992. Access restriction: Restricted - Possibly. NAID 415891779. - Match basis: same-date Daily Diary/Backup folder. Query hit(s): Daily Diary. Digital object: 41-bpr-apts_sch-dd-01_12_92-12878-007_415891779.pdf. Catalog: https://catalog.archives.gov/id/415891779. - Catalog: https://catalog.archives.gov/id/415891779 - PDF: https://s3.dualstack.us-east-1.amazonaws.com/NARAprodstorage/lz/presidential-libraries/bush/gb-whasf/Presidential_Daily_Diary_186322/1992/41-bpr-apts_sch-dd-01_12_92-12878-007_415891779.pdf || [Presidential Daily Backup] 1/12/1992 - Source: George H.W. Bush Library, Bush Presidential Records, White House Office of Appointments and Scheduling Files, Presidential Daily Diary and Presidential Daily Backup Materials, [Presidential Daily Backup] 1/12/1992. Access restriction: Restricted - Possibly. NAID 415891780. - Match basis: same-date Daily Diary/Backup folder. Query hit(s): Daily Backup. Digital object: 41-bpr-apts_sch-dd-01_12_92-12878-008_415891780.pdf. Catalog: https://catalog.archives.gov/id/415891780. - Catalog: https://catalog.archives.gov/id/415891780 - PDF: https://s3.dualstack.us-east-1.amazonaws.com/NARAprodstorage/lz/presidential-libraries/bush/gb-whasf/Presidential_Daily_Diary_186322/1992/41-bpr-apts_sch-dd-01_12_92-12878-008_415891780.pdf",https://catalog.archives.gov/id/428082117,https://s3.us-east-1.amazonaws.com/NARAprodstorage/lz/presidential-libraries/bush/gb-nsc/321498139/1991-01-12--Ozal.pdf
3.058,Turkey,1992-04-28,Memcon,"Meeting with President Turgut Ozal of Turkey, April 28, 1992",George H. W. Bush; Turgut Ozal,Full,5,428082173,"Source: George H.W. Bush Library, Bush Presidential Records, National Security Council, Presidential Memcon Files, Meeting with President Turgut Ozal of Turkey, April 28, 1992. Release status: Full. NAID 428082173.",PDF extent: 5 pages. Digital object: 1992-04-28--Ozal.pdf. Catalog: https://catalog.archives.gov/id/428082173.,"[Presidential Daily Diary] 4/28/1992 - Source: George H.W. Bush Library, Bush Presidential Records, White House Office of Appointments and Scheduling Files, Presidential Daily Diary and Presidential Daily Backup Materials, [Presidential Daily Diary] 4/28/1992. Access restriction: Restricted - Possibly. NAID 415891994. - Match basis: same-date Daily Diary/Backup folder. Query hit(s): Daily Diary. Digital object: 41-bpr-apts_sch-dd-04_28_92-12888-005_415891994.pdf. Catalog: https://catalog.archives.gov/id/415891994. - Catalog: https://catalog.archives.gov/id/415891994 - PDF: https://s3.dualstack.us-east-1.amazonaws.com/NARAprodstorage/lz/presidential-libraries/bush/gb-whasf/Presidential_Daily_Diary_186322/1992/41-bpr-apts_sch-dd-04_28_92-12888-005_415891994.pdf || [Presidential Daily Backup] 4/28/1992 - Source: George H.W. Bush Library, Bush Presidential Records, White House Office of Appointments and Scheduling Files, Presidential Daily Diary and Presidential Daily Backup Materials, [Presidential Daily Backup] 4/28/1992. Access restriction: Restricted - Possibly. NAID 415891995. - Match basis: same-date Daily Diary/Backup folder. Query hit(s): Daily Backup. Digital object: 41-bpr-apts_sch-dd-04_28_92-12888-006_415891995.pdf. Catalog: https://catalog.archives.gov/id/415891995. - Catalog: https://catalog.archives.gov/id/415891995 - PDF: https://s3.dualstack.us-east-1.amazonaws.com/NARAprodstorage/lz/presidential-libraries/bush/gb-whasf/Presidential_Daily_Diary_186322/1992/41-bpr-apts_sch-dd-04_28_92-12888-006_415891995.pdf",https://catalog.archives.gov/id/428082173,https://s3.us-east-1.amazonaws.com/NARAprodstorage/lz/presidential-libraries/bush/gb-nsc/321498039/1992-04-28--Ozal.pdf
3.059,Turkey,1992-05-07,Telcon,"Telcon with President Turgut Ozal of Turkey, May 7, 1992",George H. W. Bush; Turgut Ozal,Full,2,428082213,"Source: George H.W. Bush Library, Bush Presidential Records, National Security Council, Presidential Telcon Files, Telcon with President Turgut Ozal of Turkey, May 7, 1992. Release status: Full. NAID 428082213.",PDF extent: 2 pages. Digital object: 1992-05-07--Ozal.pdf. Catalog: https://catalog.archives.gov/id/428082213.,"[Presidential Daily Diary] 5/7/1992 - Source: George H.W. Bush Library, Bush Presidential Records, White House Office of Appointments and Scheduling Files, Presidential Daily Diary and Presidential Daily Backup Materials, [Presidential Daily Diary] 5/7/1992. Access restriction: Restricted - Possibly. NAID 415892013. - Match basis: same-date Daily Diary/Backup folder. Query hit(s): Daily Diary. Digital object: 41-bpr-apts_sch-dd-05_07_92-12889-011_415892013.pdf. Catalog: https://catalog.archives.gov/id/415892013. - Catalog: https://catalog.archives.gov/id/415892013 - PDF: https://s3.dualstack.us-east-1.amazonaws.com/NARAprodstorage/lz/presidential-libraries/bush/gb-whasf/Presidential_Daily_Diary_186322/1992/41-bpr-apts_sch-dd-05_07_92-12889-011_415892013.pdf || [Presidential Daily Backup] 5/7/1992 - Source: George H.W. Bush Library, Bush Presidential Records, White House Office of Appointments and Scheduling Files, Presidential Daily Diary and Presidential Daily Backup Materials, [Presidential Daily Backup] 5/7/1992. Access restriction: Restricted - Possibly. NAID 415892014. - Match basis: same-date Daily Diary/Backup folder. Query hit(s): Daily Backup. Digital object: 41-bpr-apts_sch-dd-05_07_92-12889-012_415892014.pdf. Catalog: https://catalog.archives.gov/id/415892014. - Catalog: https://catalog.archives.gov/id/415892014 - PDF: https://s3.dualstack.us-east-1.amazonaws.com/NARAprodstorage/lz/presidential-libraries/bush/gb-whasf/Presidential_Daily_Diary_186322/1992/41-bpr-apts_sch-dd-05_07_92-12889-012_415892014.pdf",https://catalog.archives.gov/id/428082213,https://s3.us-east-1.amazonaws.com/NARAprodstorage/lz/presidential-libraries/bush/gb-nsc/321498139/1992-05-07--Ozal.pdf
3.060,Turkey,1992-05-11,Telcon,"Telcon with Prime Minister Demirel of Turkey, May 11, 1992",George H. W. Bush; Suleyman Demirel,Partial,4,428082217,"Source: George H.W. Bush Library, Bush Presidential Records, National Security Council, Presidential Telcon Files, Telcon with Prime Minister Demirel of Turkey, May 11, 1992. Release status: Partial. NAID 428082217.",PDF extent: 4 pages. Digital object: 1992-05-11--Demirel.pdf. Catalog: https://catalog.archives.gov/id/428082217.,"[Presidential Daily Diary] 5/11/1992 - Source: George H.W. Bush Library, Bush Presidential Records, White House Office of Appointments and Scheduling Files, Presidential Daily Diary and Presidential Daily Backup Materials, [Presidential Daily Diary] 5/11/1992. Access restriction: Restricted - Possibly. NAID 415892021. - Match basis: same-date Daily Diary/Backup folder. Query hit(s): Daily Diary. Digital object: 41-bpr-apts_sch-dd-05_11_92-12889-019_415892021.pdf. Catalog: https://catalog.archives.gov/id/415892021. - Catalog: https://catalog.archives.gov/id/415892021 - PDF: https://s3.dualstack.us-east-1.amazonaws.com/NARAprodstorage/lz/presidential-libraries/bush/gb-whasf/Presidential_Daily_Diary_186322/1992/41-bpr-apts_sch-dd-05_11_92-12889-019_415892021.pdf || [Presidential Daily Backup] 5/11/1992 - Source: George H.W. Bush Library, Bush Presidential Records, White House Office of Appointments and Scheduling Files, Presidential Daily Diary and Presidential Daily Backup Materials, [Presidential Daily Backup] 5/11/1992. Access restriction: Restricted - Possibly. NAID 415892022. - Match basis: same-date Daily Diary/Backup folder. Query hit(s): Daily Backup. Digital object: 41-bpr-apts_sch-dd-05_11_92-12889-020_415892022.pdf. Catalog: https://catalog.archives.gov/id/415892022. - Catalog: https://catalog.archives.gov/id/415892022 - PDF: https://s3.dualstack.us-east-1.amazonaws.com/NARAprodstorage/lz/presidential-libraries/bush/gb-whasf/Presidential_Daily_Diary_186322/1992/41-bpr-apts_sch-dd-05_11_92-12889-020_415892022.pdf",https://catalog.archives.gov/id/428082217,https://s3.us-east-1.amazonaws.com/NARAprodstorage/lz/presidential-libraries/bush/gb-nsc/321498139/1992-05-11--Demirel.pdf
3.061,Turkey,1992-06-23,Telcon,"Telcon with Prime Minister Demirel of Turkey, June 23, 1992",George H. W. Bush; Suleyman Demirel,Full,3,428082249,"Source: George H.W. Bush Library, Bush Presidential Records, National Security Council, Presidential Telcon Files, Telcon with Prime Minister Demirel of Turkey, June 23, 1992. Release status: Full. NAID 428082249.",PDF extent: 3 pages. Digital object: 1992-06-23--Demirel.pdf. Catalog: https://catalog.archives.gov/id/428082249.,"[Presidential Daily Diary] 6/23/1992 - Source: George H.W. Bush Library, Bush Presidential Records, White House Office of Appointments and Scheduling Files, Presidential Daily Diary and Presidential Daily Backup Materials, [Presidential Daily Diary] 6/23/1992. Access restriction: Restricted - Possibly. NAID 415892108. - Match basis: same-date Daily Diary/Backup folder. Query hit(s): Daily Diary. Digital object: 41-bpr-apts_sch-dd-06_23_92-12893-019_415892108.pdf. Catalog: https://catalog.archives.gov/id/415892108. - Catalog: https://catalog.archives.gov/id/415892108 - PDF: https://s3.dualstack.us-east-1.amazonaws.com/NARAprodstorage/lz/presidential-libraries/bush/gb-whasf/Presidential_Daily_Diary_186322/1992/41-bpr-apts_sch-dd-06_23_92-12893-019_415892108.pdf || [Presidential Daily Backup] 6/23/1992 - Source: George H.W. Bush Library, Bush Presidential Records, White House Office of Appointments and Scheduling Files, Presidential Daily Diary and Presidential Daily Backup Materials, [Presidential Daily Backup] 6/23/1992. Access restriction: Restricted - Possibly. NAID 415892109. - Match basis: same-date Daily Diary/Backup folder. Query hit(s): Daily Backup. Digital object: 41-bpr-apts_sch-dd-06_23_92-12893-020_415892109.pdf. Catalog: https://catalog.archives.gov/id/415892109. - Catalog: https://catalog.archives.gov/id/415892109 - PDF: https://s3.dualstack.us-east-1.amazonaws.com/NARAprodstorage/lz/presidential-libraries/bush/gb-whasf/Presidential_Daily_Diary_186322/1992/41-bpr-apts_sch-dd-06_23_92-12893-020_415892109.pdf",https://catalog.archives.gov/id/428082249,https://s3.us-east-1.amazonaws.com/NARAprodstorage/lz/presidential-libraries/bush/gb-nsc/321498139/1992-06-23--Demirel.pdf
3.062,Turkey,1992-06-26,Telcon,"Telcon with Prime Minister Demirel of Turkey, June 26, 1992",George H. W. Bush; Suleyman Demirel,Full,3,428082251,"Source: George H.W. Bush Library, Bush Presidential Records, National Security Council, Presidential Telcon Files, Telcon with Prime Minister Demirel of Turkey, June 26, 1992. Release status: Full. NAID 428082251.",PDF extent: 3 pages. Digital object: 1992-06-26--Demirel.pdf. Catalog: https://catalog.archives.gov/id/428082251.,"[Presidential Daily Diary] 6/26/1992 [EMPTY] - Source: George H.W. Bush Library, Bush Presidential Records, White House Office of Appointments and Scheduling Files, Presidential Daily Diary and Presidential Daily Backup Materials, [Presidential Daily Diary] 6/26/1992 [EMPTY]. Access restriction: Restricted - Possibly. NAID 415892114. - Match basis: same-date Daily Diary/Backup folder. Query hit(s): Daily Diary. Digital object: 41-bpr-apts_sch-dd-06_26_92-12894-003_415892114.pdf. Catalog: https://catalog.archives.gov/id/415892114. - Catalog: https://catalog.archives.gov/id/415892114 - PDF: https://s3.dualstack.us-east-1.amazonaws.com/NARAprodstorage/lz/presidential-libraries/bush/gb-whasf/Presidential_Daily_Diary_186322/1992/41-bpr-apts_sch-dd-06_26_92-12894-003_415892114.pdf || [Presidential Daily Backup] 6/26/1992 - Source: George H.W. Bush Library, Bush Presidential Records, White House Office of Appointments and Scheduling Files, Presidential Daily Diary and Presidential Daily Backup Materials, [Presidential Daily Backup] 6/26/1992. Access restriction: Restricted - Possibly. NAID 415892115. - Match basis: same-date Daily Diary/Backup folder. Query hit(s): Daily Backup. Digital object: 41-bpr-apts_sch-dd-06_26_92-12894-004_415892115.pdf. Catalog: https://catalog.archives.gov/id/415892115. - Catalog: https://catalog.archives.gov/id/415892115 - PDF: https://s3.dualstack.us-east-1.amazonaws.com/NARAprodstorage/lz/presidential-libraries/bush/gb-whasf/Presidential_Daily_Diary_186322/1992/41-bpr-apts_sch-dd-06_26_92-12894-004_415892115.pdf",https://catalog.archives.gov/id/428082251,https://s3.us-east-1.amazonaws.com/NARAprodstorage/lz/presidential-libraries/bush/gb-nsc/321498139/1992-06-26--Demirel.pdf
3.063,Turkey,1992-07-09,Memcon,"Meeting With Prime Minister Suleyman Demirel of Turkey, July 9, 1992",George H. W. Bush; Suleyman Demirel,Full,3,428082289,"Source: George H.W. Bush Library, Bush Presidential Records, National Security Council, Presidential Memcon Files, Meeting With Prime Minister Suleyman Demirel of Turkey, July 9, 1992. Release status: Full. NAID 428082289.",PDF extent: 3 pages. Digital object: 1992-07-09--Demirel.pdf. Catalog: https://catalog.archives.gov/id/428082289.,"[Presidential Daily Diary] 7/9/1992 [EMPTY] - Source: George H.W. Bush Library, Bush Presidential Records, White House Office of Appointments and Scheduling Files, Presidential Daily Diary and Presidential Daily Backup Materials, [Presidential Daily Diary] 7/9/1992 [EMPTY]. Access restriction: Restricted - Possibly. NAID 415892141. - Match basis: same-date Daily Diary/Backup folder. Query hit(s): Daily Diary. Digital object: 41-bpr-apts_sch-dd-07_09_92-12895-013_415892141.pdf. Catalog: https://catalog.archives.gov/id/415892141. - Catalog: https://catalog.archives.gov/id/415892141 - PDF: https://s3.dualstack.us-east-1.amazonaws.com/NARAprodstorage/lz/presidential-libraries/bush/gb-whasf/Presidential_Daily_Diary_186322/1992/41-bpr-apts_sch-dd-07_09_92-12895-013_415892141.pdf || [Presidential Daily Backup] 7/9/1992 - Source: George H.W. Bush Library, Bush Presidential Records, White House Office of Appointments and Scheduling Files, Presidential Daily Diary and Presidential Daily Backup Materials, [Presidential Daily Backup] 7/9/1992. Access restriction: Restricted - Possibly. NAID 415892142. - Match basis: same-date Daily Diary/Backup folder. Query hit(s): Daily Backup. Digital object: 41-bpr-apts_sch-dd-07_09_92-12895-014_415892142.pdf. Catalog: https://catalog.archives.gov/id/415892142. - Catalog: https://catalog.archives.gov/id/415892142 - PDF: https://s3.dualstack.us-east-1.amazonaws.com/NARAprodstorage/lz/presidential-libraries/bush/gb-whasf/Presidential_Daily_Diary_186322/1992/41-bpr-apts_sch-dd-07_09_92-12895-014_415892142.pdf",https://catalog.archives.gov/id/428082289,https://s3.us-east-1.amazonaws.com/NARAprodstorage/lz/presidential-libraries/bush/gb-nsc/321498039/1992-07-09--Demirel.pdf
3.064,Turkey,1992-08-01,Telcon,"Telephone Conversation with Prime Minister Suleyman Demirel of Turkey, August 1, 1992",George H. W. Bush; Suleyman Demirel,Partial,4,428082337,"Source: George H.W. Bush Library, Bush Presidential Records, National Security Council, Presidential Telcon Files, Telephone Conversation with Prime Minister Suleyman Demirel of Turkey, August 1, 1992. Release status: Partial. NAID 428082337.",PDF extent: 4 pages. Digital object: 1992-08-01--Demirel.pdf. Catalog: https://catalog.archives.gov/id/428082337.,"[Presidential Daily Diary] 8/1/1992 - Source: George H.W. Bush Library, Bush Presidential Records, White House Office of Appointments and Scheduling Files, Presidential Daily Diary and Presidential Daily Backup Materials, [Presidential Daily Diary] 8/1/1992. Access restriction: Restricted - Possibly. NAID 415892188. - Match basis: same-date Daily Diary/Backup folder. Query hit(s): Daily Diary. Digital object: 41-bpr-apts_sch-dd-08_01_92-12897-009_415892188.pdf. Catalog: https://catalog.archives.gov/id/415892188. - Catalog: https://catalog.archives.gov/id/415892188 - PDF: https://s3.dualstack.us-east-1.amazonaws.com/NARAprodstorage/lz/presidential-libraries/bush/gb-whasf/Presidential_Daily_Diary_186322/1992/41-bpr-apts_sch-dd-08_01_92-12897-009_415892188.pdf || [Presidential Daily Backup] 8/1/1992 - Source: George H.W. Bush Library, Bush Presidential Records, White House Office of Appointments and Scheduling Files, Presidential Daily Diary and Presidential Daily Backup Materials, [Presidential Daily Backup] 8/1/1992. Access restriction: Restricted - Possibly. NAID 415892189. - Match basis: same-date Daily Diary/Backup folder. Query hit(s): Daily Backup. Digital object: 41-bpr-apts_sch-dd-08_01_92-12897-010_415892189.pdf. Catalog: https://catalog.archives.gov/id/415892189. - Catalog: https://catalog.archives.gov/id/415892189 - PDF: https://s3.dualstack.us-east-1.amazonaws.com/NARAprodstorage/lz/presidential-libraries/bush/gb-whasf/Presidential_Daily_Diary_186322/1992/41-bpr-apts_sch-dd-08_01_92-12897-010_415892189.pdf",https://catalog.archives.gov/id/428082337,https://s3.us-east-1.amazonaws.com/NARAprodstorage/lz/presidential-libraries/bush/gb-nsc/321498139/1992-08-01--Demirel.pdf
3.065,Turkey,1992-12-05,Telcon,"Telcon with President Turgut Ozal of Turkey, December 5, 1992",George H. W. Bush; Turgut Ozal,Full,3,428082409,"Source: George H.W. Bush Library, Bush Presidential Records, National Security Council, Presidential Telcon Files, Telcon with President Turgut Ozal of Turkey, December 5, 1992. Release status: Full. NAID 428082409.",PDF extent: 3 pages. Digital object: 1992-12-05--Ozal.pdf. Catalog: https://catalog.archives.gov/id/428082409.,,https://catalog.archives.gov/id/428082409,https://s3.us-east-1.amazonaws.com/NARAprodstorage/lz/presidential-libraries/bush/gb-nsc/321498139/1992-12-05--Ozal.pdf
3.066,Turkey,1992-12-24,Telcon,"Telcon with Suleyman Demirel, Prime Minister of Turkey, December 24, 1992",George H. W. Bush; Suleyman Demirel,Full,3,428082437,"Source: George H.W. Bush Library, Bush Presidential Records, National Security Council, Presidential Telcon Files, Telcon with Suleyman Demirel, Prime Minister of Turkey, December 24, 1992. Release status: Full. NAID 428082437.",PDF extent: 3 pages. Digital object: 1992-12-24--Demirel.pdf. Catalog: https://catalog.archives.gov/id/428082437.,"[Presidential Daily Backup] 12/24/1992 - Source: George H.W. Bush Library, Bush Presidential Records, White House Office of Appointments and Scheduling Files, Presidential Daily Diary and Presidential Daily Backup Materials, [Presidential Daily Backup] 12/24/1992. Access restriction: Restricted - Possibly. NAID 415892479. - Match basis: same-date Daily Diary/Backup folder. Query hit(s): Daily Backup. Digital object: 41-bpr-apts_sch-dd-12_24_92-26865-020_415892479.pdf. Catalog: https://catalog.archives.gov/id/415892479. - Catalog: https://catalog.archives.gov/id/415892479 - PDF: https://s3.dualstack.us-east-1.amazonaws.com/NARAprodstorage/lz/presidential-libraries/bush/gb-whasf/Presidential_Daily_Diary_186322/1992/41-bpr-apts_sch-dd-12_24_92-26865-020_415892479.pdf",https://catalog.archives.gov/id/428082437,https://s3.us-east-1.amazonaws.com/NARAprodstorage/lz/presidential-libraries/bush/gb-nsc/321498139/1992-12-24--Demirel.pdf
4.001,Regional,1989-09-25,Memcon,"President's Lunch for Allied Representatives, September 25, 1989",George H. W. Bush; Manfred Woerner; George Papoulias; Mesut Yilmaz; NATO allied representatives,Full,4,428080191,"Source: George H.W. Bush Library, Bush Presidential Records, National Security Council, Presidential Memcon Files, President's Lunch for Allied Representatives, September 25, 1989. Release status: Full. NAID 428080191.",PDF extent: 4 pages. Digital object: 1989-09-25--Allied-Representatives.pdf. Catalog: https://catalog.archives.gov/id/428080191.,"[Presidential Daily Diary] 9/25/1989 - Source: George H.W. Bush Library, Bush Presidential Records, White House Office of Appointments and Scheduling Files, Presidential Daily Diary and Presidential Daily Backup Materials, [Presidential Daily Diary] 9/25/1989. Access restriction: Restricted - Possibly. NAID 415890094. - Match basis: same-date Daily Diary/Backup folder. Query hit(s): Daily Diary. Digital object: 41-bpr-apts_sch-dd-09_25_89-12806-015_415890094.pdf. Catalog: https://catalog.archives.gov/id/415890094. - Catalog: https://catalog.archives.gov/id/415890094 - PDF: https://s3.amazonaws.com/NARAprodstorage/lz/presidential-libraries/bush/gb-whasf/Presidential_Daily_Diary_186322/1989/41-bpr-apts_sch-dd-09_25_89-12806-015_415890094.pdf || [Presidential Daily Backup] 9/25/1989 - Source: George H.W. Bush Library, Bush Presidential Records, White House Office of Appointments and Scheduling Files, Presidential Daily Diary and Presidential Daily Backup Materials, [Presidential Daily Backup] 9/25/1989. Access restriction: Restricted - Possibly. NAID 415890095. - Match basis: same-date Daily Diary/Backup folder. Query hit(s): Daily Backup. Digital object: 41-bpr-apts_sch-dd-09_25_89-12806-016_415890095.pdf. Catalog: https://catalog.archives.gov/id/415890095. - Catalog: https://catalog.archives.gov/id/415890095 - PDF: https://s3.amazonaws.com/NARAprodstorage/lz/presidential-libraries/bush/gb-whasf/Presidential_Daily_Diary_186322/1989/41-bpr-apts_sch-dd-09_25_89-12806-016_415890095.pdf",https://catalog.archives.gov/id/428080191,https://s3.us-east-1.amazonaws.com/NARAprodstorage/lz/presidential-libraries/bush/gb-nsc/321498039/1989-09-25--Allied-Representatives.pdf
