reviewStatus,compilerDecision,compilerNotes,chapter,rowType,priority,candidateId,date,title,lane,reason,sourceNote,researchNote,catalogUrl,pdfUrl
,,,Greece,Selected chronology,Selected,Doc 1.001,1989-05-30,"Meeting with Andreas Papandreaou, Prime Minister of Greece, May 30, 1989",Memcon,George H. W. Bush; Andreas Papandreou,"Source: George H.W. Bush Library, Bush Presidential Records, National Security Council, Presidential Telcon Files, Meeting with Andreas Papandreaou, Prime Minister of Greece, May 30, 1989. Release status: Full. NAID 428082497.",PDF extent: 3 pages. Digital object: 1989-05-30--Papandreou.pdf. Catalog: https://catalog.archives.gov/id/428082497.,https://catalog.archives.gov/id/428082497,https://s3.us-east-1.amazonaws.com/NARAprodstorage/lz/presidential-libraries/bush/gb-nsc/321498039/1989-05-30--Papandreou.pdf
,,,Greece,Selected chronology,Selected,Doc 1.002,1989-10-24,"Presentation of Credentials by Christos Zacharakis, Ambassador of Greece",Memcon,George H. W. Bush; Christos Zacharakis,"Source: George H.W. Bush Library, Bush Presidential Records, National Security Council, Presidential Memcon Files, Presentation of Credentials by Christos Zacharakis, Ambassador of Greece. Release status: Full. NAID 428080281.",PDF extent: 3 pages. Digital object: 1989-10-24--Zacharakis.pdf. Catalog: https://catalog.archives.gov/id/428080281.,https://catalog.archives.gov/id/428080281,https://s3.us-east-1.amazonaws.com/NARAprodstorage/lz/presidential-libraries/bush/gb-nsc/321498039/1989-10-24--Zacharakis.pdf
,,,Greece,Selected chronology,Selected,Doc 1.003,1989-11-27,"Telephone Call to Prime Minister Xenofon Zolotas of Greece, November 27, 1989",Telcon,George H. W. Bush; Xenofon Zolotas,"Source: George H.W. Bush Library, Bush Presidential Records, National Security Council, Presidential Telcon Files, Telephone Call to Prime Minister Xenofon Zolotas of Greece, November 27, 1989. Release status: Full. NAID 428080371.",PDF extent: 2 pages. Digital object: 1989-11-27--Zolotas.pdf. Catalog: https://catalog.archives.gov/id/428080371.,https://catalog.archives.gov/id/428080371,https://s3.us-east-1.amazonaws.com/NARAprodstorage/lz/presidential-libraries/bush/gb-nsc/321498139/1989-11-27--Zolotas.pdf
,,,Greece,Selected chronology,Selected,Doc 1.004,1990-06-06,"Meeting and Lunch with Prime Minister Mitsotakis, June 6, 1990",Memcon,George H. W. Bush; Constantine Mitsotakis,"Source: George H.W. Bush Library, Bush Presidential Records, National Security Council, Presidential Memcon Files, Meeting and Lunch with Prime Minister Mitsotakis, June 6, 1990. Release status: Full. NAID 428080735.",PDF extent: 11 pages. Digital object: 1990-06-06--Mitsotakis.pdf. Catalog: https://catalog.archives.gov/id/428080735.,https://catalog.archives.gov/id/428080735,https://s3.us-east-1.amazonaws.com/NARAprodstorage/lz/presidential-libraries/bush/gb-nsc/321498039/1990-06-06--Mitsotakis.pdf
,,,Greece,Selected chronology,Selected,Doc 1.005,1990-08-22,"Telephone Conversation with Prime Minister Constantine Mitsotakis of Greece, August 22, 1990",Telcon,George H. W. Bush; Constantine Mitsotakis,"Source: George H.W. Bush Library, Bush Presidential Records, National Security Council, Presidential Telcon Files, Telephone Conversation with Prime Minister Constantine Mitsotakis of Greece, August 22, 1990. Release status: Full. NAID 428080965.",PDF extent: 3 pages. Digital object: 1990-08-22--Mitsotakis.pdf. Catalog: https://catalog.archives.gov/id/428080965.,https://catalog.archives.gov/id/428080965,https://s3.us-east-1.amazonaws.com/NARAprodstorage/lz/presidential-libraries/bush/gb-nsc/321498139/1990-08-22--Mitsotakis.pdf
,,,Greece,Selected chronology,Selected,Doc 1.006,1990-11-21,"Meeting with Prime Minister Mitsotakis of Greece, November 21, 1990",Memcon,George H. W. Bush; Constantine Mitsotakis,"Source: George H.W. Bush Library, Bush Presidential Records, National Security Council, Presidential Memcon Files, Meeting with Prime Minister Mitsotakis of Greece, November 21, 1990. Release status: Full. NAID 428081201.",PDF extent: 4 pages. Digital object: 1990-11-21--Mitsotakis.pdf. Catalog: https://catalog.archives.gov/id/428081201.,https://catalog.archives.gov/id/428081201,https://s3.us-east-1.amazonaws.com/NARAprodstorage/lz/presidential-libraries/bush/gb-nsc/321498039/1990-11-21--Mitsotakis.pdf
,,,Greece,Selected chronology,Selected,Doc 1.007,1991-01-14,"Telephone Conversation with Prime Minister Constantine Mitsotakis of Greece, January 14, 1991",Telcon,George H. W. Bush; Constantine Mitsotakis,"Source: George H.W. Bush Library, Bush Presidential Records, National Security Council, Presidential Telcon Files, Telephone Conversation with Prime Minister Constantine Mitsotakis of Greece, January 14, 1991. Release status: Full. NAID 428081343.",PDF extent: 2 pages. Digital object: 1991-01-14--Mitsotakis.pdf. Catalog: https://catalog.archives.gov/id/428081343.,https://catalog.archives.gov/id/428081343,https://s3.us-east-1.amazonaws.com/NARAprodstorage/lz/presidential-libraries/bush/gb-nsc/321498139/1991-01-14--Mitsotakis.pdf
,,,Greece,Selected chronology,Selected,Doc 1.008,1991-07-18,"President's Expanded Meeting with Prime Minister Mitsotakis of Greece, Ju 1 y 18, 1991",Memcon,George H. W. Bush; Constantine Mitsotakis,"Source: George H.W. Bush Library, Bush Presidential Records, National Security Council, Presidential Memcon Files, President's Expanded Meeting with Prime Minister Mitsotakis of Greece, Ju 1 y 18, 1991. Release status: Full. NAID 428081777.",PDF extent: 6 pages. Digital object: 1991-07-18--Mitsotakis.pdf. Catalog: https://catalog.archives.gov/id/428081777.,https://catalog.archives.gov/id/428081777,https://s3.us-east-1.amazonaws.com/NARAprodstorage/lz/presidential-libraries/bush/gb-nsc/321498039/1991-07-18--Mitsotakis.pdf
,,,Greece,Selected chronology,Selected,Doc 1.009,1991-12-12,"Meeting with Prime Minister Constantine Mitsotakis of Greece, December 12, 1991 (1 of 3)",Memcon,George H. W. Bush; Constantine Mitsotakis,"Source: George H.W. Bush Library, Bush Presidential Records, National Security Council, Presidential Memcon Files, Meeting with Prime Minister Constantine Mitsotakis of Greece, December 12, 1991 (1 of 3). Release status: Full. NAID 428082071.",PDF extent: 3 pages. Digital object: 1991-12-12--Mitsotakis-1.pdf. Catalog: https://catalog.archives.gov/id/428082071.,https://catalog.archives.gov/id/428082071,https://s3.us-east-1.amazonaws.com/NARAprodstorage/lz/presidential-libraries/bush/gb-nsc/321498039/1991-12-12--Mitsotakis-1.pdf
,,,Greece,Selected chronology,Release/marker review,Doc 1.010,1991-12-12,"Meeting with Prime Minister Constantine Mitsotakis of Greece, December 12, 1991 (2 of 3)",Memcon,George H. W. Bush; Constantine Mitsotakis,"Source: George H.W. Bush Library, Bush Presidential Records, National Security Council, Presidential Memcon Files, Meeting with Prime Minister Constantine Mitsotakis of Greece, December 12, 1991 (2 of 3). Release status: Partial. NAID 428082073.",PDF extent: 7 pages. Digital object: 1991-12-12--Mitsotakis-2.pdf. Catalog: https://catalog.archives.gov/id/428082073.,https://catalog.archives.gov/id/428082073,https://s3.us-east-1.amazonaws.com/NARAprodstorage/lz/presidential-libraries/bush/gb-nsc/321498039/1991-12-12--Mitsotakis-2.pdf
,,,Greece,Selected chronology,Selected,Doc 1.011,1991-12-12,"Meeting with Prime Minister Constantine Mitsotakis of Greece, December 12, 1991 (3 of 3)",Memcon,George H. W. Bush; Constantine Mitsotakis,"Source: George H.W. Bush Library, Bush Presidential Records, National Security Council, Presidential Memcon Files, Meeting with Prime Minister Constantine Mitsotakis of Greece, December 12, 1991 (3 of 3). Release status: Full. NAID 428082075.",PDF extent: 5 pages. Digital object: 1991-12-12--Mitsotakis-3.pdf. Catalog: https://catalog.archives.gov/id/428082075.,https://catalog.archives.gov/id/428082075,https://s3.us-east-1.amazonaws.com/NARAprodstorage/lz/presidential-libraries/bush/gb-nsc/321498039/1991-12-12--Mitsotakis-3.pdf
,,,Greece,Selected chronology,Selected,Doc 1.012,1992-06-10,"Telcon with Constantine Mitsotakis, Prime Minister of Greece, June 10, 1992",Telcon,George H. W. Bush; Constantine Mitsotakis,"Source: George H.W. Bush Library, Bush Presidential Records, National Security Council, Presidential Telcon Files, Telcon with Constantine Mitsotakis, Prime Minister of Greece, June 10, 1992. Release status: Full. NAID 428082239.",PDF extent: 3 pages. Digital object: 1992-06-10--Mitsotakis.pdf. Catalog: https://catalog.archives.gov/id/428082239.,https://catalog.archives.gov/id/428082239,https://s3.us-east-1.amazonaws.com/NARAprodstorage/lz/presidential-libraries/bush/gb-nsc/321498139/1992-06-10--Mitsotakis.pdf
,,,Greece,Selected chronology,Selected,Doc 1.013,1992-07-09,"Meeting With Prime Minister Constantine Mitsotakis of Greece, July 9, 1992",Memcon,George H. W. Bush; Constantine Mitsotakis,"Source: George H.W. Bush Library, Bush Presidential Records, National Security Council, Presidential Memcon Files, Meeting With Prime Minister Constantine Mitsotakis of Greece, July 9, 1992. Release status: Full. NAID 428082291.",PDF extent: 5 pages. Digital object: 1992-07-09--Mitsotakis.pdf. Catalog: https://catalog.archives.gov/id/428082291.,https://catalog.archives.gov/id/428082291,https://s3.us-east-1.amazonaws.com/NARAprodstorage/lz/presidential-libraries/bush/gb-nsc/321498039/1992-07-09--Mitsotakis.pdf
,,,Greece,Selected chronology,Selected,Doc 1.014,1992-11-17,"Meeting with Prime Minister Mitsotakis of Greece, November 17, 1992",Memcon,George H. W. Bush; Constantine Mitsotakis,"Source: George H.W. Bush Library, Bush Presidential Records, National Security Council, Presidential Memcon Files, Meeting with Prime Minister Mitsotakis of Greece, November 17, 1992. Release status: Full. NAID 428082333.",PDF extent: 7 pages. Digital object: 1992-11-17--Mitsotakis.pdf. Catalog: https://catalog.archives.gov/id/428082333.,https://catalog.archives.gov/id/428082333,https://s3.us-east-1.amazonaws.com/NARAprodstorage/lz/presidential-libraries/bush/gb-nsc/321498039/1992-11-17--Mitsotakis.pdf
,,,Greece,Source lead,743 / Open first,CC 007,1992-11-01,November 1992 [2],Central Chronological Files,02a. Memorandum To: Brent Scowcroft From: Jane Holl 11/13/92 (b)f1) g Re: President's Meeting with Prime Minister Mitsotakis of | Re: President's Meeting with Prime Minister Mitsotakis of Greece (1 pp.) | 02b. Memorandum From: Brent Scowcroft 11/17/92 (b)(1) Cc Re: Meeting with Prime Minister Mitsotakis (3 pp.) | Mitsotakis + memcon | Mitsotakis + telcon | Mitsotakis + memorandum of conversation | Denktash + memorandum | Ozal + memcon | Ozal + telcon | Demirel + memcon | Demirel + telcon,"Source: George H.W. Bush Library, Bush Presidential Records, National Security Council, European and Eurasian Directorate Central Chronological Files, November 1992 [2]. Access restriction: Restricted - Possibly. NAID 470761834.","Query hit(s): Mitsotakis + memcon, Mitsotakis + telcon, Mitsotakis + memorandum of conversation, Denktash + memorandum, Ozal + memcon, Ozal + telcon, Demirel + memcon, Demirel + telcon, Greek-Turkish + memorandum, Greece / Turkey / Cyprus + memcon, Greece / Turkey / Cyprus + telcon, Cyprus + memorandum of conversation, Turkey + memorandum of conversation. OCR status: First four pages OCR reviewed. OCR signals: 02a. Memorandum To: Brent Scowcroft From: Jane Holl 11/13/92 (b)f1) g Re: President's Meeting with Prime Minister Mitsotakis of | Re: President's Meeting with Prime Minister Mitsotakis of Greece (1 pp.) | 02b. Memorandum From: Brent Scowcroft 11/17/92 (b)(1) Cc Re: Meeting with Prime Minister Mitsotakis (3 pp.). PDF extent: 142 pages. Digital object: 41-bpr-nsc-euro_eura-cen_chron-30530-005.pdf. Catalog: https://catalog.archives.gov/id/470761834.",https://catalog.archives.gov/id/470761834,https://s3.dualstack.us-east-1.amazonaws.com/NARAprodstorage/lz/presidential-libraries/bush/gb-nsc/euro_eura_dir_374000108/41-bpr-nsc-euro_eura-cen_chron-30530-005.pdf
,,,Greece,Source lead,737 / Open first,BC 001,1989-06-01,June 1989 [6],Blackwill Chronological Files,"missing MEMCON is the Presidents meeting with Turkish Prime Minister Ozal, in Brussels on the morning of May 29. The | Minister Ozal, in Brussels on the morning of May 29. The | of Conversation for the Presidents May | Greece | Greek | Papandreou | Papandreou + memcon | Cyprus | Cypriot | Vassiliou | Vassiliou + Cyprus","Source: George H.W. Bush Library, Bush Presidential Records, National Security Council, Robert D. Blackwill Chronological Files, June 1989 [6]. Access restriction: Restricted - Possibly. NAID 453248088.","Query hit(s): Greece, Greek, Papandreou, Papandreou + memcon, Cyprus, Cypriot, Vassiliou, Vassiliou + Cyprus, Denktash, Turkey, Turkish, Ozal, Ozal + Turkey, Greece / Turkey / Cyprus, memcon, memorandum of conversation, telephone conversation. OCR status: Full PDF OCR reviewed. OCR signals: missing MEMCON is the Presidents meeting with Turkish Prime Minister Ozal, in Brussels on the morning of May 29. The | Minister Ozal, in Brussels on the morning of May 29. The | of Conversation for the Presidents May. PDF extent: 149 pages. Digital object: 41-bpr-nsc-blackwill_chron-30545-006.pdf. Catalog: https://catalog.archives.gov/id/453248088.",https://catalog.archives.gov/id/453248088,https://s3.dualstack.us-east-1.amazonaws.com/NARAprodstorage/lz/presidential-libraries/bush/gb-nsc/blackwill/chron_2554659/41-bpr-nsc-blackwill_chron-30545-006.pdf
,,,Greece,Source lead,737 / Open first,BC 002,1989-07-01,July 1989 [2],Blackwill Chronological Files,"missing MEMCON is the Presidents meeting with Turkish Prime Minister Ozal, in Brussels on the morning of May 29. The | Minister Ozal, in Brussels on the morning of May 29. The | Memorandum of Conversation for the May 30 Meeting Prime Minister Papandreou | Greece | Greek | Papandreou | Papandreou + memcon | Cyprus | Cypriot | Vassiliou | Vassiliou + Cyprus","Source: George H.W. Bush Library, Bush Presidential Records, National Security Council, Robert D. Blackwill Chronological Files, July 1989 [2]. Access restriction: Restricted - Possibly. NAID 453248091.","Query hit(s): Greece, Greek, Papandreou, Papandreou + memcon, Cyprus, Cypriot, Vassiliou, Vassiliou + Cyprus, Denktash, Turkey, Turkish, Ozal, Ozal + Turkey, Greece / Turkey / Cyprus, memcon, memorandum of conversation, telephone conversation. OCR status: Full PDF OCR reviewed. OCR signals: missing MEMCON is the Presidents meeting with Turkish Prime Minister Ozal, in Brussels on the morning of May 29. The | Minister Ozal, in Brussels on the morning of May 29. The | Memorandum of Conversation for the May 30 Meeting Prime Minister Papandreou. PDF extent: 151 pages. Digital object: 41-bpr-nsc-blackwill_chron-30546-002.pdf. Catalog: https://catalog.archives.gov/id/453248091.",https://catalog.archives.gov/id/453248091,https://s3.dualstack.us-east-1.amazonaws.com/NARAprodstorage/lz/presidential-libraries/bush/gb-nsc/blackwill/chron_2554659/41-bpr-nsc-blackwill_chron-30546-002.pdf
,,,Greece,Source lead,704 / Open first,CC 018,1992-07-01,July 1992 [3],Central Chronological Files,03. Memcon Meeting with Prime Minister Constantine Mitsotakis of Greece 7/9/92 oy) vA | 05. Memcon Meeting with Prime Minister Constantine Mitsotakis of Greece 7/9/92 oh) g | Mitsotakis + memcon | Mitsotakis + memorandum of conversation | Vassiliou + memcon | Cyprus / Denktash / Vassiliou | Denktash + memorandum | Ozal + memcon | Demirel + memcon | Yilmaz + memcon,"Source: George H.W. Bush Library, Bush Presidential Records, National Security Council, European and Eurasian Directorate Central Chronological Files, July 1992 [3]. Access restriction: Restricted - Possibly. NAID 470761820.","Query hit(s): Mitsotakis + memcon, Mitsotakis + memorandum of conversation, Vassiliou + memcon, Cyprus / Denktash / Vassiliou, Denktash + memorandum, Ozal + memcon, Demirel + memcon, Yilmaz + memcon, Greece / Turkey / Cyprus + memcon, Cyprus + memorandum of conversation, Turkey + memorandum of conversation. OCR status: First four pages OCR reviewed. OCR signals: 03. Memcon Meeting with Prime Minister Constantine Mitsotakis of Greece 7/9/92 oy) vA | 05. Memcon Meeting with Prime Minister Constantine Mitsotakis of Greece 7/9/92 oh) g. PDF extent: 167 pages. Digital object: 41-bpr-nsc-euro_eura-cen_chron-30528-001.pdf. Catalog: https://catalog.archives.gov/id/470761820.",https://catalog.archives.gov/id/470761820,https://s3.dualstack.us-east-1.amazonaws.com/NARAprodstorage/lz/presidential-libraries/bush/gb-nsc/euro_eura_dir_374000108/41-bpr-nsc-euro_eura-cen_chron-30528-001.pdf
,,,Greece,Source lead,642 / High-value source pool,RS 001-001,,Presidential Meetings--Memorandum of Conversations 7/11/91-7/22/91,Requested source pool: Scowcroft Papers,Greece | Greek | Papandreou | Mitsotakis | Cyprus | Cypriot | Vassiliou | Denktash | Turkey | Turkish,"Source: George H.W. Bush Library, Bush Presidential Records, Brent Scowcroft Collection, Presidential Correspondence Files, Presidential Meetings--Memorandum of Conversations 7/11/91-7/22/91. Access restriction: Restricted - Possibly. NAID 366551676.","Query hit(s): Greece, Greek, Papandreou, Mitsotakis, Cyprus, Cypriot, Vassiliou, Denktash, Turkey, Turkish, Ozal, Yilmaz, PKK, Aegean, Eastern Mediterranean, Greece / Turkey / Cyprus, memcon, memorandum of conversation. Digital object: 41-bpr-scow-pcor-memcon-91109-001.pdf. Catalog: https://catalog.archives.gov/id/366551676.",https://catalog.archives.gov/id/366551676,https://s3.amazonaws.com/NARAprodstorage/lz/presidential-libraries/bush/gb-gbs/4545941/41-bpr-scow-pcor-memcon-91109-001.pdf
,,,Greece,Source lead,587 / High-value source pool,RS 001-002,,Presidential Meetings--Memorandum of Conversations 7/9/92-12/22/92,Requested source pool: Scowcroft Papers,Greece | Greek | Papandreou | Mitsotakis | Cyprus | Cypriot | Vassiliou | Denktash | Clerides | Demirel,"Source: George H.W. Bush Library, Bush Presidential Records, Brent Scowcroft Collection, Presidential Correspondence Files, Presidential Meetings--Memorandum of Conversations 7/9/92-12/22/92. Access restriction: Restricted - Possibly. NAID 366551685.","Query hit(s): Greece, Greek, Papandreou, Mitsotakis, Cyprus, Cypriot, Vassiliou, Denktash, Clerides, Demirel, PKK, Greece / Turkey / Cyprus, memcon, memorandum of conversation. Digital object: 41-bpr-scow-pcor-memcon-91110-002.pdf. Catalog: https://catalog.archives.gov/id/366551685.",https://catalog.archives.gov/id/366551685,https://s3.amazonaws.com/NARAprodstorage/lz/presidential-libraries/bush/gb-gbs/4545941/41-bpr-scow-pcor-memcon-91110-002.pdf
,,,Greece,Source lead,568 / Open first,CC 075,1990-06-01,June 1990 [5],Central Chronological Files,Re: Meeting and Lunch with Prime Minister Mitsotakis (3 pp.) | 04b. Talking Points Points to be Made for Meeting with Mitsotakis (5 pp.) n.d. (b)(1) S 04c. Talking Points Points to be Made for Meeting with Mitsotakis (6 pp.) n.d. (b)(1) N) | 04c. Talking Points Points to be Made for Meeting with Mitsotakis (6 pp.) n.d. (b)(1) N) 04d. Report Government Report (2 pp.) 4/30/90 (b)(1) S | Mitsotakis + memorandum of conversation | Greek-Turkish + memorandum | Cyprus + memorandum of conversation | Turkey + memorandum of conversation,"Source: George H.W. Bush Library, Bush Presidential Records, National Security Council, European and Eurasian Directorate Central Chronological Files, June 1990 [5]. Access restriction: Restricted - Possibly. NAID 470761700.","Query hit(s): Mitsotakis + memorandum of conversation, Greek-Turkish + memorandum, Cyprus + memorandum of conversation, Turkey + memorandum of conversation. OCR status: First four pages OCR reviewed. OCR signals: Re: Meeting and Lunch with Prime Minister Mitsotakis (3 pp.) | 04b. Talking Points Points to be Made for Meeting with Mitsotakis (5 pp.) n.d. (b)(1) S 04c. Talking Points Points to be Made for Meeting with Mitsotakis (6 pp.) n.d. (b)(1) N) | 04c. Talking Points Points to be Made for Meeting with Mitsotakis (6 pp.) n.d. (b)(1) N) 04d. Report Government Report (2 pp.) 4/30/90 (b)(1) S. PDF extent: 95 pages. Digital object: 41-bpr-nsc-euro_eura-cen_chron-30507-004.pdf. Catalog: https://catalog.archives.gov/id/470761700.",https://catalog.archives.gov/id/470761700,https://s3.dualstack.us-east-1.amazonaws.com/NARAprodstorage/lz/presidential-libraries/bush/gb-nsc/euro_eura_dir_374000108/41-bpr-nsc-euro_eura-cen_chron-30507-004.pdf
,,,Greece,Source lead,567 / High-value source pool,RS 001-003,,Presidential Meetings--Memorandum of Conversations 3/3/92-4/28/92,Requested source pool: Scowcroft Papers,Greece | Greek | Mitsotakis | Cyprus | Cypriot | Vassiliou | Denktash | Turkish | Demirel | Eastern Mediterranean,"Source: George H.W. Bush Library, Bush Presidential Records, Brent Scowcroft Collection, Presidential Correspondence Files, Presidential Meetings--Memorandum of Conversations 3/3/92-4/28/92. Access restriction: Restricted - Possibly. NAID 366551682.","Query hit(s): Greece, Greek, Mitsotakis, Cyprus, Cypriot, Vassiliou, Denktash, Turkish, Demirel, Eastern Mediterranean, Greece / Turkey / Cyprus, memcon, memorandum of conversation. Digital object: 41-bpr-scow-pcor-memcon-91109-007.pdf. Catalog: https://catalog.archives.gov/id/366551682.",https://catalog.archives.gov/id/366551682,https://s3.amazonaws.com/NARAprodstorage/lz/presidential-libraries/bush/gb-gbs/4545941/41-bpr-scow-pcor-memcon-91109-007.pdf
,,,Greece,Source lead,564 / High-value source pool,RS 001-004,,Presidential Meetings--Memorandum of Conversations 2/1/92-2/27/92,Requested source pool: Scowcroft Papers,Greece | Greek | Mitsotakis | Cyprus | Denktash | Turkey | Turkish | Demirel | PKK | Aegean,"Source: George H.W. Bush Library, Bush Presidential Records, Brent Scowcroft Collection, Presidential Correspondence Files, Presidential Meetings--Memorandum of Conversations 2/1/92-2/27/92. Access restriction: Restricted - Possibly. NAID 366551681.","Query hit(s): Greece, Greek, Mitsotakis, Cyprus, Denktash, Turkey, Turkish, Demirel, PKK, Aegean, Greece / Turkey / Cyprus, memcon, memorandum of conversation. Digital object: 41-bpr-scow-pcor-memcon-91109-006.pdf. Catalog: https://catalog.archives.gov/id/366551681.",https://catalog.archives.gov/id/366551681,https://s3.amazonaws.com/NARAprodstorage/lz/presidential-libraries/bush/gb-gbs/4545941/41-bpr-scow-pcor-memcon-91109-006.pdf
,,,Greece,Source lead,562 / High-value source pool,RS 001-005,,Presidential Telephone Calls--Memorandum of Conversations 8/22/90-10/5/90,Requested source pool: Scowcroft Papers,Greece | Greek | Mitsotakis | Cyprus | Vassiliou | Turkey | Turkish | Ozal | Eastern Mediterranean | Greece / Turkey / Cyprus,"Source: George H.W. Bush Library, Bush Presidential Records, Brent Scowcroft Collection, Presidential Correspondence Files, Presidential Telephone Calls--Memorandum of Conversations 8/22/90-10/5/90. Access restriction: Restricted - Possibly. NAID 366551694.","Query hit(s): Greece, Greek, Mitsotakis, Cyprus, Vassiliou, Turkey, Turkish, Ozal, Eastern Mediterranean, Greece / Turkey / Cyprus, telcon, memorandum of conversation, telephone conversation. Digital object: 41-bpr-scow-pcor-telcon-91112-002.pdf. Catalog: https://catalog.archives.gov/id/366551694.",https://catalog.archives.gov/id/366551694,https://s3.amazonaws.com/NARAprodstorage/lz/presidential-libraries/bush/gb-gbs/4545941/41-bpr-scow-pcor-telcon-91112-002.pdf
,,,Greece,Source lead,558 / Open first,BC 020,1990-03-01,Mar-90,Blackwill Chronological Files,"consensus. | Aegean No None None Turkey probably will not support sanctions. Little change, except for Greece where new | Greece may follow EC consensus. conservative government may be more | Greece | Turkey | Aegean | memorandum of conversation | telephone conversation","Source: George H.W. Bush Library, Bush Presidential Records, National Security Council, Robert D. Blackwill Chronological Files, Mar-90. Access restriction: Restricted - Possibly. NAID 453248108.","Query hit(s): Greece, Turkey, Aegean, memorandum of conversation, telephone conversation. OCR status: Full PDF OCR reviewed. OCR signals: consensus. | Aegean No None None Turkey probably will not support sanctions. Little change, except for Greece where new | Greece may follow EC consensus. conservative government may be more. PDF extent: 39 pages. Digital object: 41-bpr-nsc-blackwill_chron-30547-012.pdf. Catalog: https://catalog.archives.gov/id/453248108.",https://catalog.archives.gov/id/453248108,https://s3.dualstack.us-east-1.amazonaws.com/NARAprodstorage/lz/presidential-libraries/bush/gb-nsc/blackwill/chron_2554659/41-bpr-nsc-blackwill_chron-30547-012.pdf
,,,Greece,Source lead,555 / High-value source pool,RS 001-006,,Presidential Listing of 1989-1992 Meetings/Telephone Calls,Requested source pool: Scowcroft Papers,Greece | Papandreou | Mitsotakis | Zolotas | Cyprus | Vassiliou | Turkey | Ozal | Demirel | Yilmaz,"Source: George H.W. Bush Library, Bush Presidential Records, Brent Scowcroft Collection, Brent Scowcroft Administrative Files, Presidential Listing of 1989-1992 Meetings/Telephone Calls. Access restriction: Restricted - Possibly. NAID 366552177.","Query hit(s): Greece, Papandreou, Mitsotakis, Zolotas, Cyprus, Vassiliou, Turkey, Ozal, Demirel, Yilmaz, Greece / Turkey / Cyprus. Digital object: 41-bpr-scow-admin-85038-002.pdf. Catalog: https://catalog.archives.gov/id/366552177.",https://catalog.archives.gov/id/366552177,https://s3.dualstack.us-east-1.amazonaws.com/NARAprodstorage/lz/presidential-libraries/bush/gb-gbs/74785770/41-bpr-scow-admin-85038-002.pdf
,,,Greece,Source lead,550 / High-value source pool,RS 001-007,,Presidential Meetings--Memorandum of Conversations 1/11/90-2/21/90,Requested source pool: Scowcroft Papers,Greece | Greek | Cyprus | Vassiliou | Denktash | Turkey | Turkish | Ozal | Eastern Mediterranean | Greece / Turkey / Cyprus,"Source: George H.W. Bush Library, Bush Presidential Records, Brent Scowcroft Collection, Presidential Correspondence Files, Presidential Meetings--Memorandum of Conversations 1/11/90-2/21/90. Access restriction: Restricted - Possibly. NAID 366551666.","Query hit(s): Greece, Greek, Cyprus, Vassiliou, Denktash, Turkey, Turkish, Ozal, Eastern Mediterranean, Greece / Turkey / Cyprus, memcon, memorandum of conversation. Digital object: 41-bpr-scow-pcor-memcon-91107-007.pdf. Catalog: https://catalog.archives.gov/id/366551666.",https://catalog.archives.gov/id/366551666,https://s3.amazonaws.com/NARAprodstorage/lz/presidential-libraries/bush/gb-gbs/4545941/41-bpr-scow-pcor-memcon-91107-007.pdf
,,,Greece,Source lead,546 / High-value source pool,RS 001-008,,Presidential Meetings--Memorandum of Conversations 11/13/90-12/21/90,Requested source pool: Scowcroft Papers,Greece | Greek | Mitsotakis | Cyprus | Denktash | Turkey | Turkish | Ozal | Incirlik | Greece / Turkey / Cyprus,"Source: George H.W. Bush Library, Bush Presidential Records, Brent Scowcroft Collection, Presidential Correspondence Files, Presidential Meetings--Memorandum of Conversations 11/13/90-12/21/90. Access restriction: Restricted - Possibly. NAID 366551672.","Query hit(s): Greece, Greek, Mitsotakis, Cyprus, Denktash, Turkey, Turkish, Ozal, Incirlik, Greece / Turkey / Cyprus, memcon, memorandum of conversation. Digital object: 41-bpr-scow-pcor-memcon-91108-003.pdf. Catalog: https://catalog.archives.gov/id/366551672.",https://catalog.archives.gov/id/366551672,https://s3.amazonaws.com/NARAprodstorage/lz/presidential-libraries/bush/gb-gbs/4545941/41-bpr-scow-pcor-memcon-91108-003.pdf
,,,Greece,Source lead,541 / High-value source pool,RS 001-009,,Desert Shield/Desert Storm (September 1990) Part I [2],Requested source pool: Scowcroft Papers,Greece | Greek | Papandreou | Mitsotakis | Cyprus | Turkey | Turkish | Ozal | Yilmaz | Aegean,"Source: George H.W. Bush Library, Bush Presidential Records, Brent Scowcroft Collection, Desert Shield and Desert Storm Files, Desert Shield/Desert Storm (September 1990) Part I [2]. Access restriction: Restricted - Possibly. NAID 366551957.","Query hit(s): Greece, Greek, Papandreou, Mitsotakis, Cyprus, Turkey, Turkish, Ozal, Yilmaz, Aegean, Greece / Turkey / Cyprus. Digital object: 41-bpr-scow-dsds-chr-91144-002.pdf. Catalog: https://catalog.archives.gov/id/366551957.",https://catalog.archives.gov/id/366551957,https://s3.amazonaws.com/NARAprodstorage/lz/presidential-libraries/bush/gb-gbs/4708319/41-bpr-scow-dsds-chr-91144-002.pdf
,,,Greece,Source lead,537 / High-value source pool,RS 002-001,1993-01-05 to 1993-01-05,"Tuesday, January 5, 1993 [2]",Requested source pool: Presidential Daily File,Greece | Greek | Mitsotakis | Cyprus | Cypriot | Vassiliou | Denktash | Turkey | Turkish | Demirel,"Source: George H.W. Bush Library, George H. W. Bush Papers, Presidential Daily Files, Tuesday, January 5, 1993 [2]. Access restriction: Restricted - Possibly. NAID 470418284.","Query hit(s): Greece, Greek, Mitsotakis, Cyprus, Cypriot, Vassiliou, Denktash, Turkey, Turkish, Demirel, Greece / Turkey / Cyprus. Digital object: 41-bpr-ootp-daily_files-90746-009.pdf. Catalog: https://catalog.archives.gov/id/470418284.",https://catalog.archives.gov/id/470418284,https://s3.amazonaws.com/NARAprodstorage/lz/presidential-libraries/bush/gb-gbpp/Pres_Daily_Files_595141/1993/41-bpr-ootp-daily_files-90746-009.pdf
,,,Greece,Source lead,536 / High-value source pool,RS 002-002,1991-11-22 to 1991-11-22,"Friday, November 22, 1991 [2]",Requested source pool: Presidential Daily File,Greece | Greek | Mitsotakis | Cyprus | Cypriot | Vassiliou | Turkey | Turkish | Yilmaz | Eastern Mediterranean,"Source: George H.W. Bush Library, George H. W. Bush Papers, Presidential Daily Files, Friday, November 22, 1991 [2]. Access restriction: Restricted - Possibly. NAID 470417464.","Query hit(s): Greece, Greek, Mitsotakis, Cyprus, Cypriot, Vassiliou, Turkey, Turkish, Yilmaz, Eastern Mediterranean, Greece / Turkey / Cyprus. Digital object: 41-bpr-ootp-daily_files-90635-006.pdf. Catalog: https://catalog.archives.gov/id/470417464.",https://catalog.archives.gov/id/470417464,https://s3.amazonaws.com/NARAprodstorage/lz/presidential-libraries/bush/gb-gbpp/Pres_Daily_Files_595141/1991/41-bpr-ootp-daily_files-90635-006.pdf
,,,Greece,Source lead,535 / High-value source pool,RS 001-010,,Presidential Meetings--Memorandum of Conversations 7/1/92-7/9/92,Requested source pool: Scowcroft Papers,Greece | Mitsotakis | Cyprus | Vassiliou | Denktash | Demirel | Yilmaz | Greece / Turkey / Cyprus | memcon | memorandum of conversation,"Source: George H.W. Bush Library, Bush Presidential Records, Brent Scowcroft Collection, Presidential Correspondence Files, Presidential Meetings--Memorandum of Conversations 7/1/92-7/9/92. Access restriction: Restricted - Possibly. NAID 366551684.","Query hit(s): Greece, Mitsotakis, Cyprus, Vassiliou, Denktash, Demirel, Yilmaz, Greece / Turkey / Cyprus, memcon, memorandum of conversation. Digital object: 41-bpr-scow-pcor-memcon-91110-001.pdf. Catalog: https://catalog.archives.gov/id/366551684.",https://catalog.archives.gov/id/366551684,https://s3.amazonaws.com/NARAprodstorage/lz/presidential-libraries/bush/gb-gbs/4545941/41-bpr-scow-pcor-memcon-91110-001.pdf
,,,Greece,Source lead,531 / High-value source pool,RS 001-012,,Other (July 1989),Requested source pool: Scowcroft Papers,Greece | Greek | Papandreou | Cyprus | Cypriot | Vassiliou | Denktash | Turkish | Ozal | memcon,"Source: George H.W. Bush Library, Bush Presidential Records, Brent Scowcroft Collection, Chronological Files, Other (July 1989). Access restriction: Restricted - Possibly. NAID 366551995.","Query hit(s): Greece, Greek, Papandreou, Cyprus, Cypriot, Vassiliou, Denktash, Turkish, Ozal, memcon, memorandum of conversation. Digital object: 41-bpr-scow-chron-91148-006.pdf. Catalog: https://catalog.archives.gov/id/366551995.",https://catalog.archives.gov/id/366551995,https://s3.amazonaws.com/NARAprodstorage/lz/presidential-libraries/bush/gb-gbs/4708326/41-bpr-scow-chron-91148-006.pdf
,,,Greece,Source lead,531 / High-value source pool,RS 001-011,,Desert Shield/Desert Storm (March 1991) [2],Requested source pool: Scowcroft Papers,Greek | Mitsotakis | Cyprus | Vassiliou | Turkey | Turkish | Ozal | Incirlik | Aegean | Greece / Turkey / Cyprus,"Source: George H.W. Bush Library, Bush Presidential Records, Brent Scowcroft Collection, Desert Shield and Desert Storm Files, Desert Shield/Desert Storm (March 1991) [2]. Access restriction: Restricted - Possibly. NAID 366551985.","Query hit(s): Greek, Mitsotakis, Cyprus, Vassiliou, Turkey, Turkish, Ozal, Incirlik, Aegean, Greece / Turkey / Cyprus. Digital object: 41-bpr-scow-dsds-chr-91147-005.pdf. Catalog: https://catalog.archives.gov/id/366551985.",https://catalog.archives.gov/id/366551985,https://s3.amazonaws.com/NARAprodstorage/lz/presidential-libraries/bush/gb-gbs/4708319/41-bpr-scow-dsds-chr-91147-005.pdf
,,,Greece,Source lead,531 / High-value source pool,RS 001-013,,Presidential Telephone Calls--Memorandum of Conversations 8/5/91-9/25/91,Requested source pool: Scowcroft Papers,Mitsotakis | Cyprus | Denktash | Turkey | Ozal | Yilmaz | Greece / Turkey / Cyprus | telcon | memorandum of conversation | telephone conversation,"Source: George H.W. Bush Library, Bush Presidential Records, Brent Scowcroft Collection, Presidential Correspondence Files, Presidential Telephone Calls--Memorandum of Conversations 8/5/91-9/25/91. Access restriction: Restricted - Possibly. NAID 366551701.","Query hit(s): Mitsotakis, Cyprus, Denktash, Turkey, Ozal, Yilmaz, Greece / Turkey / Cyprus, telcon, memorandum of conversation, telephone conversation. Digital object: 41-bpr-scow-pcor-telcon-91113-001.pdf. Catalog: https://catalog.archives.gov/id/366551701.",https://catalog.archives.gov/id/366551701,https://s3.amazonaws.com/NARAprodstorage/lz/presidential-libraries/bush/gb-gbs/4545941/41-bpr-scow-pcor-telcon-91113-001.pdf
,,,Greece,Source lead,528 / High-value source pool,RS 001-014,,Presidential Meetings--Memorandum of Conversations 10/16/91-12/17/91,Requested source pool: Scowcroft Papers,Greece | Greek | Mitsotakis | Cyprus | Vassiliou | Demirel | Yilmaz | Greece / Turkey / Cyprus | memcon | memorandum of conversation,"Source: George H.W. Bush Library, Bush Presidential Records, Brent Scowcroft Collection, Presidential Correspondence Files, Presidential Meetings--Memorandum of Conversations 10/16/91-12/17/91. Access restriction: Restricted - Possibly. NAID 366551679.","Query hit(s): Greece, Greek, Mitsotakis, Cyprus, Vassiliou, Demirel, Yilmaz, Greece / Turkey / Cyprus, memcon, memorandum of conversation. Digital object: 41-bpr-scow-pcor-memcon-91109-004.pdf. Catalog: https://catalog.archives.gov/id/366551679.",https://catalog.archives.gov/id/366551679,https://s3.amazonaws.com/NARAprodstorage/lz/presidential-libraries/bush/gb-gbs/4545941/41-bpr-scow-pcor-memcon-91109-004.pdf
,,,Greece,Source lead,527 / High-value source pool,RS 001-015,,Presidential Meetings--Memorandum of Conversations 5/17/90-6/26/90,Requested source pool: Scowcroft Papers,Greece | Greek | Papandreou | Mitsotakis | Cyprus | Vassiliou | Demirel | Greece / Turkey / Cyprus | memcon | memorandum of conversation,"Source: George H.W. Bush Library, Bush Presidential Records, Brent Scowcroft Collection, Presidential Correspondence Files, Presidential Meetings--Memorandum of Conversations 5/17/90-6/26/90. Access restriction: Restricted - Possibly. NAID 366551669.","Query hit(s): Greece, Greek, Papandreou, Mitsotakis, Cyprus, Vassiliou, Demirel, Greece / Turkey / Cyprus, memcon, memorandum of conversation. Digital object: 41-bpr-scow-pcor-memcon-91107-010.pdf. Catalog: https://catalog.archives.gov/id/366551669.",https://catalog.archives.gov/id/366551669,https://s3.amazonaws.com/NARAprodstorage/lz/presidential-libraries/bush/gb-gbs/4545941/41-bpr-scow-pcor-memcon-91107-010.pdf
,,,Greece,Source lead,524 / High-value source pool,RS 001-016,,Presidential Meetings--Memorandum of Conversations 10/3/89-12/16/89,Requested source pool: Scowcroft Papers,Greek | Cyprus | Cypriot | Vassiliou | Denktash | Turkish | Eastern Mediterranean | Greece / Turkey / Cyprus | memcon | memorandum of conversation,"Source: George H.W. Bush Library, Bush Presidential Records, Brent Scowcroft Collection, Presidential Correspondence Files, Presidential Meetings--Memorandum of Conversations 10/3/89-12/16/89. Access restriction: Restricted - Possibly. NAID 366551665.","Query hit(s): Greek, Cyprus, Cypriot, Vassiliou, Denktash, Turkish, Eastern Mediterranean, Greece / Turkey / Cyprus, memcon, memorandum of conversation. Digital object: 41-bpr-scow-pcor-memcon-91107-006.pdf. Catalog: https://catalog.archives.gov/id/366551665.",https://catalog.archives.gov/id/366551665,https://s3.amazonaws.com/NARAprodstorage/lz/presidential-libraries/bush/gb-gbs/4545941/41-bpr-scow-pcor-memcon-91107-006.pdf
,,,Greece,Source lead,515 / High-value source pool,RS 001-017,,Presidential Telephone Calls--Memorandum of Conversations 4/10/92-6/30/92,Requested source pool: Scowcroft Papers,Mitsotakis | Cyprus | Denktash | Turkey | Demirel | Greece / Turkey / Cyprus | telcon | memorandum of conversation | telephone conversation,"Source: George H.W. Bush Library, Bush Presidential Records, Brent Scowcroft Collection, Presidential Correspondence Files, Presidential Telephone Calls--Memorandum of Conversations 4/10/92-6/30/92. Access restriction: Restricted - Possibly. NAID 366551704.","Query hit(s): Mitsotakis, Cyprus, Denktash, Turkey, Demirel, Greece / Turkey / Cyprus, telcon, memorandum of conversation, telephone conversation. Digital object: 41-bpr-scow-pcor-telcon-91113-004.pdf. Catalog: https://catalog.archives.gov/id/366551704.",https://catalog.archives.gov/id/366551704,https://s3.amazonaws.com/NARAprodstorage/lz/presidential-libraries/bush/gb-gbs/4545941/41-bpr-scow-pcor-telcon-91113-004.pdf
,,,Greece,Declassification follow-up,Partial,Doc 1.010,1991-12-12,"Meeting with Prime Minister Constantine Mitsotakis of Greece, December 12, 1991 (2 of 3)",Memcon,Compare released text against source context and request full review of withheld passages if needed.,"Source: George H.W. Bush Library, Bush Presidential Records, National Security Council, Presidential Memcon Files, Meeting with Prime Minister Constantine Mitsotakis of Greece, December 12, 1991 (2 of 3). Release status: Partial. NAID 428082073.",PDF extent: 7 pages. Digital object: 1991-12-12--Mitsotakis-2.pdf. Catalog: https://catalog.archives.gov/id/428082073.,https://catalog.archives.gov/id/428082073,https://s3.us-east-1.amazonaws.com/NARAprodstorage/lz/presidential-libraries/bush/gb-nsc/321498039/1991-12-12--Mitsotakis-2.pdf
,,,Greece,Citation/data-quality issue,fix before citation,Scout 023,1991-07-20,Souda Bay Naval Stationn - Crete 7/20/91 [OA 8325] [2],NARA Scout,"Title spelling variant: Found Stationn in title, documentTitle, sourceNote; review against preferred form Station.",Verify whether the Catalog title contains a typo before citation or selection.,,https://catalog.archives.gov/id/323153447,https://s3.amazonaws.com/NARAprodstorage/lz/presidential-libraries/bush/gb-spe/speechwriting_backup_chron_579003/41-bpr-speech-backup-chron-13765-001_323153447.pdf
,,,Greece,Citation/data-quality issue,fix before citation,Doc 1.001,1989-05-30,"Meeting with Andreas Papandreaou, Prime Minister of Greece, May 30, 1989",Selected chronology,"Name/title spelling variant: Found Papandreaou in title, documentTitle, sourceNote; review against preferred form Papandreou.",Verify whether to preserve the Catalog title spelling or normalize in compiler notes.,,https://catalog.archives.gov/id/428082497,https://s3.us-east-1.amazonaws.com/NARAprodstorage/lz/presidential-libraries/bush/gb-nsc/321498039/1989-05-30--Papandreou.pdf
,,,Greece,Citation/data-quality issue,caveat,Doc 1.001 / Schedule NAID 415889858,1989-05-30,[Presidential Daily Diary] 5/30/1989 [EMPTY],Schedule corroboration,Schedule title caveat: Schedule title includes [EMPTY]: [Presidential Daily Diary] 5/30/1989 [EMPTY].,Use as schedule corroboration only after reviewing the PDF content.,,https://catalog.archives.gov/id/415889858,https://s3.amazonaws.com/NARAprodstorage/lz/presidential-libraries/bush/gb-whasf/Presidential_Daily_Diary_186322/1989/41-bpr-apts_sch-dd-05_30_89-12798-011_415889858.pdf
,,,Greece,Citation/data-quality issue,caveat,Doc 1.003 / Schedule NAID 415890220,1989-11-27,[Presidential Daily Diary] 11/27/1989 [EMPTY],Schedule corroboration,Schedule title caveat: Schedule title includes [EMPTY]: [Presidential Daily Diary] 11/27/1989 [EMPTY].,Use as schedule corroboration only after reviewing the PDF content.,,https://catalog.archives.gov/id/415890220,https://s3.amazonaws.com/NARAprodstorage/lz/presidential-libraries/bush/gb-whasf/Presidential_Daily_Diary_186322/1989/41-bpr-apts_sch-dd-11_27_89-12812-011_415890220.pdf
,,,Greece,Citation/data-quality issue,caveat,Doc 1.005 / Schedule NAID 415890756,1990-08-22,[Presidential Daily Diary] 8/22/1990 [EMPTY],Schedule corroboration,Schedule title caveat: Schedule title includes [EMPTY]: [Presidential Daily Diary] 8/22/1990 [EMPTY].,Use as schedule corroboration only after reviewing the PDF content.,,https://catalog.archives.gov/id/415890756,https://s3.amazonaws.com/NARAprodstorage/lz/presidential-libraries/bush/gb-whasf/Presidential_Daily_Diary_186322/1990/41-bpr-apts_sch-dd-08_22_90-12834-031_415890756.pdf
,,,Greece,Citation/data-quality issue,caveat,Doc 1.006 / Schedule NAID 415890940,1990-11-21,[Presidential Daily Diary] 11/21/1990 [EMPTY],Schedule corroboration,Schedule title caveat: Schedule title includes [EMPTY]: [Presidential Daily Diary] 11/21/1990 [EMPTY].,Use as schedule corroboration only after reviewing the PDF content.,,https://catalog.archives.gov/id/415890940,https://s3.amazonaws.com/NARAprodstorage/lz/presidential-libraries/bush/gb-whasf/Presidential_Daily_Diary_186322/1990/41-bpr-apts_sch-dd-11_21_90-12843-001_415890940.pdf
,,,Greece,Citation/data-quality issue,caveat,Doc 1.013 / Schedule NAID 415892141,1992-07-09,[Presidential Daily Diary] 7/9/1992 [EMPTY],Schedule corroboration,Schedule title caveat: Schedule title includes [EMPTY]: [Presidential Daily Diary] 7/9/1992 [EMPTY].,Use as schedule corroboration only after reviewing the PDF content.,,https://catalog.archives.gov/id/415892141,https://s3.dualstack.us-east-1.amazonaws.com/NARAprodstorage/lz/presidential-libraries/bush/gb-whasf/Presidential_Daily_Diary_186322/1992/41-bpr-apts_sch-dd-07_09_92-12895-013_415892141.pdf
,,,Cyprus,Selected chronology,Selected,Doc 2.001,1989-10-04,"Meeting with George Vassiliou, President of Cyprus",Memcon,George H. W. Bush; George Vassiliou,"Source: George H.W. Bush Library, Bush Presidential Records, National Security Council, Presidential Memcon Files, Meeting with George Vassiliou, President of Cyprus. Release status: Full. NAID 428080249.",PDF extent: 6 pages. Digital object: 1989-10-04--Vassiliou.pdf. Catalog: https://catalog.archives.gov/id/428080249.,https://catalog.archives.gov/id/428080249,https://s3.us-east-1.amazonaws.com/NARAprodstorage/lz/presidential-libraries/bush/gb-nsc/321498039/1989-10-04--Vassiliou.pdf
,,,Cyprus,Selected chronology,Selected,Doc 2.002,1990-08-25,"Telephone Conversation with President George Vassiliou of Cyprus, August 25, 1990",Telcon,George H. W. Bush; George Vassiliou,"Source: George H.W. Bush Library, Bush Presidential Records, National Security Council, Presidential Telcon Files, Telephone Conversation with President George Vassiliou of Cyprus, August 25, 1990. Release status: Full. NAID 428080971.",PDF extent: 3 pages. Digital object: 1990-08-25--Vassiliou.pdf. Catalog: https://catalog.archives.gov/id/428080971.,https://catalog.archives.gov/id/428080971,https://s3.us-east-1.amazonaws.com/NARAprodstorage/lz/presidential-libraries/bush/gb-nsc/321498139/1990-08-25--Vassiliou.pdf
,,,Cyprus,Selected chronology,Release/marker review,Doc 2.003,1992-03-30,"Meeting with George Vassiliou, President of Cyprus, March 30, 1992",Memcon,George H. W. Bush; George Vassiliou,"Source: George H.W. Bush Library, Bush Presidential Records, National Security Council, Presidential Memcon Files, Meeting with George Vassiliou, President of Cyprus, March 30, 1992. Release status: Partial. NAID 428082149.",PDF extent: 6 pages. Digital object: 1992-03-30--Vassiliou.pdf. Catalog: https://catalog.archives.gov/id/428082149.,https://catalog.archives.gov/id/428082149,https://s3.us-east-1.amazonaws.com/NARAprodstorage/lz/presidential-libraries/bush/gb-nsc/321498039/1992-03-30--Vassiliou.pdf
,,,Cyprus,Source lead,745 / Open first,BC 003,1989-05-01,May 1989 [7],Blackwill Chronological Files,"Subject: Request for Bilateral with Greek Prime | Minister Papandreou | under the auspices of the U.N. Secretary General, between Cypriot | Greece | Greek | Papandreou | Cyprus | Cypriot | Vassiliou | Vassiliou + Cyprus | Denktash","Source: George H.W. Bush Library, Bush Presidential Records, National Security Council, Robert D. Blackwill Chronological Files, May 1989 [7]. Access restriction: Restricted - Possibly. NAID 453248079.","Query hit(s): Greece, Greek, Papandreou, Cyprus, Cypriot, Vassiliou, Vassiliou + Cyprus, Denktash, Turkey, Turkish, Ozal, Ozal + Turkey, Greece / Turkey / Cyprus, memorandum of conversation, telephone conversation. OCR status: Full PDF OCR reviewed. OCR signals: Subject: Request for Bilateral with Greek Prime | Minister Papandreou | under the auspices of the U.N. Secretary General, between Cypriot. PDF extent: 133 pages. Digital object: 41-bpr-nsc-blackwill_chron-30544-003.pdf. Catalog: https://catalog.archives.gov/id/453248079.",https://catalog.archives.gov/id/453248079,https://s3.dualstack.us-east-1.amazonaws.com/NARAprodstorage/lz/presidential-libraries/bush/gb-nsc/blackwill/chron_2554659/41-bpr-nsc-blackwill_chron-30544-003.pdf
,,,Cyprus,Source lead,727 / Open first,CC 021,1992-01-01,January 1992 [2],Central Chronological Files,01. Memorandum To: Brent Scowcroft From: Jane Holl 1/30/92 (b1) vA Re: Cyprus (2 pp.) | 07. Memorandum To: Brent Scowcroft From: Jane Holl 1/28/92 (bl) Re: Cyprus (2 pp.) | To: Brent Scowcroft From: Jane Holl Re: Meeting with Greek Foreign Minister (2 pp.) | Mitsotakis + telcon | Mitsotakis + memorandum of conversation | Vassiliou + telcon | Cyprus / Denktash / Vassiliou | Denktash + memorandum | Demirel + telcon | Greek-Turkish + memorandum | Greece / Turkey / Cyprus + telcon,"Source: George H.W. Bush Library, Bush Presidential Records, National Security Council, European and Eurasian Directorate Central Chronological Files, January 1992 [2]. Access restriction: Restricted - Possibly. NAID 470761791.","Query hit(s): Mitsotakis + telcon, Mitsotakis + memorandum of conversation, Vassiliou + telcon, Cyprus / Denktash / Vassiliou, Denktash + memorandum, Demirel + telcon, Greek-Turkish + memorandum, Greece / Turkey / Cyprus + telcon, Cyprus + memorandum of conversation, Turkey + memorandum of conversation. OCR status: First four pages OCR reviewed. OCR signals: 01. Memorandum To: Brent Scowcroft From: Jane Holl 1/30/92 (b1) vA Re: Cyprus (2 pp.) | 07. Memorandum To: Brent Scowcroft From: Jane Holl 1/28/92 (bl) Re: Cyprus (2 pp.) | To: Brent Scowcroft From: Jane Holl Re: Meeting with Greek Foreign Minister (2 pp.). PDF extent: 91 pages. Digital object: 41-bpr-nsc-euro_eura-cen_chron-30522-006.pdf. Catalog: https://catalog.archives.gov/id/470761791.",https://catalog.archives.gov/id/470761791,https://s3.dualstack.us-east-1.amazonaws.com/NARAprodstorage/lz/presidential-libraries/bush/gb-nsc/euro_eura_dir_374000108/41-bpr-nsc-euro_eura-cen_chron-30522-006.pdf
,,,Cyprus,Source lead,707 / Open first,CC 028,1991-08-01,August 1991 [2],Central Chronological Files,02b. Memorandum To: Brent Scowcroft From: David Gompert 8/3/91 (b)(1) S Re: Cyprus (2 pp.) | 04. Memorandum To: Brent Scowcroft From: David Gompert 8/5/91 (b)(1) S Re: Cyprus (1 pp.) | 05a. Memorandum To: Brent Scowcroft From: David Gompert 8/2/91 yt) go Re: Presidential Message to Vassiliou (1 pp.) | Vassiliou + memcon | Vassiliou + telcon | Cyprus / Denktash / Vassiliou | Denktash + memorandum | Ozal + memcon | Ozal + telcon | Greek-Turkish + memorandum | Cyprus + memorandum of conversation,"Source: George H.W. Bush Library, Bush Presidential Records, National Security Council, European and Eurasian Directorate Central Chronological Files, August 1991 [2]. Access restriction: Restricted - Possibly. NAID 470761771.","Query hit(s): Vassiliou + memcon, Vassiliou + telcon, Cyprus / Denktash / Vassiliou, Denktash + memorandum, Ozal + memcon, Ozal + telcon, Greek-Turkish + memorandum, Cyprus + memorandum of conversation, Turkey + memorandum of conversation. OCR status: First four pages OCR reviewed. OCR signals: 02b. Memorandum To: Brent Scowcroft From: David Gompert 8/3/91 (b)(1) S Re: Cyprus (2 pp.) | 04. Memorandum To: Brent Scowcroft From: David Gompert 8/5/91 (b)(1) S Re: Cyprus (1 pp.) | 05a. Memorandum To: Brent Scowcroft From: David Gompert 8/2/91 yt) go Re: Presidential Message to Vassiliou (1 pp.). PDF extent: 144 pages. Digital object: 41-bpr-nsc-euro_eura-cen_chron-30519-001.pdf. Catalog: https://catalog.archives.gov/id/470761771.",https://catalog.archives.gov/id/470761771,https://s3.dualstack.us-east-1.amazonaws.com/NARAprodstorage/lz/presidential-libraries/bush/gb-nsc/euro_eura_dir_374000108/41-bpr-nsc-euro_eura-cen_chron-30519-001.pdf
,,,Cyprus,Source lead,706 / Open first,CC 029,1992-12-01,December 1992 [4],Central Chronological Files,02h. Paper Maintaining Our New Strategic Relationship with Turkey (1 pp.) n.d. (bX 1) vA | 02i. Paper Settline the Cyprus Problem (1 pp.) n.d. ot ) vA | 02j. Paper Bosnia (1 pp.) n.d. (yf) g | Vassiliou + telcon | Cyprus / Denktash / Vassiliou | Denktash + memorandum | Ozal + telcon | Demirel + telcon | Greek-Turkish + memorandum | Greece / Turkey / Cyprus + telcon | Cyprus + memorandum of conversation,"Source: George H.W. Bush Library, Bush Presidential Records, National Security Council, European and Eurasian Directorate Central Chronological Files, December 1992 [4]. Access restriction: Restricted - Possibly. NAID 470761838.","Query hit(s): Vassiliou + telcon, Cyprus / Denktash / Vassiliou, Denktash + memorandum, Ozal + telcon, Demirel + telcon, Greek-Turkish + memorandum, Greece / Turkey / Cyprus + telcon, Cyprus + memorandum of conversation, Turkey + memorandum of conversation. OCR status: First four pages OCR reviewed. OCR signals: 02h. Paper Maintaining Our New Strategic Relationship with Turkey (1 pp.) n.d. (bX 1) vA | 02i. Paper Settline the Cyprus Problem (1 pp.) n.d. ot ) vA | 02j. Paper Bosnia (1 pp.) n.d. (yf) g. PDF extent: 192 pages. Digital object: 41-bpr-nsc-euro_eura-cen_chron-30531-004.pdf. Catalog: https://catalog.archives.gov/id/470761838.",https://catalog.archives.gov/id/470761838,https://s3.dualstack.us-east-1.amazonaws.com/NARAprodstorage/lz/presidential-libraries/bush/gb-nsc/euro_eura_dir_374000108/41-bpr-nsc-euro_eura-cen_chron-30531-004.pdf
,,,Cyprus,Source lead,692 / Open first,BC 007,1989-03-01,March 1989 [4],Blackwill Chronological Files,"When President Vassiliou was elected in February 1988, he evoked | high expectations that he would take a fresh look at the Cyprus | problem. He met with then-President Reagan in August and has had | Cyprus | Cypriot | Vassiliou | Vassiliou + Cyprus | Denktash | Turkey | Turkish | Ozal","Source: George H.W. Bush Library, Bush Presidential Records, National Security Council, Robert D. Blackwill Chronological Files, March 1989 [4]. Access restriction: Restricted - Possibly. NAID 453248061.","Query hit(s): Cyprus, Cypriot, Vassiliou, Vassiliou + Cyprus, Denktash, Turkey, Turkish, Ozal, Ozal + Turkey, memorandum of conversation, telephone conversation. OCR status: Full PDF OCR reviewed. OCR signals: When President Vassiliou was elected in February 1988, he evoked | high expectations that he would take a fresh look at the Cyprus | problem. He met with then-President Reagan in August and has had. PDF extent: 63 pages. Digital object: 41-bpr-nsc-blackwill_chron-30541-003.pdf. Catalog: https://catalog.archives.gov/id/453248061.",https://catalog.archives.gov/id/453248061,https://s3.dualstack.us-east-1.amazonaws.com/NARAprodstorage/lz/presidential-libraries/bush/gb-nsc/blackwill/chron_2554659/41-bpr-nsc-blackwill_chron-30541-003.pdf
,,,Cyprus,Source lead,651 / Open first,CC 055,1990-08-01,August 1990 [7],Central Chronological Files,06a. Letter To: President Vassiliou From: President Bush 8/9/90 (b)(1) Re: Cyprus (2 pp.) | 06b. Cable To: Distribution List From: AmEmbassy Nicosia 6/7/90 (b)(1) C Re: Vassiliou Letter to President Bush on Summit (1 pp.) | 06c. Cable To: Distribution List From: AmEmbassy Nicosia 5/21/90 (b)(1) C Re: Vassiliou Letter to President Bush on Summit (2 pp.) | Vassiliou + telcon | Ozal + telcon | Greek-Turkish + memorandum | Greece / Turkey / Cyprus + telcon | Cyprus + memorandum of conversation | Turkey + memorandum of conversation,"Source: George H.W. Bush Library, Bush Presidential Records, National Security Council, European and Eurasian Directorate Central Chronological Files, August 1990 [7]. Access restriction: Restricted - Possibly. NAID 470761713.","Query hit(s): Vassiliou + telcon, Ozal + telcon, Greek-Turkish + memorandum, Greece / Turkey / Cyprus + telcon, Cyprus + memorandum of conversation, Turkey + memorandum of conversation. OCR status: First four pages OCR reviewed. OCR signals: 06a. Letter To: President Vassiliou From: President Bush 8/9/90 (b)(1) Re: Cyprus (2 pp.) | 06b. Cable To: Distribution List From: AmEmbassy Nicosia 6/7/90 (b)(1) C Re: Vassiliou Letter to President Bush on Summit (1 pp.) | 06c. Cable To: Distribution List From: AmEmbassy Nicosia 5/21/90 (b)(1) C Re: Vassiliou Letter to President Bush on Summit (2 pp.). PDF extent: 133 pages. Digital object: 41-bpr-nsc-euro_eura-cen_chron-30509-004.pdf. Catalog: https://catalog.archives.gov/id/470761713.",https://catalog.archives.gov/id/470761713,https://s3.dualstack.us-east-1.amazonaws.com/NARAprodstorage/lz/presidential-libraries/bush/gb-nsc/euro_eura_dir_374000108/41-bpr-nsc-euro_eura-cen_chron-30509-004.pdf
,,,Cyprus,Source lead,650 / Open first,CC 057,1990-08-01,August 1990 [5],Central Chronological Files,: Brent Scowcroft From: Nicholas Burns | : Presidential Letter to President Vassiliou (2 pp.) | : President Vassiliou From: President Bush | Vassiliou + memcon | Vassiliou + telcon | Ozal + memcon | Ozal + telcon | Cyprus + memorandum of conversation | Turkey + memorandum of conversation,"Source: George H.W. Bush Library, Bush Presidential Records, National Security Council, European and Eurasian Directorate Central Chronological Files, August 1990 [5]. Access restriction: Restricted - Possibly. NAID 470761711.","Query hit(s): Vassiliou + memcon, Vassiliou + telcon, Ozal + memcon, Ozal + telcon, Cyprus + memorandum of conversation, Turkey + memorandum of conversation. OCR status: First four pages OCR reviewed. OCR signals: : Brent Scowcroft From: Nicholas Burns | : Presidential Letter to President Vassiliou (2 pp.) | : President Vassiliou From: President Bush. PDF extent: 129 pages. Digital object: 41-bpr-nsc-euro_eura-cen_chron-30509-002.pdf. Catalog: https://catalog.archives.gov/id/470761711.",https://catalog.archives.gov/id/470761711,https://s3.dualstack.us-east-1.amazonaws.com/NARAprodstorage/lz/presidential-libraries/bush/gb-nsc/euro_eura_dir_374000108/41-bpr-nsc-euro_eura-cen_chron-30509-002.pdf
,,,Cyprus,Source lead,642 / High-value source pool,RS 001-001,,Presidential Meetings--Memorandum of Conversations 7/11/91-7/22/91,Requested source pool: Scowcroft Papers,Greece | Greek | Papandreou | Mitsotakis | Cyprus | Cypriot | Vassiliou | Denktash | Turkey | Turkish,"Source: George H.W. Bush Library, Bush Presidential Records, Brent Scowcroft Collection, Presidential Correspondence Files, Presidential Meetings--Memorandum of Conversations 7/11/91-7/22/91. Access restriction: Restricted - Possibly. NAID 366551676.","Query hit(s): Greece, Greek, Papandreou, Mitsotakis, Cyprus, Cypriot, Vassiliou, Denktash, Turkey, Turkish, Ozal, Yilmaz, PKK, Aegean, Eastern Mediterranean, Greece / Turkey / Cyprus, memcon, memorandum of conversation. Digital object: 41-bpr-scow-pcor-memcon-91109-001.pdf. Catalog: https://catalog.archives.gov/id/366551676.",https://catalog.archives.gov/id/366551676,https://s3.amazonaws.com/NARAprodstorage/lz/presidential-libraries/bush/gb-gbs/4545941/41-bpr-scow-pcor-memcon-91109-001.pdf
,,,Cyprus,Source lead,632 / Open first,CC 065,1989-11-01,November 1989 [2],Central Chronological Files,13a. Memorandum To: Brent Scowcroft From: Robert Hutchings 11/15/89 (1) Re: Message to Vassiliou (1 pp.) | 13b. Letter To: President Vassiliou From: President Bush n.d. (b)(1) Re: Cyprus (1 pp.) | Zolotas + telcon | Vassiliou + telcon | Greece / Turkey / Cyprus + telcon | Cyprus + memorandum of conversation | Turkey + memorandum of conversation,"Source: George H.W. Bush Library, Bush Presidential Records, National Security Council, European and Eurasian Directorate Central Chronological Files, November 1989 [2]. Access restriction: Restricted - Possibly. NAID 470761667.","Query hit(s): Zolotas + telcon, Vassiliou + telcon, Greece / Turkey / Cyprus + telcon, Cyprus + memorandum of conversation, Turkey + memorandum of conversation. OCR status: First four pages OCR reviewed. OCR signals: 13a. Memorandum To: Brent Scowcroft From: Robert Hutchings 11/15/89 (1) Re: Message to Vassiliou (1 pp.) | 13b. Letter To: President Vassiliou From: President Bush n.d. (b)(1) Re: Cyprus (1 pp.). PDF extent: 129 pages. Digital object: 41-bpr-nsc-euro_eura-cen_chron-30502-002.pdf. Catalog: https://catalog.archives.gov/id/470761667.",https://catalog.archives.gov/id/470761667,https://s3.dualstack.us-east-1.amazonaws.com/NARAprodstorage/lz/presidential-libraries/bush/gb-nsc/euro_eura_dir_374000108/41-bpr-nsc-euro_eura-cen_chron-30502-002.pdf
,,,Cyprus,Source lead,587 / High-value source pool,RS 001-002,,Presidential Meetings--Memorandum of Conversations 7/9/92-12/22/92,Requested source pool: Scowcroft Papers,Greece | Greek | Papandreou | Mitsotakis | Cyprus | Cypriot | Vassiliou | Denktash | Clerides | Demirel,"Source: George H.W. Bush Library, Bush Presidential Records, Brent Scowcroft Collection, Presidential Correspondence Files, Presidential Meetings--Memorandum of Conversations 7/9/92-12/22/92. Access restriction: Restricted - Possibly. NAID 366551685.","Query hit(s): Greece, Greek, Papandreou, Mitsotakis, Cyprus, Cypriot, Vassiliou, Denktash, Clerides, Demirel, PKK, Greece / Turkey / Cyprus, memcon, memorandum of conversation. Digital object: 41-bpr-scow-pcor-memcon-91110-002.pdf. Catalog: https://catalog.archives.gov/id/366551685.",https://catalog.archives.gov/id/366551685,https://s3.amazonaws.com/NARAprodstorage/lz/presidential-libraries/bush/gb-gbs/4545941/41-bpr-scow-pcor-memcon-91110-002.pdf
,,,Cyprus,Source lead,567 / High-value source pool,RS 001-003,,Presidential Meetings--Memorandum of Conversations 3/3/92-4/28/92,Requested source pool: Scowcroft Papers,Greece | Greek | Mitsotakis | Cyprus | Cypriot | Vassiliou | Denktash | Turkish | Demirel | Eastern Mediterranean,"Source: George H.W. Bush Library, Bush Presidential Records, Brent Scowcroft Collection, Presidential Correspondence Files, Presidential Meetings--Memorandum of Conversations 3/3/92-4/28/92. Access restriction: Restricted - Possibly. NAID 366551682.","Query hit(s): Greece, Greek, Mitsotakis, Cyprus, Cypriot, Vassiliou, Denktash, Turkish, Demirel, Eastern Mediterranean, Greece / Turkey / Cyprus, memcon, memorandum of conversation. Digital object: 41-bpr-scow-pcor-memcon-91109-007.pdf. Catalog: https://catalog.archives.gov/id/366551682.",https://catalog.archives.gov/id/366551682,https://s3.amazonaws.com/NARAprodstorage/lz/presidential-libraries/bush/gb-gbs/4545941/41-bpr-scow-pcor-memcon-91109-007.pdf
,,,Cyprus,Source lead,564 / High-value source pool,RS 001-004,,Presidential Meetings--Memorandum of Conversations 2/1/92-2/27/92,Requested source pool: Scowcroft Papers,Greece | Greek | Mitsotakis | Cyprus | Denktash | Turkey | Turkish | Demirel | PKK | Aegean,"Source: George H.W. Bush Library, Bush Presidential Records, Brent Scowcroft Collection, Presidential Correspondence Files, Presidential Meetings--Memorandum of Conversations 2/1/92-2/27/92. Access restriction: Restricted - Possibly. NAID 366551681.","Query hit(s): Greece, Greek, Mitsotakis, Cyprus, Denktash, Turkey, Turkish, Demirel, PKK, Aegean, Greece / Turkey / Cyprus, memcon, memorandum of conversation. Digital object: 41-bpr-scow-pcor-memcon-91109-006.pdf. Catalog: https://catalog.archives.gov/id/366551681.",https://catalog.archives.gov/id/366551681,https://s3.amazonaws.com/NARAprodstorage/lz/presidential-libraries/bush/gb-gbs/4545941/41-bpr-scow-pcor-memcon-91109-006.pdf
,,,Cyprus,Source lead,562 / High-value source pool,RS 001-005,,Presidential Telephone Calls--Memorandum of Conversations 8/22/90-10/5/90,Requested source pool: Scowcroft Papers,Greece | Greek | Mitsotakis | Cyprus | Vassiliou | Turkey | Turkish | Ozal | Eastern Mediterranean | Greece / Turkey / Cyprus,"Source: George H.W. Bush Library, Bush Presidential Records, Brent Scowcroft Collection, Presidential Correspondence Files, Presidential Telephone Calls--Memorandum of Conversations 8/22/90-10/5/90. Access restriction: Restricted - Possibly. NAID 366551694.","Query hit(s): Greece, Greek, Mitsotakis, Cyprus, Vassiliou, Turkey, Turkish, Ozal, Eastern Mediterranean, Greece / Turkey / Cyprus, telcon, memorandum of conversation, telephone conversation. Digital object: 41-bpr-scow-pcor-telcon-91112-002.pdf. Catalog: https://catalog.archives.gov/id/366551694.",https://catalog.archives.gov/id/366551694,https://s3.amazonaws.com/NARAprodstorage/lz/presidential-libraries/bush/gb-gbs/4545941/41-bpr-scow-pcor-telcon-91112-002.pdf
,,,Cyprus,Source lead,555 / High-value source pool,RS 001-006,,Presidential Listing of 1989-1992 Meetings/Telephone Calls,Requested source pool: Scowcroft Papers,Greece | Papandreou | Mitsotakis | Zolotas | Cyprus | Vassiliou | Turkey | Ozal | Demirel | Yilmaz,"Source: George H.W. Bush Library, Bush Presidential Records, Brent Scowcroft Collection, Brent Scowcroft Administrative Files, Presidential Listing of 1989-1992 Meetings/Telephone Calls. Access restriction: Restricted - Possibly. NAID 366552177.","Query hit(s): Greece, Papandreou, Mitsotakis, Zolotas, Cyprus, Vassiliou, Turkey, Ozal, Demirel, Yilmaz, Greece / Turkey / Cyprus. Digital object: 41-bpr-scow-admin-85038-002.pdf. Catalog: https://catalog.archives.gov/id/366552177.",https://catalog.archives.gov/id/366552177,https://s3.dualstack.us-east-1.amazonaws.com/NARAprodstorage/lz/presidential-libraries/bush/gb-gbs/74785770/41-bpr-scow-admin-85038-002.pdf
,,,Cyprus,Source lead,550 / High-value source pool,RS 001-007,,Presidential Meetings--Memorandum of Conversations 1/11/90-2/21/90,Requested source pool: Scowcroft Papers,Greece | Greek | Cyprus | Vassiliou | Denktash | Turkey | Turkish | Ozal | Eastern Mediterranean | Greece / Turkey / Cyprus,"Source: George H.W. Bush Library, Bush Presidential Records, Brent Scowcroft Collection, Presidential Correspondence Files, Presidential Meetings--Memorandum of Conversations 1/11/90-2/21/90. Access restriction: Restricted - Possibly. NAID 366551666.","Query hit(s): Greece, Greek, Cyprus, Vassiliou, Denktash, Turkey, Turkish, Ozal, Eastern Mediterranean, Greece / Turkey / Cyprus, memcon, memorandum of conversation. Digital object: 41-bpr-scow-pcor-memcon-91107-007.pdf. Catalog: https://catalog.archives.gov/id/366551666.",https://catalog.archives.gov/id/366551666,https://s3.amazonaws.com/NARAprodstorage/lz/presidential-libraries/bush/gb-gbs/4545941/41-bpr-scow-pcor-memcon-91107-007.pdf
,,,Cyprus,Source lead,546 / High-value source pool,RS 001-008,,Presidential Meetings--Memorandum of Conversations 11/13/90-12/21/90,Requested source pool: Scowcroft Papers,Greece | Greek | Mitsotakis | Cyprus | Denktash | Turkey | Turkish | Ozal | Incirlik | Greece / Turkey / Cyprus,"Source: George H.W. Bush Library, Bush Presidential Records, Brent Scowcroft Collection, Presidential Correspondence Files, Presidential Meetings--Memorandum of Conversations 11/13/90-12/21/90. Access restriction: Restricted - Possibly. NAID 366551672.","Query hit(s): Greece, Greek, Mitsotakis, Cyprus, Denktash, Turkey, Turkish, Ozal, Incirlik, Greece / Turkey / Cyprus, memcon, memorandum of conversation. Digital object: 41-bpr-scow-pcor-memcon-91108-003.pdf. Catalog: https://catalog.archives.gov/id/366551672.",https://catalog.archives.gov/id/366551672,https://s3.amazonaws.com/NARAprodstorage/lz/presidential-libraries/bush/gb-gbs/4545941/41-bpr-scow-pcor-memcon-91108-003.pdf
,,,Cyprus,Source lead,541 / High-value source pool,RS 001-009,,Desert Shield/Desert Storm (September 1990) Part I [2],Requested source pool: Scowcroft Papers,Greece | Greek | Papandreou | Mitsotakis | Cyprus | Turkey | Turkish | Ozal | Yilmaz | Aegean,"Source: George H.W. Bush Library, Bush Presidential Records, Brent Scowcroft Collection, Desert Shield and Desert Storm Files, Desert Shield/Desert Storm (September 1990) Part I [2]. Access restriction: Restricted - Possibly. NAID 366551957.","Query hit(s): Greece, Greek, Papandreou, Mitsotakis, Cyprus, Turkey, Turkish, Ozal, Yilmaz, Aegean, Greece / Turkey / Cyprus. Digital object: 41-bpr-scow-dsds-chr-91144-002.pdf. Catalog: https://catalog.archives.gov/id/366551957.",https://catalog.archives.gov/id/366551957,https://s3.amazonaws.com/NARAprodstorage/lz/presidential-libraries/bush/gb-gbs/4708319/41-bpr-scow-dsds-chr-91144-002.pdf
,,,Cyprus,Source lead,537 / High-value source pool,RS 002-001,1993-01-05 to 1993-01-05,"Tuesday, January 5, 1993 [2]",Requested source pool: Presidential Daily File,Greece | Greek | Mitsotakis | Cyprus | Cypriot | Vassiliou | Denktash | Turkey | Turkish | Demirel,"Source: George H.W. Bush Library, George H. W. Bush Papers, Presidential Daily Files, Tuesday, January 5, 1993 [2]. Access restriction: Restricted - Possibly. NAID 470418284.","Query hit(s): Greece, Greek, Mitsotakis, Cyprus, Cypriot, Vassiliou, Denktash, Turkey, Turkish, Demirel, Greece / Turkey / Cyprus. Digital object: 41-bpr-ootp-daily_files-90746-009.pdf. Catalog: https://catalog.archives.gov/id/470418284.",https://catalog.archives.gov/id/470418284,https://s3.amazonaws.com/NARAprodstorage/lz/presidential-libraries/bush/gb-gbpp/Pres_Daily_Files_595141/1993/41-bpr-ootp-daily_files-90746-009.pdf
,,,Cyprus,Source lead,536 / High-value source pool,RS 002-002,1991-11-22 to 1991-11-22,"Friday, November 22, 1991 [2]",Requested source pool: Presidential Daily File,Greece | Greek | Mitsotakis | Cyprus | Cypriot | Vassiliou | Turkey | Turkish | Yilmaz | Eastern Mediterranean,"Source: George H.W. Bush Library, George H. W. Bush Papers, Presidential Daily Files, Friday, November 22, 1991 [2]. Access restriction: Restricted - Possibly. NAID 470417464.","Query hit(s): Greece, Greek, Mitsotakis, Cyprus, Cypriot, Vassiliou, Turkey, Turkish, Yilmaz, Eastern Mediterranean, Greece / Turkey / Cyprus. Digital object: 41-bpr-ootp-daily_files-90635-006.pdf. Catalog: https://catalog.archives.gov/id/470417464.",https://catalog.archives.gov/id/470417464,https://s3.amazonaws.com/NARAprodstorage/lz/presidential-libraries/bush/gb-gbpp/Pres_Daily_Files_595141/1991/41-bpr-ootp-daily_files-90635-006.pdf
,,,Cyprus,Source lead,535 / High-value source pool,RS 001-010,,Presidential Meetings--Memorandum of Conversations 7/1/92-7/9/92,Requested source pool: Scowcroft Papers,Greece | Mitsotakis | Cyprus | Vassiliou | Denktash | Demirel | Yilmaz | Greece / Turkey / Cyprus | memcon | memorandum of conversation,"Source: George H.W. Bush Library, Bush Presidential Records, Brent Scowcroft Collection, Presidential Correspondence Files, Presidential Meetings--Memorandum of Conversations 7/1/92-7/9/92. Access restriction: Restricted - Possibly. NAID 366551684.","Query hit(s): Greece, Mitsotakis, Cyprus, Vassiliou, Denktash, Demirel, Yilmaz, Greece / Turkey / Cyprus, memcon, memorandum of conversation. Digital object: 41-bpr-scow-pcor-memcon-91110-001.pdf. Catalog: https://catalog.archives.gov/id/366551684.",https://catalog.archives.gov/id/366551684,https://s3.amazonaws.com/NARAprodstorage/lz/presidential-libraries/bush/gb-gbs/4545941/41-bpr-scow-pcor-memcon-91110-001.pdf
,,,Cyprus,Source lead,531 / High-value source pool,RS 001-012,,Other (July 1989),Requested source pool: Scowcroft Papers,Greece | Greek | Papandreou | Cyprus | Cypriot | Vassiliou | Denktash | Turkish | Ozal | memcon,"Source: George H.W. Bush Library, Bush Presidential Records, Brent Scowcroft Collection, Chronological Files, Other (July 1989). Access restriction: Restricted - Possibly. NAID 366551995.","Query hit(s): Greece, Greek, Papandreou, Cyprus, Cypriot, Vassiliou, Denktash, Turkish, Ozal, memcon, memorandum of conversation. Digital object: 41-bpr-scow-chron-91148-006.pdf. Catalog: https://catalog.archives.gov/id/366551995.",https://catalog.archives.gov/id/366551995,https://s3.amazonaws.com/NARAprodstorage/lz/presidential-libraries/bush/gb-gbs/4708326/41-bpr-scow-chron-91148-006.pdf
,,,Cyprus,Source lead,531 / High-value source pool,RS 001-011,,Desert Shield/Desert Storm (March 1991) [2],Requested source pool: Scowcroft Papers,Greek | Mitsotakis | Cyprus | Vassiliou | Turkey | Turkish | Ozal | Incirlik | Aegean | Greece / Turkey / Cyprus,"Source: George H.W. Bush Library, Bush Presidential Records, Brent Scowcroft Collection, Desert Shield and Desert Storm Files, Desert Shield/Desert Storm (March 1991) [2]. Access restriction: Restricted - Possibly. NAID 366551985.","Query hit(s): Greek, Mitsotakis, Cyprus, Vassiliou, Turkey, Turkish, Ozal, Incirlik, Aegean, Greece / Turkey / Cyprus. Digital object: 41-bpr-scow-dsds-chr-91147-005.pdf. Catalog: https://catalog.archives.gov/id/366551985.",https://catalog.archives.gov/id/366551985,https://s3.amazonaws.com/NARAprodstorage/lz/presidential-libraries/bush/gb-gbs/4708319/41-bpr-scow-dsds-chr-91147-005.pdf
,,,Cyprus,Source lead,531 / High-value source pool,RS 001-013,,Presidential Telephone Calls--Memorandum of Conversations 8/5/91-9/25/91,Requested source pool: Scowcroft Papers,Mitsotakis | Cyprus | Denktash | Turkey | Ozal | Yilmaz | Greece / Turkey / Cyprus | telcon | memorandum of conversation | telephone conversation,"Source: George H.W. Bush Library, Bush Presidential Records, Brent Scowcroft Collection, Presidential Correspondence Files, Presidential Telephone Calls--Memorandum of Conversations 8/5/91-9/25/91. Access restriction: Restricted - Possibly. NAID 366551701.","Query hit(s): Mitsotakis, Cyprus, Denktash, Turkey, Ozal, Yilmaz, Greece / Turkey / Cyprus, telcon, memorandum of conversation, telephone conversation. Digital object: 41-bpr-scow-pcor-telcon-91113-001.pdf. Catalog: https://catalog.archives.gov/id/366551701.",https://catalog.archives.gov/id/366551701,https://s3.amazonaws.com/NARAprodstorage/lz/presidential-libraries/bush/gb-gbs/4545941/41-bpr-scow-pcor-telcon-91113-001.pdf
,,,Cyprus,Source lead,528 / High-value source pool,RS 001-014,,Presidential Meetings--Memorandum of Conversations 10/16/91-12/17/91,Requested source pool: Scowcroft Papers,Greece | Greek | Mitsotakis | Cyprus | Vassiliou | Demirel | Yilmaz | Greece / Turkey / Cyprus | memcon | memorandum of conversation,"Source: George H.W. Bush Library, Bush Presidential Records, Brent Scowcroft Collection, Presidential Correspondence Files, Presidential Meetings--Memorandum of Conversations 10/16/91-12/17/91. Access restriction: Restricted - Possibly. NAID 366551679.","Query hit(s): Greece, Greek, Mitsotakis, Cyprus, Vassiliou, Demirel, Yilmaz, Greece / Turkey / Cyprus, memcon, memorandum of conversation. Digital object: 41-bpr-scow-pcor-memcon-91109-004.pdf. Catalog: https://catalog.archives.gov/id/366551679.",https://catalog.archives.gov/id/366551679,https://s3.amazonaws.com/NARAprodstorage/lz/presidential-libraries/bush/gb-gbs/4545941/41-bpr-scow-pcor-memcon-91109-004.pdf
,,,Cyprus,Source lead,527 / High-value source pool,RS 001-015,,Presidential Meetings--Memorandum of Conversations 5/17/90-6/26/90,Requested source pool: Scowcroft Papers,Greece | Greek | Papandreou | Mitsotakis | Cyprus | Vassiliou | Demirel | Greece / Turkey / Cyprus | memcon | memorandum of conversation,"Source: George H.W. Bush Library, Bush Presidential Records, Brent Scowcroft Collection, Presidential Correspondence Files, Presidential Meetings--Memorandum of Conversations 5/17/90-6/26/90. Access restriction: Restricted - Possibly. NAID 366551669.","Query hit(s): Greece, Greek, Papandreou, Mitsotakis, Cyprus, Vassiliou, Demirel, Greece / Turkey / Cyprus, memcon, memorandum of conversation. Digital object: 41-bpr-scow-pcor-memcon-91107-010.pdf. Catalog: https://catalog.archives.gov/id/366551669.",https://catalog.archives.gov/id/366551669,https://s3.amazonaws.com/NARAprodstorage/lz/presidential-libraries/bush/gb-gbs/4545941/41-bpr-scow-pcor-memcon-91107-010.pdf
,,,Cyprus,Declassification follow-up,Partial,Doc 2.003,1992-03-30,"Meeting with George Vassiliou, President of Cyprus, March 30, 1992",Memcon,Compare released text against source context and request full review of withheld passages if needed.,"Source: George H.W. Bush Library, Bush Presidential Records, National Security Council, Presidential Memcon Files, Meeting with George Vassiliou, President of Cyprus, March 30, 1992. Release status: Partial. NAID 428082149.",PDF extent: 6 pages. Digital object: 1992-03-30--Vassiliou.pdf. Catalog: https://catalog.archives.gov/id/428082149.,https://catalog.archives.gov/id/428082149,https://s3.us-east-1.amazonaws.com/NARAprodstorage/lz/presidential-libraries/bush/gb-nsc/321498039/1992-03-30--Vassiliou.pdf
,,,Cyprus,Citation/data-quality issue,caveat,Doc 2.002 / Schedule NAID 415890762,1990-08-25,[Presidential Daily Diary] 8/25/1990 [EMPTY],Schedule corroboration,Schedule title caveat: Schedule title includes [EMPTY]: [Presidential Daily Diary] 8/25/1990 [EMPTY].,Use as schedule corroboration only after reviewing the PDF content.,,https://catalog.archives.gov/id/415890762,https://s3.amazonaws.com/NARAprodstorage/lz/presidential-libraries/bush/gb-whasf/Presidential_Daily_Diary_186322/1990/41-bpr-apts_sch-dd-08_25_90-12834-037_415890762.pdf
,,,Turkey,Selected chronology,Selected,Doc 3.001,1989-02-24,"President's Meeting with Prime Minister Turgut Ozal of Turkey, February 24, 1989",Memcon,George H. W. Bush; Turgut Ozal,"Source: George H.W. Bush Library, Bush Presidential Records, National Security Council, Presidential Memcon Files, President's Meeting with Prime Minister Turgut Ozal of Turkey, February 24, 1989. Release status: Full. NAID 428079863.",PDF extent: 5 pages. Digital object: 1989-02-24--Ozal.pdf. Catalog: https://catalog.archives.gov/id/428079863.,https://catalog.archives.gov/id/428079863,https://s3.us-east-1.amazonaws.com/NARAprodstorage/lz/presidential-libraries/bush/gb-nsc/321498039/1989-02-24--Ozal.pdf
,,,Turkey,Selected chronology,Release/marker review,Doc 3.002,1989-05-29,"Meeting with Prime Minister Turgut Ozal of Turkey, May 29, 1989 (no Memcon)",No Memcon,George H. W. Bush; Turgut Ozal,"Source: George H.W. Bush Library, Bush Presidential Records, National Security Council, Presidential Telcon Files, Meeting with Prime Minister Turgut Ozal of Turkey, May 29, 1989 (no Memcon). Release status: Marker / no memorandum listed. NAID 428082487.",PDF extent: 2 pages. Digital object: 1989-05-29--Ozal.pdf. Catalog: https://catalog.archives.gov/id/428082487.,https://catalog.archives.gov/id/428082487,https://s3.us-east-1.amazonaws.com/NARAprodstorage/lz/presidential-libraries/bush/gb-nsc/321498039/1989-05-29--Ozal.pdf
,,,Turkey,Selected chronology,Selected,Doc 3.003,1989-07-03,"Telephone Call to Prime Minister Turgut Ozal of Turkey, July 3, 1989",Telcon,George H. W. Bush; Turgut Ozal,"Source: George H.W. Bush Library, Bush Presidential Records, National Security Council, Presidential Telcon Files, Telephone Call to Prime Minister Turgut Ozal of Turkey, July 3, 1989. Release status: Full. NAID 428080111.",PDF extent: 3 pages. Digital object: 1989-07-03--Ozal.pdf. Catalog: https://catalog.archives.gov/id/428080111.,https://catalog.archives.gov/id/428080111,https://s3.us-east-1.amazonaws.com/NARAprodstorage/lz/presidential-libraries/bush/gb-nsc/321498139/1989-07-03--Ozal.pdf
,,,Turkey,Selected chronology,Selected,Doc 3.004,1989-08-01,"Telephone Call to President Kenan Evren of Turkey, August 1, 1989",Telcon,George H. W. Bush; Kenan Evren,"Source: George H.W. Bush Library, Bush Presidential Records, National Security Council, Presidential Telcon Files, Telephone Call to President Kenan Evren of Turkey, August 1, 1989. Release status: Full. NAID 428080149.",PDF extent: 4 pages. Digital object: 1989-08-01--Evren.pdf. Catalog: https://catalog.archives.gov/id/428080149.,https://catalog.archives.gov/id/428080149,https://s3.us-east-1.amazonaws.com/NARAprodstorage/lz/presidential-libraries/bush/gb-nsc/321498139/1989-08-01--Evren.pdf
,,,Turkey,Selected chronology,Selected,Doc 3.005,1989-08-01,"Telephone Call to Prime Minister Turgut Ozal of Turkey, August 1, 1989",Telcon,George H. W. Bush; Turgut Ozal,"Source: George H.W. Bush Library, Bush Presidential Records, National Security Council, Presidential Telcon Files, Telephone Call to Prime Minister Turgut Ozal of Turkey, August 1, 1989. Release status: Full. NAID 428080153.",PDF extent: 3 pages. Digital object: 1989-08-01--Ozal.pdf. Catalog: https://catalog.archives.gov/id/428080153.,https://catalog.archives.gov/id/428080153,https://s3.us-east-1.amazonaws.com/NARAprodstorage/lz/presidential-libraries/bush/gb-nsc/321498139/1989-08-01--Ozal.pdf
,,,Turkey,Selected chronology,Selected,Doc 3.006,1989-10-02,"Telephone Conversation with Turgut Ozal, Prime Minister of Republic of Turkey",Telcon,George H. W. Bush; Turgut Ozal,"Source: George H.W. Bush Library, Bush Presidential Records, National Security Council, Presidential Telcon Files, Telephone Conversation with Turgut Ozal, Prime Minister of Republic of Turkey. Release status: Full. NAID 428080269.",PDF extent: 3 pages. Digital object: 1989-10-02--Ozal.pdf. Catalog: https://catalog.archives.gov/id/428080269.,https://catalog.archives.gov/id/428080269,https://s3.us-east-1.amazonaws.com/NARAprodstorage/lz/presidential-libraries/bush/gb-nsc/321498139/1989-10-02--Ozal.pdf
,,,Turkey,Selected chronology,Selected,Doc 3.007,1989-11-27,"Telephone Call to President Turgut Ozal of Turkey, November 27, 1989",Telcon,George H. W. Bush; Turgut Ozal,"Source: George H.W. Bush Library, Bush Presidential Records, National Security Council, Presidential Telcon Files, Telephone Call to President Turgut Ozal of Turkey, November 27, 1989. Release status: Full. NAID 428080363.",PDF extent: 3 pages. Digital object: 1989-11-27--Ozal.pdf. Catalog: https://catalog.archives.gov/id/428080363.,https://catalog.archives.gov/id/428080363,https://s3.us-east-1.amazonaws.com/NARAprodstorage/lz/presidential-libraries/bush/gb-nsc/321498139/1989-11-27--Ozal.pdf
,,,Turkey,Selected chronology,Selected,Doc 3.008,1990-01-18,"Meeting With President Turgut Ozal of Turkey, January 18, 1990 (1 of 2)",Memcon,George H. W. Bush; Turgut Ozal,"Source: George H.W. Bush Library, Bush Presidential Records, National Security Council, Presidential Memcon Files, Meeting With President Turgut Ozal of Turkey, January 18, 1990 (1 of 2). Release status: Full. NAID 428080435.",PDF extent: 5 pages. Digital object: 1990-01-18--Ozal-1.pdf. Catalog: https://catalog.archives.gov/id/428080435.,https://catalog.archives.gov/id/428080435,https://s3.us-east-1.amazonaws.com/NARAprodstorage/lz/presidential-libraries/bush/gb-nsc/321498039/1990-01-18--Ozal-1.pdf
,,,Turkey,Selected chronology,Release/marker review,Doc 3.009,1990-01-18,"Meeting with President Turgut Ozal of Turkey, January 18, 1990 (2 of 2)",Memcon,George H. W. Bush; Turgut Ozal,"Source: George H.W. Bush Library, Bush Presidential Records, National Security Council, Presidential Memcon Files, Meeting with President Turgut Ozal of Turkey, January 18, 1990 (2 of 2). Release status: Partial. NAID 428080437.",PDF extent: 8 pages. Digital object: 1990-01-18--Ozal-2.pdf. Catalog: https://catalog.archives.gov/id/428080437.,https://catalog.archives.gov/id/428080437,https://s3.us-east-1.amazonaws.com/NARAprodstorage/lz/presidential-libraries/bush/gb-nsc/321498039/1990-01-18--Ozal-2.pdf
,,,Turkey,Selected chronology,Selected,Doc 3.010,1990-07-26,"Telephone Call to President Turgut Ozal of Turkey, July 26, 1990",Telcon,George H. W. Bush; Turgut Ozal,"Source: George H.W. Bush Library, Bush Presidential Records, National Security Council, Presidential Telcon Files, Telephone Call to President Turgut Ozal of Turkey, July 26, 1990. Release status: Full. NAID 428080861.",PDF extent: 3 pages. Digital object: 1990-07-26--Ozal.pdf. Catalog: https://catalog.archives.gov/id/428080861.,https://catalog.archives.gov/id/428080861,https://s3.us-east-1.amazonaws.com/NARAprodstorage/lz/presidential-libraries/bush/gb-nsc/321498139/1990-07-26--Ozal.pdf
,,,Turkey,Selected chronology,Selected,Doc 3.011,1990-08-03,"Telephone Call to President Turgut Ozal of Turkey, August 3, 1990",Telcon,George H. W. Bush; Turgut Ozal,"Source: George H.W. Bush Library, Bush Presidential Records, National Security Council, Presidential Telcon Files, Telephone Call to President Turgut Ozal of Turkey, August 3, 1990. Release status: Full. NAID 428080881.",PDF extent: 4 pages. Digital object: 1990-08-03--Ozal.pdf. Catalog: https://catalog.archives.gov/id/428080881.,https://catalog.archives.gov/id/428080881,https://s3.us-east-1.amazonaws.com/NARAprodstorage/lz/presidential-libraries/bush/gb-nsc/321498139/1990-08-03--Ozal.pdf
,,,Turkey,Selected chronology,Release/marker review,Doc 3.012,1990-08-04,"Telephone Call to President Turgut Ozal of Turkey, August 4, 1990",Telcon,George H. W. Bush; Turgut Ozal,"Source: George H.W. Bush Library, Bush Presidential Records, National Security Council, Presidential Telcon Files, Telephone Call to President Turgut Ozal of Turkey, August 4, 1990. Release status: Partial. NAID 428080891.",PDF extent: 2 pages. Digital object: 1990-08-04--Ozal.pdf. Catalog: https://catalog.archives.gov/id/428080891.,https://catalog.archives.gov/id/428080891,https://s3.us-east-1.amazonaws.com/NARAprodstorage/lz/presidential-libraries/bush/gb-nsc/321498139/1990-08-04--Ozal.pdf
,,,Turkey,Selected chronology,Selected,Doc 3.013,1990-08-05,"Telcon with President Ozal of Turkey, August 5, 1990",Telcon,George H. W. Bush; Turgut Ozal,"Source: George H.W. Bush Library, Bush Presidential Records, National Security Council, Presidential Telcon Files, Telcon with President Ozal of Turkey, August 5, 1990. Release status: Full. NAID 428080899.",PDF extent: 4 pages. Digital object: 1990-08-05--Ozal.pdf. Catalog: https://catalog.archives.gov/id/428080899.,https://catalog.archives.gov/id/428080899,https://s3.us-east-1.amazonaws.com/NARAprodstorage/lz/presidential-libraries/bush/gb-nsc/321498139/1990-08-05--Ozal.pdf
,,,Turkey,Selected chronology,Selected,Doc 3.014,1990-08-08,"Telephone Call from President Turgut Ozal of Turkey, August 8, 1990",Telcon,George H. W. Bush; Turgut Ozal,"Source: George H.W. Bush Library, Bush Presidential Records, National Security Council, Presidential Telcon Files, Telephone Call from President Turgut Ozal of Turkey, August 8, 1990. Release status: Full. NAID 428080911.",PDF extent: 2 pages. Digital object: 1990-08-08--Ozal.pdf. Catalog: https://catalog.archives.gov/id/428080911.,https://catalog.archives.gov/id/428080911,https://s3.us-east-1.amazonaws.com/NARAprodstorage/lz/presidential-libraries/bush/gb-nsc/321498139/1990-08-08--Ozal.pdf
,,,Turkey,Selected chronology,Selected,Doc 3.015,1990-08-14,"Telephone Call from President Turgut Ozal of Turkey, August 14, 1990",Telcon,George H. W. Bush; Turgut Ozal,"Source: George H.W. Bush Library, Bush Presidential Records, National Security Council, Presidential Telcon Files, Telephone Call from President Turgut Ozal of Turkey, August 14, 1990. Release status: Full. NAID 428080953.",PDF extent: 3 pages. Digital object: 1990-08-14--Ozal.pdf. Catalog: https://catalog.archives.gov/id/428080953.,https://catalog.archives.gov/id/428080953,https://s3.us-east-1.amazonaws.com/NARAprodstorage/lz/presidential-libraries/bush/gb-nsc/321498139/1990-08-14--Ozal.pdf
,,,Turkey,Selected chronology,Release/marker review,Doc 3.016,1990-08-16,"Telephone Call with Turgut Ozal, August 16, 1990",No Telcon,George H. W. Bush; Turgut Ozal,"Source: George H.W. Bush Library, Bush Presidential Records, National Security Council, Presidential Telcon Files, Telephone Call with Turgut Ozal, August 16, 1990. Release status: Marker / no memorandum listed. NAID 428080933.",PDF extent: 2 pages. Digital object: 1990-08-16--Ozal.pdf. Catalog: https://catalog.archives.gov/id/428080933.,https://catalog.archives.gov/id/428080933,https://s3.us-east-1.amazonaws.com/NARAprodstorage/lz/presidential-libraries/bush/gb-nsc/321498139/1990-08-16--Ozal.pdf
,,,Turkey,Selected chronology,Selected,Doc 3.017,1990-08-20,"Telephone Conversation with President Turgut Ozal of Turkey, August 20, 1990",Telcon,George H. W. Bush; Turgut Ozal,"Source: George H.W. Bush Library, Bush Presidential Records, National Security Council, Presidential Telcon Files, Telephone Conversation with President Turgut Ozal of Turkey, August 20, 1990. Release status: Full. NAID 428080959.",PDF extent: 4 pages. Digital object: 1990-08-20--Ozal.pdf. Catalog: https://catalog.archives.gov/id/428080959.,https://catalog.archives.gov/id/428080959,https://s3.us-east-1.amazonaws.com/NARAprodstorage/lz/presidential-libraries/bush/gb-nsc/321498139/1990-08-20--Ozal.pdf
,,,Turkey,Selected chronology,Selected,Doc 3.018,1990-08-30,"Telephone Conversation with President Turgut Ozal of Turkey, August 30, 1990",Telcon,George H. W. Bush; Turgut Ozal,"Source: George H.W. Bush Library, Bush Presidential Records, National Security Council, Presidential Telcon Files, Telephone Conversation with President Turgut Ozal of Turkey, August 30, 1990. Release status: Full. NAID 428080999.",PDF extent: 4 pages. Digital object: 1990-08-30--Ozal.pdf. Catalog: https://catalog.archives.gov/id/428080999.,https://catalog.archives.gov/id/428080999,https://s3.us-east-1.amazonaws.com/NARAprodstorage/lz/presidential-libraries/bush/gb-nsc/321498139/1990-08-30--Ozal.pdf
,,,Turkey,Selected chronology,Selected,Doc 3.019,1990-09-06,"Telephone Conversation with President Turgut Ozal of Turkey, September 6, 1990",Telcon,George H. W. Bush; Turgut Ozal,"Source: George H.W. Bush Library, Bush Presidential Records, National Security Council, Presidential Telcon Files, Telephone Conversation with President Turgut Ozal of Turkey, September 6, 1990. Release status: Full. NAID 428081021.",PDF extent: 4 pages. Digital object: 1990-09-06--Ozal.pdf. Catalog: https://catalog.archives.gov/id/428081021.,https://catalog.archives.gov/id/428081021,https://s3.us-east-1.amazonaws.com/NARAprodstorage/lz/presidential-libraries/bush/gb-nsc/321498139/1990-09-06--Ozal.pdf
,,,Turkey,Selected chronology,Selected,Doc 3.020,1990-09-10,"Telephone Call to President Turgut Ozal of Turkey, September 10, 1990",Telcon,George H. W. Bush; Turgut Ozal,"Source: George H.W. Bush Library, Bush Presidential Records, National Security Council, Presidential Telcon Files, Telephone Call to President Turgut Ozal of Turkey, September 10, 1990. Release status: Full. NAID 428081055.",PDF extent: 3 pages. Digital object: 1990-09-10--Ozal.pdf. Catalog: https://catalog.archives.gov/id/428081055.,https://catalog.archives.gov/id/428081055,https://s3.us-east-1.amazonaws.com/NARAprodstorage/lz/presidential-libraries/bush/gb-nsc/321498139/1990-09-10--Ozal.pdf
,,,Turkey,Selected chronology,Selected,Doc 3.021,1990-09-25,"Meeting with President Ozal of Turkey, September 25, 1990",Memcon,George H. W. Bush; Turgut Ozal,"Source: George H.W. Bush Library, Bush Presidential Records, National Security Council, Presidential Memcon Files, Meeting with President Ozal of Turkey, September 25, 1990. Release status: Full. NAID 428081035.",PDF extent: 7 pages. Digital object: 1990-09-25--Ozal.pdf. Catalog: https://catalog.archives.gov/id/428081035.,https://catalog.archives.gov/id/428081035,https://s3.us-east-1.amazonaws.com/NARAprodstorage/lz/presidential-libraries/bush/gb-nsc/321498039/1990-09-25--Ozal.pdf
,,,Turkey,Selected chronology,Selected,Doc 3.022,1990-10-24,"Telephone Conversation with President Turgut Ozal of' Turkey, October 24, 1990",Telcon,George H. W. Bush; Turgut Ozal,"Source: George H.W. Bush Library, Bush Presidential Records, National Security Council, Presidential Telcon Files, Telephone Conversation with President Turgut Ozal of' Turkey, October 24, 1990. Release status: Full. NAID 428081155.",PDF extent: 5 pages. Digital object: 1990-10-24--Ozal.pdf. Catalog: https://catalog.archives.gov/id/428081155.,https://catalog.archives.gov/id/428081155,https://s3.us-east-1.amazonaws.com/NARAprodstorage/lz/presidential-libraries/bush/gb-nsc/321498139/1990-10-24--Ozal.pdf
,,,Turkey,Selected chronology,Selected,Doc 3.023,1990-10-31,"Telephone Conversation with President Turgut Ozal of Turkey, October 31, 1990",Telcon,George H. W. Bush; Turgut Ozal,"Source: George H.W. Bush Library, Bush Presidential Records, National Security Council, Presidential Telcon Files, Telephone Conversation with President Turgut Ozal of Turkey, October 31, 1990. Release status: Full. NAID 428081169.",PDF extent: 4 pages. Digital object: 1990-10-31--Ozal.pdf. Catalog: https://catalog.archives.gov/id/428081169.,https://catalog.archives.gov/id/428081169,https://s3.us-east-1.amazonaws.com/NARAprodstorage/lz/presidential-libraries/bush/gb-nsc/321498139/1990-10-31--Ozal.pdf
,,,Turkey,Selected chronology,Selected,Doc 3.024,1990-11-20,"Meeting with President Ozal of Turkey, November 20, 1990",Memcon,George H. W. Bush; Turgut Ozal,"Source: George H.W. Bush Library, Bush Presidential Records, National Security Council, Presidential Memcon Files, Meeting with President Ozal of Turkey, November 20, 1990. Release status: Full. NAID 428081195.",PDF extent: 6 pages. Digital object: 1990-11-20--Ozal.pdf. Catalog: https://catalog.archives.gov/id/428081195.,https://catalog.archives.gov/id/428081195,https://s3.us-east-1.amazonaws.com/NARAprodstorage/lz/presidential-libraries/bush/gb-nsc/321498039/1990-11-20--Ozal.pdf
,,,Turkey,Selected chronology,Selected,Doc 3.025,1990-11-30,"Telephone Conversation with President Turgut Ozal of Turkey, November 30, 1990",Telcon,George H. W. Bush; Turgut Ozal,"Source: George H.W. Bush Library, Bush Presidential Records, National Security Council, Presidential Telcon Files, Telephone Conversation with President Turgut Ozal of Turkey, November 30, 1990. Release status: Full. NAID 428081261.",PDF extent: 4 pages. Digital object: 1990-11-30--Ozal.pdf. Catalog: https://catalog.archives.gov/id/428081261.,https://catalog.archives.gov/id/428081261,https://s3.us-east-1.amazonaws.com/NARAprodstorage/lz/presidential-libraries/bush/gb-nsc/321498139/1990-11-30--Ozal.pdf
,,,Turkey,Selected chronology,Selected,Doc 3.026,1990-12-01,"Telephone Call from Turkish President Turgut Ozal, December I, 1990",Telcon,George H. W. Bush; Turgut Ozal,"Source: George H.W. Bush Library, Bush Presidential Records, National Security Council, Presidential Telcon Files, Telephone Call from Turkish President Turgut Ozal, December I, 1990. Release status: Full. NAID 428081263.",PDF extent: 5 pages. Digital object: 1990-12-01--Ozal.pdf. Catalog: https://catalog.archives.gov/id/428081263.,https://catalog.archives.gov/id/428081263,https://s3.us-east-1.amazonaws.com/NARAprodstorage/lz/presidential-libraries/bush/gb-nsc/321498139/1990-12-01--Ozal.pdf
,,,Turkey,Selected chronology,Release/marker review,Doc 3.027,1990-12-16,"Telephone Call from Turgut Ozal, December 16, 1990",No Telcon,George H. W. Bush; Turgut Ozal,"Source: George H.W. Bush Library, Bush Presidential Records, National Security Council, Presidential Telcon Files, Telephone Call from Turgut Ozal, December 16, 1990. Release status: Marker / no memorandum listed. NAID 428081251.",PDF extent: 2 pages. Digital object: 1990-12-16--Ozal.pdf. Catalog: https://catalog.archives.gov/id/428081251.,https://catalog.archives.gov/id/428081251,https://s3.us-east-1.amazonaws.com/NARAprodstorage/lz/presidential-libraries/bush/gb-nsc/321498139/1990-12-16--Ozal.pdf
,,,Turkey,Selected chronology,Selected,Doc 3.028,1990-12-28,"Telcon with President Turgut Ozal of Turkey, December 28, 1990",Telcon,George H. W. Bush; Turgut Ozal,"Source: George H.W. Bush Library, Bush Presidential Records, National Security Council, Presidential Telcon Files, Telcon with President Turgut Ozal of Turkey, December 28, 1990. Release status: Full. NAID 428081287.",PDF extent: 4 pages. Digital object: 1990-12-28--Ozal.pdf. Catalog: https://catalog.archives.gov/id/428081287.,https://catalog.archives.gov/id/428081287,https://s3.us-east-1.amazonaws.com/NARAprodstorage/lz/presidential-libraries/bush/gb-nsc/321498139/1990-12-28--Ozal.pdf
,,,Turkey,Selected chronology,Selected,Doc 3.029,1991-01-10,"Telephone Conversation with President Turgut Ozal of Turkey, January 10, 1991 (1 of 2)",Telcon,George H. W. Bush; Turgut Ozal,"Source: George H.W. Bush Library, Bush Presidential Records, National Security Council, Presidential Telcon Files, Telephone Conversation with President Turgut Ozal of Turkey, January 10, 1991 (1 of 2). Release status: Full. NAID 428081313.",PDF extent: 5 pages. Digital object: 1991-01-10--Ozal-1.pdf. Catalog: https://catalog.archives.gov/id/428081313.,https://catalog.archives.gov/id/428081313,https://s3.us-east-1.amazonaws.com/NARAprodstorage/lz/presidential-libraries/bush/gb-nsc/321498139/1991-01-10--Ozal-1.pdf
,,,Turkey,Selected chronology,Selected,Doc 3.030,1991-01-10,"Telephone Conversation with President Turgut Ozal of Turkey, January 10, 1991 (2 of 2)",Telcon,George H. W. Bush; Turgut Ozal,"Source: George H.W. Bush Library, Bush Presidential Records, National Security Council, Presidential Telcon Files, Telephone Conversation with President Turgut Ozal of Turkey, January 10, 1991 (2 of 2). Release status: Full. NAID 428081315.",PDF extent: 3 pages. Digital object: 1991-01-10--Ozal-2.pdf. Catalog: https://catalog.archives.gov/id/428081315.,https://catalog.archives.gov/id/428081315,https://s3.us-east-1.amazonaws.com/NARAprodstorage/lz/presidential-libraries/bush/gb-nsc/321498139/1991-01-10--Ozal-2.pdf
,,,Turkey,Selected chronology,Release/marker review,Doc 3.031,1991-01-16,"Telephone Call to Turgut Ozal, January 16, 1991",No Telcon,George H. W. Bush; Turgut Ozal,"Source: George H.W. Bush Library, Bush Presidential Records, National Security Council, Presidential Telcon Files, Telephone Call to Turgut Ozal, January 16, 1991. Release status: Marker / no memorandum listed. NAID 428081335.",PDF extent: 2 pages. Digital object: 1991-01-16--Ozal.pdf. Catalog: https://catalog.archives.gov/id/428081335.,https://catalog.archives.gov/id/428081335,https://s3.us-east-1.amazonaws.com/NARAprodstorage/lz/presidential-libraries/bush/gb-nsc/321498139/1991-01-16--Ozal.pdf
,,,Turkey,Selected chronology,Selected,Doc 3.032,1991-01-21,"Telephone Conversation with President Turgut Ozal of Turkey, January 21, 1991",Telcon,George H. W. Bush; Turgut Ozal,"Source: George H.W. Bush Library, Bush Presidential Records, National Security Council, Presidential Telcon Files, Telephone Conversation with President Turgut Ozal of Turkey, January 21, 1991. Release status: Full. NAID 428081373.",PDF extent: 3 pages. Digital object: 1991-01-21--Ozal.pdf. Catalog: https://catalog.archives.gov/id/428081373.,https://catalog.archives.gov/id/428081373,https://s3.us-east-1.amazonaws.com/NARAprodstorage/lz/presidential-libraries/bush/gb-nsc/321498139/1991-01-21--Ozal.pdf
,,,Turkey,Selected chronology,Selected,Doc 3.033,1991-01-30,"Telephone Conversation with President Turgut Ozal of Turkey, January 30, 1991",Telcon,George H. W. Bush; Turgut Ozal,"Source: George H.W. Bush Library, Bush Presidential Records, National Security Council, Presidential Telcon Files, Telephone Conversation with President Turgut Ozal of Turkey, January 30, 1991. Release status: Full. NAID 428081401.",PDF extent: 4 pages. Digital object: 1991-01-30--Ozal.pdf. Catalog: https://catalog.archives.gov/id/428081401.,https://catalog.archives.gov/id/428081401,https://s3.us-east-1.amazonaws.com/NARAprodstorage/lz/presidential-libraries/bush/gb-nsc/321498139/1991-01-30--Ozal.pdf
,,,Turkey,Selected chronology,Selected,Doc 3.034,1991-02-05,"Telephone Conversation with President Turgut Ozal of Turkey, February 5, 1991",Telcon,George H. W. Bush; Turgut Ozal,"Source: George H.W. Bush Library, Bush Presidential Records, National Security Council, Presidential Telcon Files, Telephone Conversation with President Turgut Ozal of Turkey, February 5, 1991. Release status: Full. NAID 428081419.",PDF extent: 4 pages. Digital object: 1991-02-05--Ozal.pdf. Catalog: https://catalog.archives.gov/id/428081419.,https://catalog.archives.gov/id/428081419,https://s3.us-east-1.amazonaws.com/NARAprodstorage/lz/presidential-libraries/bush/gb-nsc/321498139/1991-02-05--Ozal.pdf
,,,Turkey,Selected chronology,Selected,Doc 3.035,1991-02-15,"Telephone Conversation with President Turgut Ozal of Turkey, February 15, 1991",Telcon,George H. W. Bush; Turgut Ozal,"Source: George H.W. Bush Library, Bush Presidential Records, National Security Council, Presidential Telcon Files, Telephone Conversation with President Turgut Ozal of Turkey, February 15, 1991. Release status: Full. NAID 428081459.",PDF extent: 4 pages. Digital object: 1991-02-15--Ozal.pdf. Catalog: https://catalog.archives.gov/id/428081459.,https://catalog.archives.gov/id/428081459,https://s3.us-east-1.amazonaws.com/NARAprodstorage/lz/presidential-libraries/bush/gb-nsc/321498139/1991-02-15--Ozal.pdf
,,,Turkey,Selected chronology,Selected,Doc 3.036,1991-02-19,"Telcon with President Turgut Ozal of Turkey on February 19, 1991",Telcon,George H. W. Bush; Turgut Ozal,"Source: George H.W. Bush Library, Bush Presidential Records, National Security Council, Presidential Telcon Files, Telcon with President Turgut Ozal of Turkey on February 19, 1991. Release status: Full. NAID 428081469.",PDF extent: 4 pages. Digital object: 1991-02-19--Ozal.pdf. Catalog: https://catalog.archives.gov/id/428081469.,https://catalog.archives.gov/id/428081469,https://s3.us-east-1.amazonaws.com/NARAprodstorage/lz/presidential-libraries/bush/gb-nsc/321498139/1991-02-19--Ozal.pdf
,,,Turkey,Selected chronology,Selected,Doc 3.037,1991-02-23,"Telephone Conversation with President Turgut Ozal of Turkey: February 23, 1991",Telcon,George H. W. Bush; Turgut Ozal,"Source: George H.W. Bush Library, Bush Presidential Records, National Security Council, Presidential Telcon Files, Telephone Conversation with President Turgut Ozal of Turkey: February 23, 1991. Release status: Full. NAID 428081499.",PDF extent: 3 pages. Digital object: 1991-02-23--Ozal.pdf. Catalog: https://catalog.archives.gov/id/428081499.,https://catalog.archives.gov/id/428081499,https://s3.us-east-1.amazonaws.com/NARAprodstorage/lz/presidential-libraries/bush/gb-nsc/321498139/1991-02-23--Ozal.pdf
,,,Turkey,Selected chronology,Selected,Doc 3.038,1991-02-26,"Telcon with Turgut Ozal, President of Turkey on February 26, 1991",Telcon,George H. W. Bush; Turgut Ozal,"Source: George H.W. Bush Library, Bush Presidential Records, National Security Council, Presidential Telcon Files, Telcon with Turgut Ozal, President of Turkey on February 26, 1991. Release status: Full. NAID 428081505.",PDF extent: 6 pages. Digital object: 1991-02-26--Ozal.pdf. Catalog: https://catalog.archives.gov/id/428081505.,https://catalog.archives.gov/id/428081505,https://s3.us-east-1.amazonaws.com/NARAprodstorage/lz/presidential-libraries/bush/gb-nsc/321498139/1991-02-26--Ozal.pdf
,,,Turkey,Selected chronology,Selected,Doc 3.039,1991-02-28,"Telephone Conversation with President Turgut Ozal of Turkey, February 28, 1991",Telcon,George H. W. Bush; Turgut Ozal,"Source: George H.W. Bush Library, Bush Presidential Records, National Security Council, Presidential Telcon Files, Telephone Conversation with President Turgut Ozal of Turkey, February 28, 1991. Release status: Full. NAID 428081555.",PDF extent: 4 pages. Digital object: 1991-02-28--Ozal.pdf. Catalog: https://catalog.archives.gov/id/428081555.,https://catalog.archives.gov/id/428081555,https://s3.us-east-1.amazonaws.com/NARAprodstorage/lz/presidential-libraries/bush/gb-nsc/321498139/1991-02-28--Ozal.pdf
,,,Turkey,Selected chronology,Release/marker review,Doc 3.040,1991-03-27,"Telephone Call from Turgut Ozal, March 27, 1991",No Telcon,George H. W. Bush; Turgut Ozal,"Source: George H.W. Bush Library, Bush Presidential Records, National Security Council, Presidential Telcon Files, Telephone Call from Turgut Ozal, March 27, 1991. Release status: Marker / no memorandum listed. NAID 428081553.",PDF extent: 2 pages. Digital object: 1991-03-27--Ozal.pdf. Catalog: https://catalog.archives.gov/id/428081553.,https://catalog.archives.gov/id/428081553,https://s3.us-east-1.amazonaws.com/NARAprodstorage/lz/presidential-libraries/bush/gb-nsc/321498139/1991-03-27--Ozal.pdf
,,,Turkey,Selected chronology,Selected,Doc 3.041,1991-04-02,"Telcon with Turgut Ozal, President of Turkey on April 2, 1991",Telcon,George H. W. Bush; Turgut Ozal,"Source: George H.W. Bush Library, Bush Presidential Records, National Security Council, Presidential Telcon Files, Telcon with Turgut Ozal, President of Turkey on April 2, 1991. Release status: Full. NAID 428081593.",PDF extent: 3 pages. Digital object: 1991-04-02--Ozal.pdf. Catalog: https://catalog.archives.gov/id/428081593.,https://catalog.archives.gov/id/428081593,https://s3.us-east-1.amazonaws.com/NARAprodstorage/lz/presidential-libraries/bush/gb-nsc/321498139/1991-04-02--Ozal.pdf
,,,Turkey,Selected chronology,Selected,Doc 3.042,1991-04-15,"Telcon with Turgut Ozal,President of Turkey on April 15, 1991",Telcon,George H. W. Bush; Turgut Ozal,"Source: George H.W. Bush Library, Bush Presidential Records, National Security Council, Presidential Telcon Files, Telcon with Turgut Ozal,President of Turkey on April 15, 1991. Release status: Full. NAID 428081603.",PDF extent: 5 pages. Digital object: 1991-04-15--Ozal.pdf. Catalog: https://catalog.archives.gov/id/428081603.,https://catalog.archives.gov/id/428081603,https://s3.us-east-1.amazonaws.com/NARAprodstorage/lz/presidential-libraries/bush/gb-nsc/321498139/1991-04-15--Ozal.pdf
,,,Turkey,Selected chronology,Release/marker review,Doc 3.043,1991-04-16,"Presidential Call to President Ozal, April 16, 1991 (2 of 2)",Telcon,George H. W. Bush; Turgut Ozal,"Source: George H.W. Bush Library, Bush Presidential Records, National Security Council, Presidential Telcon Files, Presidential Call to President Ozal, April 16, 1991 (2 of 2). Release status: Denied. NAID 428081617.",PDF extent: 1 pages. Digital object: 1991-04-16--Ozal-2.pdf. Catalog: https://catalog.archives.gov/id/428081617.,https://catalog.archives.gov/id/428081617,https://s3.us-east-1.amazonaws.com/NARAprodstorage/lz/presidential-libraries/bush/gb-nsc/321498139/1991-04-16--Ozal-2.pdf
,,,Turkey,Selected chronology,Selected,Doc 3.044,1991-04-16,"Telcon with President Ozal of Turkey on April 16, 1991 (1 of 2)",Telcon,George H. W. Bush; Turgut Ozal,"Source: George H.W. Bush Library, Bush Presidential Records, National Security Council, Presidential Telcon Files, Telcon with President Ozal of Turkey on April 16, 1991 (1 of 2). Release status: Full. NAID 428081615.",PDF extent: 4 pages. Digital object: 1991-04-16--Ozal-1.pdf. Catalog: https://catalog.archives.gov/id/428081615.,https://catalog.archives.gov/id/428081615,https://s3.us-east-1.amazonaws.com/NARAprodstorage/lz/presidential-libraries/bush/gb-nsc/321498139/1991-04-16--Ozal-1.pdf
,,,Turkey,Selected chronology,Selected,Doc 3.045,1991-04-20,"Telcon with President Ozal of Turkey, April 20, 1991",Telcon,George H. W. Bush; Turgut Ozal,"Source: George H.W. Bush Library, Bush Presidential Records, National Security Council, Presidential Telcon Files, Telcon with President Ozal of Turkey, April 20, 1991. Release status: Full. NAID 428081651.",PDF extent: 3 pages. Digital object: 1991-04-20--Ozal.pdf. Catalog: https://catalog.archives.gov/id/428081651.,https://catalog.archives.gov/id/428081651,https://s3.us-east-1.amazonaws.com/NARAprodstorage/lz/presidential-libraries/bush/gb-nsc/321498139/1991-04-20--Ozal.pdf
,,,Turkey,Selected chronology,Release/marker review,Doc 3.046,1991-05-07,"Telephone Call to Turgut Ozal, May 7, 1991",No Telcon,George H. W. Bush; Turgut Ozal,"Source: George H.W. Bush Library, Bush Presidential Records, National Security Council, Presidential Telcon Files, Telephone Call to Turgut Ozal, May 7, 1991. Release status: Marker / no memorandum listed. NAID 428081649.",PDF extent: 2 pages. Digital object: 1991-05-07--Ozal.pdf. Catalog: https://catalog.archives.gov/id/428081649.,https://catalog.archives.gov/id/428081649,https://s3.us-east-1.amazonaws.com/NARAprodstorage/lz/presidential-libraries/bush/gb-nsc/321498139/1991-05-07--Ozal.pdf
,,,Turkey,Selected chronology,Selected,Doc 3.047,1991-06-04,"Telcon with Turgut Ozal, President of Turkey on June 4, 1991",Telcon,George H. W. Bush; Turgut Ozal,"Source: George H.W. Bush Library, Bush Presidential Records, National Security Council, Presidential Telcon Files, Telcon with Turgut Ozal, President of Turkey on June 4, 1991. Release status: Full. NAID 428081713.",PDF extent: 5 pages. Digital object: 1991-06-04--Ozal.pdf. Catalog: https://catalog.archives.gov/id/428081713.,https://catalog.archives.gov/id/428081713,https://s3.us-east-1.amazonaws.com/NARAprodstorage/lz/presidential-libraries/bush/gb-nsc/321498139/1991-06-04--Ozal.pdf
,,,Turkey,Selected chronology,Selected,Doc 3.048,1991-06-13,"Telcon with Turgut Ozal, President of Turkey on June 13, 1991",Telcon,George H. W. Bush; Turgut Ozal,"Source: George H.W. Bush Library, Bush Presidential Records, National Security Council, Presidential Telcon Files, Telcon with Turgut Ozal, President of Turkey on June 13, 1991. Release status: Full. NAID 428081719.",PDF extent: 5 pages. Digital object: 1991-06-13--Ozal.pdf. Catalog: https://catalog.archives.gov/id/428081719.,https://catalog.archives.gov/id/428081719,https://s3.us-east-1.amazonaws.com/NARAprodstorage/lz/presidential-libraries/bush/gb-nsc/321498139/1991-06-13--Ozal.pdf
,,,Turkey,Selected chronology,Release/marker review,Doc 3.049,1991-07-10,"Telephone Call with Turgut Ozal, President of Turkey on July 10, 1991",Telcon,George H. W. Bush; Turgut Ozal,"Source: George H.W. Bush Library, Bush Presidential Records, National Security Council, Presidential Telcon Files, Telephone Call with Turgut Ozal, President of Turkey on July 10, 1991. Release status: Partial. NAID 428081761.",PDF extent: 5 pages. Digital object: 1991-07-10--Ozal.pdf. Catalog: https://catalog.archives.gov/id/428081761.,https://catalog.archives.gov/id/428081761,https://s3.us-east-1.amazonaws.com/NARAprodstorage/lz/presidential-libraries/bush/gb-nsc/321498139/1991-07-10--Ozal.pdf
,,,Turkey,Selected chronology,Selected,Doc 3.050,1991-07-20,"Meeting with Turgut Ozal, President of Turkey on July 20, 1991 (1 of 2)",Memcon,George H. W. Bush; Turgut Ozal,"Source: George H.W. Bush Library, Bush Presidential Records, National Security Council, Presidential Memcon Files, Meeting with Turgut Ozal, President of Turkey on July 20, 1991 (1 of 2). Release status: Full. NAID 428081779.",PDF extent: 1 pages. Digital object: 1991-07-20--Ozal-1.pdf. Catalog: https://catalog.archives.gov/id/428081779.,https://catalog.archives.gov/id/428081779,https://s3.us-east-1.amazonaws.com/NARAprodstorage/lz/presidential-libraries/bush/gb-nsc/321498039/1991-07-20--Ozal-1.pdf
,,,Turkey,Selected chronology,Selected,Doc 3.051,1991-07-20,"Meeting with Turgut Ozal, President of Turkey on July 20, 1991 (2 of 2)",Memcon,George H. W. Bush; Turgut Ozal,"Source: George H.W. Bush Library, Bush Presidential Records, National Security Council, Presidential Memcon Files, Meeting with Turgut Ozal, President of Turkey on July 20, 1991 (2 of 2). Release status: Full. NAID 428081781.",PDF extent: 10 pages. Digital object: 1991-07-20--Ozal-2.pdf. Catalog: https://catalog.archives.gov/id/428081781.,https://catalog.archives.gov/id/428081781,https://s3.us-east-1.amazonaws.com/NARAprodstorage/lz/presidential-libraries/bush/gb-nsc/321498039/1991-07-20--Ozal-2.pdf
,,,Turkey,Selected chronology,Selected,Doc 3.052,1991-07-20,"President's Meeting with Prime Minister Yilmaz of Turkey, July 20, 1991",Memcon,George H. W. Bush; A. Mesut Yilmaz,"Source: George H.W. Bush Library, Bush Presidential Records, National Security Council, Presidential Memcon Files, President's Meeting with Prime Minister Yilmaz of Turkey, July 20, 1991. Release status: Full. NAID 428081783.",PDF extent: 5 pages. Digital object: 1991-07-20--Yilmaz.pdf. Catalog: https://catalog.archives.gov/id/428081783.,https://catalog.archives.gov/id/428081783,https://s3.us-east-1.amazonaws.com/NARAprodstorage/lz/presidential-libraries/bush/gb-nsc/321498039/1991-07-20--Yilmaz.pdf
,,,Turkey,Selected chronology,Selected,Doc 3.053,1991-07-22,"President's Meeting with President Ozal of Turkey, July 22, 1991",Memcon,George H. W. Bush; Turgut Ozal,"Source: George H.W. Bush Library, Bush Presidential Records, National Security Council, Presidential Memcon Files, President's Meeting with President Ozal of Turkey, July 22, 1991. Release status: Full. NAID 428081787.",PDF extent: 7 pages. Digital object: 1991-07-22--Ozal.pdf. Catalog: https://catalog.archives.gov/id/428081787.,https://catalog.archives.gov/id/428081787,https://s3.us-east-1.amazonaws.com/NARAprodstorage/lz/presidential-libraries/bush/gb-nsc/321498039/1991-07-22--Ozal.pdf
,,,Turkey,Selected chronology,Selected,Doc 3.054,1991-08-19,"Telcon with President Turgut Ozal of Turkey, August 19, 1991",Telcon,George H. W. Bush; Turgut Ozal,"Source: George H.W. Bush Library, Bush Presidential Records, National Security Council, Presidential Telcon Files, Telcon with President Turgut Ozal of Turkey, August 19, 1991. Release status: Full. NAID 428081813.",PDF extent: 4 pages. Digital object: 1991-08-19--Ozal.pdf. Catalog: https://catalog.archives.gov/id/428081813.,https://catalog.archives.gov/id/428081813,https://s3.us-east-1.amazonaws.com/NARAprodstorage/lz/presidential-libraries/bush/gb-nsc/321498139/1991-08-19--Ozal.pdf
,,,Turkey,Selected chronology,Selected,Doc 3.055,1991-09-09,"Telcon with Turgut Ozal, President of Turkey, September 9, 1991",Telcon,George H. W. Bush; Turgut Ozal,"Source: George H.W. Bush Library, Bush Presidential Records, National Security Council, Presidential Telcon Files, Telcon with Turgut Ozal, President of Turkey, September 9, 1991. Release status: Full. NAID 428081911.",PDF extent: 4 pages. Digital object: 1991-09-09--Ozal.pdf. Catalog: https://catalog.archives.gov/id/428081911.,https://catalog.archives.gov/id/428081911,https://s3.us-east-1.amazonaws.com/NARAprodstorage/lz/presidential-libraries/bush/gb-nsc/321498139/1991-09-09--Ozal.pdf
,,,Turkey,Selected chronology,Selected,Doc 3.056,1991-12-05,"Telcon with Prime Minister Demirel of Turkey, December 5, 1991",Telcon,George H. W. Bush; Suleyman Demirel,"Source: George H.W. Bush Library, Bush Presidential Records, National Security Council, Presidential Telcon Files, Telcon with Prime Minister Demirel of Turkey, December 5, 1991. Release status: Full. NAID 428082069.",PDF extent: 3 pages. Digital object: 1991-12-05--Demirel.pdf. Catalog: https://catalog.archives.gov/id/428082069.,https://catalog.archives.gov/id/428082069,https://s3.us-east-1.amazonaws.com/NARAprodstorage/lz/presidential-libraries/bush/gb-nsc/321498139/1991-12-05--Demirel.pdf
,,,Turkey,Selected chronology,Selected,Doc 3.057,1992-01-12,"Telcon with President Turgut Ozal of Turkey, January 12, 1991",Telcon,George H. W. Bush; Turgut Ozal,"Source: George H.W. Bush Library, Bush Presidential Records, National Security Council, Presidential Telcon Files, Telcon with President Turgut Ozal of Turkey, January 12, 1991. Release status: Full. NAID 428082117.",PDF extent: 3 pages. Digital object: 1991-01-12--Ozal.pdf. Catalog: https://catalog.archives.gov/id/428082117.,https://catalog.archives.gov/id/428082117,https://s3.us-east-1.amazonaws.com/NARAprodstorage/lz/presidential-libraries/bush/gb-nsc/321498139/1991-01-12--Ozal.pdf
,,,Turkey,Selected chronology,Selected,Doc 3.058,1992-04-28,"Meeting with President Turgut Ozal of Turkey, April 28, 1992",Memcon,George H. W. Bush; Turgut Ozal,"Source: George H.W. Bush Library, Bush Presidential Records, National Security Council, Presidential Memcon Files, Meeting with President Turgut Ozal of Turkey, April 28, 1992. Release status: Full. NAID 428082173.",PDF extent: 5 pages. Digital object: 1992-04-28--Ozal.pdf. Catalog: https://catalog.archives.gov/id/428082173.,https://catalog.archives.gov/id/428082173,https://s3.us-east-1.amazonaws.com/NARAprodstorage/lz/presidential-libraries/bush/gb-nsc/321498039/1992-04-28--Ozal.pdf
,,,Turkey,Selected chronology,Selected,Doc 3.059,1992-05-07,"Telcon with President Turgut Ozal of Turkey, May 7, 1992",Telcon,George H. W. Bush; Turgut Ozal,"Source: George H.W. Bush Library, Bush Presidential Records, National Security Council, Presidential Telcon Files, Telcon with President Turgut Ozal of Turkey, May 7, 1992. Release status: Full. NAID 428082213.",PDF extent: 2 pages. Digital object: 1992-05-07--Ozal.pdf. Catalog: https://catalog.archives.gov/id/428082213.,https://catalog.archives.gov/id/428082213,https://s3.us-east-1.amazonaws.com/NARAprodstorage/lz/presidential-libraries/bush/gb-nsc/321498139/1992-05-07--Ozal.pdf
,,,Turkey,Selected chronology,Release/marker review,Doc 3.060,1992-05-11,"Telcon with Prime Minister Demirel of Turkey, May 11, 1992",Telcon,George H. W. Bush; Suleyman Demirel,"Source: George H.W. Bush Library, Bush Presidential Records, National Security Council, Presidential Telcon Files, Telcon with Prime Minister Demirel of Turkey, May 11, 1992. Release status: Partial. NAID 428082217.",PDF extent: 4 pages. Digital object: 1992-05-11--Demirel.pdf. Catalog: https://catalog.archives.gov/id/428082217.,https://catalog.archives.gov/id/428082217,https://s3.us-east-1.amazonaws.com/NARAprodstorage/lz/presidential-libraries/bush/gb-nsc/321498139/1992-05-11--Demirel.pdf
,,,Turkey,Selected chronology,Selected,Doc 3.061,1992-06-23,"Telcon with Prime Minister Demirel of Turkey, June 23, 1992",Telcon,George H. W. Bush; Suleyman Demirel,"Source: George H.W. Bush Library, Bush Presidential Records, National Security Council, Presidential Telcon Files, Telcon with Prime Minister Demirel of Turkey, June 23, 1992. Release status: Full. NAID 428082249.",PDF extent: 3 pages. Digital object: 1992-06-23--Demirel.pdf. Catalog: https://catalog.archives.gov/id/428082249.,https://catalog.archives.gov/id/428082249,https://s3.us-east-1.amazonaws.com/NARAprodstorage/lz/presidential-libraries/bush/gb-nsc/321498139/1992-06-23--Demirel.pdf
,,,Turkey,Selected chronology,Selected,Doc 3.062,1992-06-26,"Telcon with Prime Minister Demirel of Turkey, June 26, 1992",Telcon,George H. W. Bush; Suleyman Demirel,"Source: George H.W. Bush Library, Bush Presidential Records, National Security Council, Presidential Telcon Files, Telcon with Prime Minister Demirel of Turkey, June 26, 1992. Release status: Full. NAID 428082251.",PDF extent: 3 pages. Digital object: 1992-06-26--Demirel.pdf. Catalog: https://catalog.archives.gov/id/428082251.,https://catalog.archives.gov/id/428082251,https://s3.us-east-1.amazonaws.com/NARAprodstorage/lz/presidential-libraries/bush/gb-nsc/321498139/1992-06-26--Demirel.pdf
,,,Turkey,Selected chronology,Selected,Doc 3.063,1992-07-09,"Meeting With Prime Minister Suleyman Demirel of Turkey, July 9, 1992",Memcon,George H. W. Bush; Suleyman Demirel,"Source: George H.W. Bush Library, Bush Presidential Records, National Security Council, Presidential Memcon Files, Meeting With Prime Minister Suleyman Demirel of Turkey, July 9, 1992. Release status: Full. NAID 428082289.",PDF extent: 3 pages. Digital object: 1992-07-09--Demirel.pdf. Catalog: https://catalog.archives.gov/id/428082289.,https://catalog.archives.gov/id/428082289,https://s3.us-east-1.amazonaws.com/NARAprodstorage/lz/presidential-libraries/bush/gb-nsc/321498039/1992-07-09--Demirel.pdf
,,,Turkey,Selected chronology,Release/marker review,Doc 3.064,1992-08-01,"Telephone Conversation with Prime Minister Suleyman Demirel of Turkey, August 1, 1992",Telcon,George H. W. Bush; Suleyman Demirel,"Source: George H.W. Bush Library, Bush Presidential Records, National Security Council, Presidential Telcon Files, Telephone Conversation with Prime Minister Suleyman Demirel of Turkey, August 1, 1992. Release status: Partial. NAID 428082337.",PDF extent: 4 pages. Digital object: 1992-08-01--Demirel.pdf. Catalog: https://catalog.archives.gov/id/428082337.,https://catalog.archives.gov/id/428082337,https://s3.us-east-1.amazonaws.com/NARAprodstorage/lz/presidential-libraries/bush/gb-nsc/321498139/1992-08-01--Demirel.pdf
,,,Turkey,Selected chronology,Selected,Doc 3.065,1992-12-05,"Telcon with President Turgut Ozal of Turkey, December 5, 1992",Telcon,George H. W. Bush; Turgut Ozal,"Source: George H.W. Bush Library, Bush Presidential Records, National Security Council, Presidential Telcon Files, Telcon with President Turgut Ozal of Turkey, December 5, 1992. Release status: Full. NAID 428082409.",PDF extent: 3 pages. Digital object: 1992-12-05--Ozal.pdf. Catalog: https://catalog.archives.gov/id/428082409.,https://catalog.archives.gov/id/428082409,https://s3.us-east-1.amazonaws.com/NARAprodstorage/lz/presidential-libraries/bush/gb-nsc/321498139/1992-12-05--Ozal.pdf
,,,Turkey,Selected chronology,Selected,Doc 3.066,1992-12-24,"Telcon with Suleyman Demirel, Prime Minister of Turkey, December 24, 1992",Telcon,George H. W. Bush; Suleyman Demirel,"Source: George H.W. Bush Library, Bush Presidential Records, National Security Council, Presidential Telcon Files, Telcon with Suleyman Demirel, Prime Minister of Turkey, December 24, 1992. Release status: Full. NAID 428082437.",PDF extent: 3 pages. Digital object: 1992-12-24--Demirel.pdf. Catalog: https://catalog.archives.gov/id/428082437.,https://catalog.archives.gov/id/428082437,https://s3.us-east-1.amazonaws.com/NARAprodstorage/lz/presidential-libraries/bush/gb-nsc/321498139/1992-12-24--Demirel.pdf
,,,Turkey,Source lead,746 / Open first,CC 005,1992-05-01,May 1992 [5],Central Chronological Files,Re: POTUS Call to Demirel (1 pp.) | 04b. Talking Points Points to be Made for Telephone Conversation with Prime Minister Demirel of Turkey (3 pp.) | Minister Demirel of Turkey (3 pp.) | Mitsotakis + memcon | Mitsotakis + telcon | Mitsotakis + memorandum of conversation | Denktash + memorandum | Ozal + memcon | Ozal + telcon | Demirel + memcon | Demirel + telcon,"Source: George H.W. Bush Library, Bush Presidential Records, National Security Council, European and Eurasian Directorate Central Chronological Files, May 1992 [5]. Access restriction: Restricted - Possibly. NAID 470761812.","Query hit(s): Mitsotakis + memcon, Mitsotakis + telcon, Mitsotakis + memorandum of conversation, Denktash + memorandum, Ozal + memcon, Ozal + telcon, Demirel + memcon, Demirel + telcon, Greek-Turkish + memorandum, Greece / Turkey / Cyprus + memcon, Greece / Turkey / Cyprus + telcon, Cyprus + memorandum of conversation, Turkey + memorandum of conversation. OCR status: First four pages OCR reviewed. OCR signals: Re: POTUS Call to Demirel (1 pp.) | 04b. Talking Points Points to be Made for Telephone Conversation with Prime Minister Demirel of Turkey (3 pp.) | Minister Demirel of Turkey (3 pp.). PDF extent: 150 pages. Digital object: 41-bpr-nsc-euro_eura-cen_chron-30526-003.pdf. Catalog: https://catalog.archives.gov/id/470761812.",https://catalog.archives.gov/id/470761812,https://s3.dualstack.us-east-1.amazonaws.com/NARAprodstorage/lz/presidential-libraries/bush/gb-nsc/euro_eura_dir_374000108/41-bpr-nsc-euro_eura-cen_chron-30526-003.pdf
,,,Turkey,Source lead,704 / Open first,CC 017,1992-06-01,June 1992 [4],Central Chronological Files,04b. Report Government Report (1 pp.) 6/19/92 (b)(1) S | 05. Telcon Telcon with Prime Minister Demirel of Turkey (2 pp.) 6/26/92 (by) FA 06. Report Government Report (1 pp.) n.d. (b)(1) Cc | 06. Report Government Report (1 pp.) n.d. (b)(1) Cc | Mitsotakis + memcon | Mitsotakis + telcon | Mitsotakis + memorandum of conversation | Denktash + memorandum | Demirel + memcon | Demirel + telcon | Greek-Turkish + memorandum | Greece / Turkey / Cyprus + memcon,"Source: George H.W. Bush Library, Bush Presidential Records, National Security Council, European and Eurasian Directorate Central Chronological Files, June 1992 [4]. Access restriction: Restricted - Possibly. NAID 470761816.","Query hit(s): Mitsotakis + memcon, Mitsotakis + telcon, Mitsotakis + memorandum of conversation, Denktash + memorandum, Demirel + memcon, Demirel + telcon, Greek-Turkish + memorandum, Greece / Turkey / Cyprus + memcon, Greece / Turkey / Cyprus + telcon, Cyprus + memorandum of conversation, Turkey + memorandum of conversation. OCR status: First four pages OCR reviewed. OCR signals: 04b. Report Government Report (1 pp.) 6/19/92 (b)(1) S | 05. Telcon Telcon with Prime Minister Demirel of Turkey (2 pp.) 6/26/92 (by) FA 06. Report Government Report (1 pp.) n.d. (b)(1) Cc | 06. Report Government Report (1 pp.) n.d. (b)(1) Cc. PDF extent: 133 pages. Digital object: 41-bpr-nsc-euro_eura-cen_chron-30527-002.pdf. Catalog: https://catalog.archives.gov/id/470761816.",https://catalog.archives.gov/id/470761816,https://s3.dualstack.us-east-1.amazonaws.com/NARAprodstorage/lz/presidential-libraries/bush/gb-nsc/euro_eura_dir_374000108/41-bpr-nsc-euro_eura-cen_chron-30527-002.pdf
,,,Turkey,Source lead,690 / Open first,BC 004,1989-08-01,August 1989 [7],Blackwill Chronological Files,"Minister Turgut Ozal and President Kenan Evren of Turkey | Minister Turgut Ozal and President Evren of Turkey, August 1, 1989 | SUBJECT: Telephone Call to Prime Minister Turgut Ozal of Turkey (U) | Greece | Greek | Cyprus | Cypriot | Vassiliou | Vassiliou + Cyprus | Denktash | Turkey","Source: George H.W. Bush Library, Bush Presidential Records, National Security Council, Robert D. Blackwill Chronological Files, August 1989 [7]. Access restriction: Restricted - Possibly. NAID 453248101.","Query hit(s): Greece, Greek, Cyprus, Cypriot, Vassiliou, Vassiliou + Cyprus, Denktash, Turkey, Turkish, Ozal, Ozal + Turkey, Greece / Turkey / Cyprus, memorandum of conversation, telephone conversation. OCR status: Full PDF OCR reviewed. OCR signals: Minister Turgut Ozal and President Kenan Evren of Turkey | Minister Turgut Ozal and President Evren of Turkey, August 1, 1989 | SUBJECT: Telephone Call to Prime Minister Turgut Ozal of Turkey (U). PDF extent: 48 pages. Digital object: 41-bpr-nsc-blackwill_chron-30547-005.pdf. Catalog: https://catalog.archives.gov/id/453248101.",https://catalog.archives.gov/id/453248101,https://s3.dualstack.us-east-1.amazonaws.com/NARAprodstorage/lz/presidential-libraries/bush/gb-nsc/blackwill/chron_2554659/41-bpr-nsc-blackwill_chron-30547-005.pdf
,,,Turkey,Source lead,684 / Open first,CC 026,1992-07-01,July 1992 [4],Central Chronological Files,10a. Memorandum To: Brent Scowcroft From: Jane Holl 7/1/92 (oy) g Re: Reply to Turgut Ozal (1 pp.) | 10b. Memorandum To: President Bush From: Brent Scowcroft n.d. oy) f Re: Reply to Turgut Ozal (1 pp.) | 10c. Letter To: President Ozal From: President Bush n.d. (b)(1) | Mitsotakis + memcon | Mitsotakis + memorandum of conversation | Denktash + memorandum | Ozal + memcon | Demirel + memcon | Aegean + memcon | Greek-Turkish + memorandum | Greece / Turkey / Cyprus + memcon,"Source: George H.W. Bush Library, Bush Presidential Records, National Security Council, European and Eurasian Directorate Central Chronological Files, July 1992 [4]. Access restriction: Restricted - Possibly. NAID 470761821.","Query hit(s): Mitsotakis + memcon, Mitsotakis + memorandum of conversation, Denktash + memorandum, Ozal + memcon, Demirel + memcon, Aegean + memcon, Greek-Turkish + memorandum, Greece / Turkey / Cyprus + memcon, Cyprus + memorandum of conversation, Turkey + memorandum of conversation. OCR status: First four pages OCR reviewed. OCR signals: 10a. Memorandum To: Brent Scowcroft From: Jane Holl 7/1/92 (oy) g Re: Reply to Turgut Ozal (1 pp.) | 10b. Memorandum To: President Bush From: Brent Scowcroft n.d. oy) f Re: Reply to Turgut Ozal (1 pp.) | 10c. Letter To: President Ozal From: President Bush n.d. (b)(1). PDF extent: 155 pages. Digital object: 41-bpr-nsc-euro_eura-cen_chron-30528-002.pdf. Catalog: https://catalog.archives.gov/id/470761821.",https://catalog.archives.gov/id/470761821,https://s3.dualstack.us-east-1.amazonaws.com/NARAprodstorage/lz/presidential-libraries/bush/gb-nsc/euro_eura_dir_374000108/41-bpr-nsc-euro_eura-cen_chron-30528-002.pdf
,,,Turkey,Source lead,663 / Open first,CC 033,1990-01-01,January 1990 [1],Central Chronological Files,Re: Ozal Visit to Washington (1 pp.) | 12e. Cable To: Brent Scowcroft From: Ambassador Abramowitz 1/2/90 (b)(1) Cc Re: Ozal Visit to Washington (1 pp.) | Vassiliou + memcon | Vassiliou + telcon | Cyprus / Denktash / Vassiliou | Denktash + memorandum | Ozal + memcon | Ozal + telcon | Greek-Turkish + memorandum | Cyprus + memorandum of conversation,"Source: George H.W. Bush Library, Bush Presidential Records, National Security Council, European and Eurasian Directorate Central Chronological Files, January 1990 [1]. Access restriction: Restricted - Possibly. NAID 470761674.","Query hit(s): Vassiliou + memcon, Vassiliou + telcon, Cyprus / Denktash / Vassiliou, Denktash + memorandum, Ozal + memcon, Ozal + telcon, Greek-Turkish + memorandum, Cyprus + memorandum of conversation, Turkey + memorandum of conversation. OCR status: First four pages OCR reviewed. OCR signals: Re: Ozal Visit to Washington (1 pp.) | 12e. Cable To: Brent Scowcroft From: Ambassador Abramowitz 1/2/90 (b)(1) Cc Re: Ozal Visit to Washington (1 pp.). PDF extent: 154 pages. Digital object: 41-bpr-nsc-euro_eura-cen_chron-30503-004.pdf. Catalog: https://catalog.archives.gov/id/470761674.",https://catalog.archives.gov/id/470761674,https://s3.dualstack.us-east-1.amazonaws.com/NARAprodstorage/lz/presidential-libraries/bush/gb-nsc/euro_eura_dir_374000108/41-bpr-nsc-euro_eura-cen_chron-30503-004.pdf
,,,Turkey,Source lead,642 / High-value source pool,RS 001-001,,Presidential Meetings--Memorandum of Conversations 7/11/91-7/22/91,Requested source pool: Scowcroft Papers,Greece | Greek | Papandreou | Mitsotakis | Cyprus | Cypriot | Vassiliou | Denktash | Turkey | Turkish,"Source: George H.W. Bush Library, Bush Presidential Records, Brent Scowcroft Collection, Presidential Correspondence Files, Presidential Meetings--Memorandum of Conversations 7/11/91-7/22/91. Access restriction: Restricted - Possibly. NAID 366551676.","Query hit(s): Greece, Greek, Papandreou, Mitsotakis, Cyprus, Cypriot, Vassiliou, Denktash, Turkey, Turkish, Ozal, Yilmaz, PKK, Aegean, Eastern Mediterranean, Greece / Turkey / Cyprus, memcon, memorandum of conversation. Digital object: 41-bpr-scow-pcor-memcon-91109-001.pdf. Catalog: https://catalog.archives.gov/id/366551676.",https://catalog.archives.gov/id/366551676,https://s3.amazonaws.com/NARAprodstorage/lz/presidential-libraries/bush/gb-gbs/4545941/41-bpr-scow-pcor-memcon-91109-001.pdf
,,,Turkey,Source lead,642 / Open first,BC 008,1989-06-01,June 1989 [7],Blackwill Chronological Files,SUBJECT: Telephone Call to Prime Minister Ozal | of Turkey | Telephone Call to Turkish Prime Minister | Greece | Greek | Mitsotakis | Cyprus | Turkey | Turkish | Ozal | Ozal + Turkey,"Source: George H.W. Bush Library, Bush Presidential Records, National Security Council, Robert D. Blackwill Chronological Files, June 1989 [7]. Access restriction: Restricted - Possibly. NAID 453248089.","Query hit(s): Greece, Greek, Mitsotakis, Cyprus, Turkey, Turkish, Ozal, Ozal + Turkey, Greece / Turkey / Cyprus, memorandum of conversation, telephone conversation. OCR status: Full PDF OCR reviewed. OCR signals: SUBJECT: Telephone Call to Prime Minister Ozal | of Turkey | Telephone Call to Turkish Prime Minister. PDF extent: 75 pages. Digital object: 41-bpr-nsc-blackwill_chron-30545-007.pdf. Catalog: https://catalog.archives.gov/id/453248089.",https://catalog.archives.gov/id/453248089,https://s3.dualstack.us-east-1.amazonaws.com/NARAprodstorage/lz/presidential-libraries/bush/gb-nsc/blackwill/chron_2554659/41-bpr-nsc-blackwill_chron-30545-007.pdf
,,,Turkey,Source lead,629 / Open first,CC 045,1992-02-01,February 1992 [4],Central Chronological Files,05b. Memorandum To: President Bush From: Brent Scowcroft n.d. (4!) vA Re: Letter to Demirel (1 pp.) | Re: Letter to Demirel (1 pp.) 06. Report Government Report (1 pp.) 2/7/92 (b)(1) | 06. Report Government Report (1 pp.) 2/7/92 (b)(1) | Demirel + memcon | Demirel + telcon | Greek-Turkish + memorandum | Greece / Turkey / Cyprus + memcon | Greece / Turkey / Cyprus + telcon | Cyprus + memorandum of conversation | Turkey + memorandum of conversation,"Source: George H.W. Bush Library, Bush Presidential Records, National Security Council, European and Eurasian Directorate Central Chronological Files, February 1992 [4]. Access restriction: Restricted - Possibly. NAID 470761797.","Query hit(s): Demirel + memcon, Demirel + telcon, Greek-Turkish + memorandum, Greece / Turkey / Cyprus + memcon, Greece / Turkey / Cyprus + telcon, Cyprus + memorandum of conversation, Turkey + memorandum of conversation. OCR status: First four pages OCR reviewed. OCR signals: 05b. Memorandum To: President Bush From: Brent Scowcroft n.d. (4!) vA Re: Letter to Demirel (1 pp.) | Re: Letter to Demirel (1 pp.) 06. Report Government Report (1 pp.) 2/7/92 (b)(1) | 06. Report Government Report (1 pp.) 2/7/92 (b)(1). PDF extent: 144 pages. Digital object: 41-bpr-nsc-euro_eura-cen_chron-30523-006.pdf. Catalog: https://catalog.archives.gov/id/470761797.",https://catalog.archives.gov/id/470761797,https://s3.dualstack.us-east-1.amazonaws.com/NARAprodstorage/lz/presidential-libraries/bush/gb-nsc/euro_eura_dir_374000108/41-bpr-nsc-euro_eura-cen_chron-30523-006.pdf
,,,Turkey,Source lead,624 / Open first,BC 010,1989-08-01,August 1989 [5],Blackwill Chronological Files,Ambassador from Turkey | Greece | Greek | Cyprus | Turkey | Turkish | Ozal | Ozal + Turkey | Greece / Turkey / Cyprus,"Source: George H.W. Bush Library, Bush Presidential Records, National Security Council, Robert D. Blackwill Chronological Files, August 1989 [5]. Access restriction: Restricted - Possibly. NAID 453248099.","Query hit(s): Greece, Greek, Cyprus, Turkey, Turkish, Ozal, Ozal + Turkey, Greece / Turkey / Cyprus, memorandum of conversation, telephone conversation. OCR status: First four pages OCR reviewed. OCR signals: Ambassador from Turkey. PDF extent: 110 pages. Digital object: 41-bpr-nsc-blackwill_chron-30547-003.pdf. Catalog: https://catalog.archives.gov/id/453248099.",https://catalog.archives.gov/id/453248099,https://s3.dualstack.us-east-1.amazonaws.com/NARAprodstorage/lz/presidential-libraries/bush/gb-nsc/blackwill/chron_2554659/41-bpr-nsc-blackwill_chron-30547-003.pdf
,,,Turkey,Source lead,615 / Open first,CC 053,1991-01-01,January 1991 [3],Central Chronological Files,03a. Memorandum To: Brent Scowcroft From: Nicholas Burns 1/17/91 (b)(1) S Re: Presidential Message to President Ozal (1 pp.) | 03b. Memorandum To: President Bush From: Brent Scowcroft 1/17/91 (b)(1) S Re: Telephone Call to President Ozal (1 pp.) | 03c. Talking Points Points to be Made for Call to President Ozal (1 pp.) n.d. (b)(1) | Mitsotakis + memcon | Mitsotakis + telcon | Mitsotakis + memorandum of conversation | Ozal + memcon | Ozal + telcon | Turkey + memorandum of conversation,"Source: George H.W. Bush Library, Bush Presidential Records, National Security Council, European and Eurasian Directorate Central Chronological Files, January 1991 [3]. Access restriction: Restricted - Possibly. NAID 470761737.","Query hit(s): Mitsotakis + memcon, Mitsotakis + telcon, Mitsotakis + memorandum of conversation, Ozal + memcon, Ozal + telcon, Turkey + memorandum of conversation. OCR status: First four pages OCR reviewed. OCR signals: 03a. Memorandum To: Brent Scowcroft From: Nicholas Burns 1/17/91 (b)(1) S Re: Presidential Message to President Ozal (1 pp.) | 03b. Memorandum To: President Bush From: Brent Scowcroft 1/17/91 (b)(1) S Re: Telephone Call to President Ozal (1 pp.) | 03c. Talking Points Points to be Made for Call to President Ozal (1 pp.) n.d. (b)(1). PDF extent: 156 pages. Digital object: 41-bpr-nsc-euro_eura-cen_chron-30513-003.pdf. Catalog: https://catalog.archives.gov/id/470761737.",https://catalog.archives.gov/id/470761737,https://s3.dualstack.us-east-1.amazonaws.com/NARAprodstorage/lz/presidential-libraries/bush/gb-nsc/euro_eura_dir_374000108/41-bpr-nsc-euro_eura-cen_chron-30513-003.pdf
,,,Turkey,Source lead,609 / Open first,BC 012,1989-06-01,June 1989 [1],Blackwill Chronological Files,SUBJECT: Telephone Call to Prime Minister Ozal | of Turkey | Telephone Call to Turkish Prime Minister | Greek | Cyprus | Turkey | Turkish | Ozal | Ozal + Turkey | memcon | memorandum of conversation,"Source: George H.W. Bush Library, Bush Presidential Records, National Security Council, Robert D. Blackwill Chronological Files, June 1989 [1]. Access restriction: Restricted - Possibly. NAID 453248083.","Query hit(s): Greek, Cyprus, Turkey, Turkish, Ozal, Ozal + Turkey, memcon, memorandum of conversation, telephone conversation. OCR status: Full PDF OCR reviewed. OCR signals: SUBJECT: Telephone Call to Prime Minister Ozal | of Turkey | Telephone Call to Turkish Prime Minister. PDF extent: 140 pages. Digital object: 41-bpr-nsc-blackwill_chron-30545-001.pdf. Catalog: https://catalog.archives.gov/id/453248083.",https://catalog.archives.gov/id/453248083,https://s3.dualstack.us-east-1.amazonaws.com/NARAprodstorage/lz/presidential-libraries/bush/gb-nsc/blackwill/chron_2554659/41-bpr-nsc-blackwill_chron-30545-001.pdf
,,,Turkey,Source lead,587 / High-value source pool,RS 001-002,,Presidential Meetings--Memorandum of Conversations 7/9/92-12/22/92,Requested source pool: Scowcroft Papers,Greece | Greek | Papandreou | Mitsotakis | Cyprus | Cypriot | Vassiliou | Denktash | Clerides | Demirel,"Source: George H.W. Bush Library, Bush Presidential Records, Brent Scowcroft Collection, Presidential Correspondence Files, Presidential Meetings--Memorandum of Conversations 7/9/92-12/22/92. Access restriction: Restricted - Possibly. NAID 366551685.","Query hit(s): Greece, Greek, Papandreou, Mitsotakis, Cyprus, Cypriot, Vassiliou, Denktash, Clerides, Demirel, PKK, Greece / Turkey / Cyprus, memcon, memorandum of conversation. Digital object: 41-bpr-scow-pcor-memcon-91110-002.pdf. Catalog: https://catalog.archives.gov/id/366551685.",https://catalog.archives.gov/id/366551685,https://s3.amazonaws.com/NARAprodstorage/lz/presidential-libraries/bush/gb-gbs/4545941/41-bpr-scow-pcor-memcon-91110-002.pdf
,,,Turkey,Source lead,567 / High-value source pool,RS 001-003,,Presidential Meetings--Memorandum of Conversations 3/3/92-4/28/92,Requested source pool: Scowcroft Papers,Greece | Greek | Mitsotakis | Cyprus | Cypriot | Vassiliou | Denktash | Turkish | Demirel | Eastern Mediterranean,"Source: George H.W. Bush Library, Bush Presidential Records, Brent Scowcroft Collection, Presidential Correspondence Files, Presidential Meetings--Memorandum of Conversations 3/3/92-4/28/92. Access restriction: Restricted - Possibly. NAID 366551682.","Query hit(s): Greece, Greek, Mitsotakis, Cyprus, Cypriot, Vassiliou, Denktash, Turkish, Demirel, Eastern Mediterranean, Greece / Turkey / Cyprus, memcon, memorandum of conversation. Digital object: 41-bpr-scow-pcor-memcon-91109-007.pdf. Catalog: https://catalog.archives.gov/id/366551682.",https://catalog.archives.gov/id/366551682,https://s3.amazonaws.com/NARAprodstorage/lz/presidential-libraries/bush/gb-gbs/4545941/41-bpr-scow-pcor-memcon-91109-007.pdf
,,,Turkey,Source lead,564 / High-value source pool,RS 001-004,,Presidential Meetings--Memorandum of Conversations 2/1/92-2/27/92,Requested source pool: Scowcroft Papers,Greece | Greek | Mitsotakis | Cyprus | Denktash | Turkey | Turkish | Demirel | PKK | Aegean,"Source: George H.W. Bush Library, Bush Presidential Records, Brent Scowcroft Collection, Presidential Correspondence Files, Presidential Meetings--Memorandum of Conversations 2/1/92-2/27/92. Access restriction: Restricted - Possibly. NAID 366551681.","Query hit(s): Greece, Greek, Mitsotakis, Cyprus, Denktash, Turkey, Turkish, Demirel, PKK, Aegean, Greece / Turkey / Cyprus, memcon, memorandum of conversation. Digital object: 41-bpr-scow-pcor-memcon-91109-006.pdf. Catalog: https://catalog.archives.gov/id/366551681.",https://catalog.archives.gov/id/366551681,https://s3.amazonaws.com/NARAprodstorage/lz/presidential-libraries/bush/gb-gbs/4545941/41-bpr-scow-pcor-memcon-91109-006.pdf
,,,Turkey,Source lead,562 / High-value source pool,RS 001-005,,Presidential Telephone Calls--Memorandum of Conversations 8/22/90-10/5/90,Requested source pool: Scowcroft Papers,Greece | Greek | Mitsotakis | Cyprus | Vassiliou | Turkey | Turkish | Ozal | Eastern Mediterranean | Greece / Turkey / Cyprus,"Source: George H.W. Bush Library, Bush Presidential Records, Brent Scowcroft Collection, Presidential Correspondence Files, Presidential Telephone Calls--Memorandum of Conversations 8/22/90-10/5/90. Access restriction: Restricted - Possibly. NAID 366551694.","Query hit(s): Greece, Greek, Mitsotakis, Cyprus, Vassiliou, Turkey, Turkish, Ozal, Eastern Mediterranean, Greece / Turkey / Cyprus, telcon, memorandum of conversation, telephone conversation. Digital object: 41-bpr-scow-pcor-telcon-91112-002.pdf. Catalog: https://catalog.archives.gov/id/366551694.",https://catalog.archives.gov/id/366551694,https://s3.amazonaws.com/NARAprodstorage/lz/presidential-libraries/bush/gb-gbs/4545941/41-bpr-scow-pcor-telcon-91112-002.pdf
,,,Turkey,Source lead,556 / Open first,CC 076,1989-12-01,December 1989 [3],Central Chronological Files,02e. Telcon President's Telephone Call to President Turgut Ozal of Turkey 11/27/89 oy) vA SFOLAEXEMPFHONS REDACTED (2 pp.) | SFOLAEXEMPFHONS REDACTED (2 pp.) | 02g. Telcon President's Telephone Call to Prime Minister Xenofon Zolotas of Greece (1 pp.) | Zolotas + telcon | Ozal + telcon | Turkey + memorandum of conversation,"Source: George H.W. Bush Library, Bush Presidential Records, National Security Council, European and Eurasian Directorate Central Chronological Files, December 1989 [3]. Access restriction: Restricted - Possibly. NAID 470761673.","Query hit(s): Zolotas + telcon, Ozal + telcon, Turkey + memorandum of conversation. OCR status: First four pages OCR reviewed. OCR signals: 02e. Telcon President's Telephone Call to President Turgut Ozal of Turkey 11/27/89 oy) vA SFOLAEXEMPFHONS REDACTED (2 pp.) | SFOLAEXEMPFHONS REDACTED (2 pp.) | 02g. Telcon President's Telephone Call to Prime Minister Xenofon Zolotas of Greece (1 pp.). PDF extent: 102 pages. Digital object: 41-bpr-nsc-euro_eura-cen_chron-30503-003.pdf. Catalog: https://catalog.archives.gov/id/470761673.",https://catalog.archives.gov/id/470761673,https://s3.dualstack.us-east-1.amazonaws.com/NARAprodstorage/lz/presidential-libraries/bush/gb-nsc/euro_eura_dir_374000108/41-bpr-nsc-euro_eura-cen_chron-30503-003.pdf
,,,Turkey,Source lead,555 / High-value source pool,RS 001-006,,Presidential Listing of 1989-1992 Meetings/Telephone Calls,Requested source pool: Scowcroft Papers,Greece | Papandreou | Mitsotakis | Zolotas | Cyprus | Vassiliou | Turkey | Ozal | Demirel | Yilmaz,"Source: George H.W. Bush Library, Bush Presidential Records, Brent Scowcroft Collection, Brent Scowcroft Administrative Files, Presidential Listing of 1989-1992 Meetings/Telephone Calls. Access restriction: Restricted - Possibly. NAID 366552177.","Query hit(s): Greece, Papandreou, Mitsotakis, Zolotas, Cyprus, Vassiliou, Turkey, Ozal, Demirel, Yilmaz, Greece / Turkey / Cyprus. Digital object: 41-bpr-scow-admin-85038-002.pdf. Catalog: https://catalog.archives.gov/id/366552177.",https://catalog.archives.gov/id/366552177,https://s3.dualstack.us-east-1.amazonaws.com/NARAprodstorage/lz/presidential-libraries/bush/gb-gbs/74785770/41-bpr-scow-admin-85038-002.pdf
,,,Turkey,Source lead,555 / Open first,CC 078,1992-10-01,October 1992 [4],Central Chronological Files,10. Telcon Memorandum of Telephone Conversation with Prime Minister 10/2/92 (of) f Demirel of Turkey (2 pp.) | Demirel of Turkey (2 pp.) | llc. Talking Points Points to be Made for Telephone Conversation with President n.d. oh) Z Ozal and Prime Minister Demirel of Turkey (1 pp.) | Ozal + telcon | Demirel + telcon | Turkey + memorandum of conversation,"Source: George H.W. Bush Library, Bush Presidential Records, National Security Council, European and Eurasian Directorate Central Chronological Files, October 1992 [4]. Access restriction: Restricted - Possibly. NAID 470761832.","Query hit(s): Ozal + telcon, Demirel + telcon, Turkey + memorandum of conversation. OCR status: First four pages OCR reviewed. OCR signals: 10. Telcon Memorandum of Telephone Conversation with Prime Minister 10/2/92 (of) f Demirel of Turkey (2 pp.) | Demirel of Turkey (2 pp.) | llc. Talking Points Points to be Made for Telephone Conversation with President n.d. oh) Z Ozal and Prime Minister Demirel of Turkey (1 pp.). PDF extent: 114 pages. Digital object: 41-bpr-nsc-euro_eura-cen_chron-30530-003.pdf. Catalog: https://catalog.archives.gov/id/470761832.",https://catalog.archives.gov/id/470761832,https://s3.dualstack.us-east-1.amazonaws.com/NARAprodstorage/lz/presidential-libraries/bush/gb-nsc/euro_eura_dir_374000108/41-bpr-nsc-euro_eura-cen_chron-30530-003.pdf
,,,Turkey,Source lead,550 / High-value source pool,RS 001-007,,Presidential Meetings--Memorandum of Conversations 1/11/90-2/21/90,Requested source pool: Scowcroft Papers,Greece | Greek | Cyprus | Vassiliou | Denktash | Turkey | Turkish | Ozal | Eastern Mediterranean | Greece / Turkey / Cyprus,"Source: George H.W. Bush Library, Bush Presidential Records, Brent Scowcroft Collection, Presidential Correspondence Files, Presidential Meetings--Memorandum of Conversations 1/11/90-2/21/90. Access restriction: Restricted - Possibly. NAID 366551666.","Query hit(s): Greece, Greek, Cyprus, Vassiliou, Denktash, Turkey, Turkish, Ozal, Eastern Mediterranean, Greece / Turkey / Cyprus, memcon, memorandum of conversation. Digital object: 41-bpr-scow-pcor-memcon-91107-007.pdf. Catalog: https://catalog.archives.gov/id/366551666.",https://catalog.archives.gov/id/366551666,https://s3.amazonaws.com/NARAprodstorage/lz/presidential-libraries/bush/gb-gbs/4545941/41-bpr-scow-pcor-memcon-91107-007.pdf
,,,Turkey,Source lead,546 / High-value source pool,RS 001-008,,Presidential Meetings--Memorandum of Conversations 11/13/90-12/21/90,Requested source pool: Scowcroft Papers,Greece | Greek | Mitsotakis | Cyprus | Denktash | Turkey | Turkish | Ozal | Incirlik | Greece / Turkey / Cyprus,"Source: George H.W. Bush Library, Bush Presidential Records, Brent Scowcroft Collection, Presidential Correspondence Files, Presidential Meetings--Memorandum of Conversations 11/13/90-12/21/90. Access restriction: Restricted - Possibly. NAID 366551672.","Query hit(s): Greece, Greek, Mitsotakis, Cyprus, Denktash, Turkey, Turkish, Ozal, Incirlik, Greece / Turkey / Cyprus, memcon, memorandum of conversation. Digital object: 41-bpr-scow-pcor-memcon-91108-003.pdf. Catalog: https://catalog.archives.gov/id/366551672.",https://catalog.archives.gov/id/366551672,https://s3.amazonaws.com/NARAprodstorage/lz/presidential-libraries/bush/gb-gbs/4545941/41-bpr-scow-pcor-memcon-91108-003.pdf
,,,Turkey,Source lead,541 / High-value source pool,RS 001-009,,Desert Shield/Desert Storm (September 1990) Part I [2],Requested source pool: Scowcroft Papers,Greece | Greek | Papandreou | Mitsotakis | Cyprus | Turkey | Turkish | Ozal | Yilmaz | Aegean,"Source: George H.W. Bush Library, Bush Presidential Records, Brent Scowcroft Collection, Desert Shield and Desert Storm Files, Desert Shield/Desert Storm (September 1990) Part I [2]. Access restriction: Restricted - Possibly. NAID 366551957.","Query hit(s): Greece, Greek, Papandreou, Mitsotakis, Cyprus, Turkey, Turkish, Ozal, Yilmaz, Aegean, Greece / Turkey / Cyprus. Digital object: 41-bpr-scow-dsds-chr-91144-002.pdf. Catalog: https://catalog.archives.gov/id/366551957.",https://catalog.archives.gov/id/366551957,https://s3.amazonaws.com/NARAprodstorage/lz/presidential-libraries/bush/gb-gbs/4708319/41-bpr-scow-dsds-chr-91144-002.pdf
,,,Turkey,Source lead,537 / High-value source pool,RS 002-001,1993-01-05 to 1993-01-05,"Tuesday, January 5, 1993 [2]",Requested source pool: Presidential Daily File,Greece | Greek | Mitsotakis | Cyprus | Cypriot | Vassiliou | Denktash | Turkey | Turkish | Demirel,"Source: George H.W. Bush Library, George H. W. Bush Papers, Presidential Daily Files, Tuesday, January 5, 1993 [2]. Access restriction: Restricted - Possibly. NAID 470418284.","Query hit(s): Greece, Greek, Mitsotakis, Cyprus, Cypriot, Vassiliou, Denktash, Turkey, Turkish, Demirel, Greece / Turkey / Cyprus. Digital object: 41-bpr-ootp-daily_files-90746-009.pdf. Catalog: https://catalog.archives.gov/id/470418284.",https://catalog.archives.gov/id/470418284,https://s3.amazonaws.com/NARAprodstorage/lz/presidential-libraries/bush/gb-gbpp/Pres_Daily_Files_595141/1993/41-bpr-ootp-daily_files-90746-009.pdf
,,,Turkey,Source lead,536 / High-value source pool,RS 002-002,1991-11-22 to 1991-11-22,"Friday, November 22, 1991 [2]",Requested source pool: Presidential Daily File,Greece | Greek | Mitsotakis | Cyprus | Cypriot | Vassiliou | Turkey | Turkish | Yilmaz | Eastern Mediterranean,"Source: George H.W. Bush Library, George H. W. Bush Papers, Presidential Daily Files, Friday, November 22, 1991 [2]. Access restriction: Restricted - Possibly. NAID 470417464.","Query hit(s): Greece, Greek, Mitsotakis, Cyprus, Cypriot, Vassiliou, Turkey, Turkish, Yilmaz, Eastern Mediterranean, Greece / Turkey / Cyprus. Digital object: 41-bpr-ootp-daily_files-90635-006.pdf. Catalog: https://catalog.archives.gov/id/470417464.",https://catalog.archives.gov/id/470417464,https://s3.amazonaws.com/NARAprodstorage/lz/presidential-libraries/bush/gb-gbpp/Pres_Daily_Files_595141/1991/41-bpr-ootp-daily_files-90635-006.pdf
,,,Turkey,Source lead,535 / High-value source pool,RS 001-010,,Presidential Meetings--Memorandum of Conversations 7/1/92-7/9/92,Requested source pool: Scowcroft Papers,Greece | Mitsotakis | Cyprus | Vassiliou | Denktash | Demirel | Yilmaz | Greece / Turkey / Cyprus | memcon | memorandum of conversation,"Source: George H.W. Bush Library, Bush Presidential Records, Brent Scowcroft Collection, Presidential Correspondence Files, Presidential Meetings--Memorandum of Conversations 7/1/92-7/9/92. Access restriction: Restricted - Possibly. NAID 366551684.","Query hit(s): Greece, Mitsotakis, Cyprus, Vassiliou, Denktash, Demirel, Yilmaz, Greece / Turkey / Cyprus, memcon, memorandum of conversation. Digital object: 41-bpr-scow-pcor-memcon-91110-001.pdf. Catalog: https://catalog.archives.gov/id/366551684.",https://catalog.archives.gov/id/366551684,https://s3.amazonaws.com/NARAprodstorage/lz/presidential-libraries/bush/gb-gbs/4545941/41-bpr-scow-pcor-memcon-91110-001.pdf
,,,Turkey,Source lead,531 / High-value source pool,RS 001-012,,Other (July 1989),Requested source pool: Scowcroft Papers,Greece | Greek | Papandreou | Cyprus | Cypriot | Vassiliou | Denktash | Turkish | Ozal | memcon,"Source: George H.W. Bush Library, Bush Presidential Records, Brent Scowcroft Collection, Chronological Files, Other (July 1989). Access restriction: Restricted - Possibly. NAID 366551995.","Query hit(s): Greece, Greek, Papandreou, Cyprus, Cypriot, Vassiliou, Denktash, Turkish, Ozal, memcon, memorandum of conversation. Digital object: 41-bpr-scow-chron-91148-006.pdf. Catalog: https://catalog.archives.gov/id/366551995.",https://catalog.archives.gov/id/366551995,https://s3.amazonaws.com/NARAprodstorage/lz/presidential-libraries/bush/gb-gbs/4708326/41-bpr-scow-chron-91148-006.pdf
,,,Turkey,Declassification follow-up,Marker / no memorandum listed,Doc 3.002,1989-05-29,"Meeting with Prime Minister Turgut Ozal of Turkey, May 29, 1989 (no Memcon)",No Memcon,Confirm whether a memorandum/telcon exists; use schedule references as evidence of the meeting or call.,"Source: George H.W. Bush Library, Bush Presidential Records, National Security Council, Presidential Telcon Files, Meeting with Prime Minister Turgut Ozal of Turkey, May 29, 1989 (no Memcon). Release status: Marker / no memorandum listed. NAID 428082487.",PDF extent: 2 pages. Digital object: 1989-05-29--Ozal.pdf. Catalog: https://catalog.archives.gov/id/428082487.,https://catalog.archives.gov/id/428082487,https://s3.us-east-1.amazonaws.com/NARAprodstorage/lz/presidential-libraries/bush/gb-nsc/321498039/1989-05-29--Ozal.pdf
,,,Turkey,Declassification follow-up,Partial,Doc 3.009,1990-01-18,"Meeting with President Turgut Ozal of Turkey, January 18, 1990 (2 of 2)",Memcon,Compare released text against source context and request full review of withheld passages if needed.,"Source: George H.W. Bush Library, Bush Presidential Records, National Security Council, Presidential Memcon Files, Meeting with President Turgut Ozal of Turkey, January 18, 1990 (2 of 2). Release status: Partial. NAID 428080437.",PDF extent: 8 pages. Digital object: 1990-01-18--Ozal-2.pdf. Catalog: https://catalog.archives.gov/id/428080437.,https://catalog.archives.gov/id/428080437,https://s3.us-east-1.amazonaws.com/NARAprodstorage/lz/presidential-libraries/bush/gb-nsc/321498039/1990-01-18--Ozal-2.pdf
,,,Turkey,Declassification follow-up,Partial,Doc 3.012,1990-08-04,"Telephone Call to President Turgut Ozal of Turkey, August 4, 1990",Telcon,Compare released text against source context and request full review of withheld passages if needed.,"Source: George H.W. Bush Library, Bush Presidential Records, National Security Council, Presidential Telcon Files, Telephone Call to President Turgut Ozal of Turkey, August 4, 1990. Release status: Partial. NAID 428080891.",PDF extent: 2 pages. Digital object: 1990-08-04--Ozal.pdf. Catalog: https://catalog.archives.gov/id/428080891.,https://catalog.archives.gov/id/428080891,https://s3.us-east-1.amazonaws.com/NARAprodstorage/lz/presidential-libraries/bush/gb-nsc/321498139/1990-08-04--Ozal.pdf
,,,Turkey,Declassification follow-up,Marker / no memorandum listed,Doc 3.016,1990-08-16,"Telephone Call with Turgut Ozal, August 16, 1990",No Telcon,Confirm whether a memorandum/telcon exists; use schedule references as evidence of the meeting or call.,"Source: George H.W. Bush Library, Bush Presidential Records, National Security Council, Presidential Telcon Files, Telephone Call with Turgut Ozal, August 16, 1990. Release status: Marker / no memorandum listed. NAID 428080933.",PDF extent: 2 pages. Digital object: 1990-08-16--Ozal.pdf. Catalog: https://catalog.archives.gov/id/428080933.,https://catalog.archives.gov/id/428080933,https://s3.us-east-1.amazonaws.com/NARAprodstorage/lz/presidential-libraries/bush/gb-nsc/321498139/1990-08-16--Ozal.pdf
,,,Turkey,Declassification follow-up,Marker / no memorandum listed,Doc 3.027,1990-12-16,"Telephone Call from Turgut Ozal, December 16, 1990",No Telcon,Confirm whether a memorandum/telcon exists; use schedule references as evidence of the meeting or call.,"Source: George H.W. Bush Library, Bush Presidential Records, National Security Council, Presidential Telcon Files, Telephone Call from Turgut Ozal, December 16, 1990. Release status: Marker / no memorandum listed. NAID 428081251.",PDF extent: 2 pages. Digital object: 1990-12-16--Ozal.pdf. Catalog: https://catalog.archives.gov/id/428081251.,https://catalog.archives.gov/id/428081251,https://s3.us-east-1.amazonaws.com/NARAprodstorage/lz/presidential-libraries/bush/gb-nsc/321498139/1990-12-16--Ozal.pdf
,,,Turkey,Declassification follow-up,Marker / no memorandum listed,Doc 3.031,1991-01-16,"Telephone Call to Turgut Ozal, January 16, 1991",No Telcon,Confirm whether a memorandum/telcon exists; use schedule references as evidence of the meeting or call.,"Source: George H.W. Bush Library, Bush Presidential Records, National Security Council, Presidential Telcon Files, Telephone Call to Turgut Ozal, January 16, 1991. Release status: Marker / no memorandum listed. NAID 428081335.",PDF extent: 2 pages. Digital object: 1991-01-16--Ozal.pdf. Catalog: https://catalog.archives.gov/id/428081335.,https://catalog.archives.gov/id/428081335,https://s3.us-east-1.amazonaws.com/NARAprodstorage/lz/presidential-libraries/bush/gb-nsc/321498139/1991-01-16--Ozal.pdf
,,,Turkey,Declassification follow-up,Marker / no memorandum listed,Doc 3.040,1991-03-27,"Telephone Call from Turgut Ozal, March 27, 1991",No Telcon,Confirm whether a memorandum/telcon exists; use schedule references as evidence of the meeting or call.,"Source: George H.W. Bush Library, Bush Presidential Records, National Security Council, Presidential Telcon Files, Telephone Call from Turgut Ozal, March 27, 1991. Release status: Marker / no memorandum listed. NAID 428081553.",PDF extent: 2 pages. Digital object: 1991-03-27--Ozal.pdf. Catalog: https://catalog.archives.gov/id/428081553.,https://catalog.archives.gov/id/428081553,https://s3.us-east-1.amazonaws.com/NARAprodstorage/lz/presidential-libraries/bush/gb-nsc/321498139/1991-03-27--Ozal.pdf
,,,Turkey,Declassification follow-up,Denied,Doc 3.043,1991-04-16,"Presidential Call to President Ozal, April 16, 1991 (2 of 2)",Telcon,Request denial review and capture agency/referral rationale.,"Source: George H.W. Bush Library, Bush Presidential Records, National Security Council, Presidential Telcon Files, Presidential Call to President Ozal, April 16, 1991 (2 of 2). Release status: Denied. NAID 428081617.",PDF extent: 1 pages. Digital object: 1991-04-16--Ozal-2.pdf. Catalog: https://catalog.archives.gov/id/428081617.,https://catalog.archives.gov/id/428081617,https://s3.us-east-1.amazonaws.com/NARAprodstorage/lz/presidential-libraries/bush/gb-nsc/321498139/1991-04-16--Ozal-2.pdf
,,,Turkey,Declassification follow-up,Marker / no memorandum listed,Doc 3.046,1991-05-07,"Telephone Call to Turgut Ozal, May 7, 1991",No Telcon,Confirm whether a memorandum/telcon exists; use schedule references as evidence of the meeting or call.,"Source: George H.W. Bush Library, Bush Presidential Records, National Security Council, Presidential Telcon Files, Telephone Call to Turgut Ozal, May 7, 1991. Release status: Marker / no memorandum listed. NAID 428081649.",PDF extent: 2 pages. Digital object: 1991-05-07--Ozal.pdf. Catalog: https://catalog.archives.gov/id/428081649.,https://catalog.archives.gov/id/428081649,https://s3.us-east-1.amazonaws.com/NARAprodstorage/lz/presidential-libraries/bush/gb-nsc/321498139/1991-05-07--Ozal.pdf
,,,Turkey,Declassification follow-up,Partial,Doc 3.049,1991-07-10,"Telephone Call with Turgut Ozal, President of Turkey on July 10, 1991",Telcon,Compare released text against source context and request full review of withheld passages if needed.,"Source: George H.W. Bush Library, Bush Presidential Records, National Security Council, Presidential Telcon Files, Telephone Call with Turgut Ozal, President of Turkey on July 10, 1991. Release status: Partial. NAID 428081761.",PDF extent: 5 pages. Digital object: 1991-07-10--Ozal.pdf. Catalog: https://catalog.archives.gov/id/428081761.,https://catalog.archives.gov/id/428081761,https://s3.us-east-1.amazonaws.com/NARAprodstorage/lz/presidential-libraries/bush/gb-nsc/321498139/1991-07-10--Ozal.pdf
,,,Turkey,Declassification follow-up,Partial,Doc 3.060,1992-05-11,"Telcon with Prime Minister Demirel of Turkey, May 11, 1992",Telcon,Compare released text against source context and request full review of withheld passages if needed.,"Source: George H.W. Bush Library, Bush Presidential Records, National Security Council, Presidential Telcon Files, Telcon with Prime Minister Demirel of Turkey, May 11, 1992. Release status: Partial. NAID 428082217.",PDF extent: 4 pages. Digital object: 1992-05-11--Demirel.pdf. Catalog: https://catalog.archives.gov/id/428082217.,https://catalog.archives.gov/id/428082217,https://s3.us-east-1.amazonaws.com/NARAprodstorage/lz/presidential-libraries/bush/gb-nsc/321498139/1992-05-11--Demirel.pdf
,,,Turkey,Declassification follow-up,Partial,Doc 3.064,1992-08-01,"Telephone Conversation with Prime Minister Suleyman Demirel of Turkey, August 1, 1992",Telcon,Compare released text against source context and request full review of withheld passages if needed.,"Source: George H.W. Bush Library, Bush Presidential Records, National Security Council, Presidential Telcon Files, Telephone Conversation with Prime Minister Suleyman Demirel of Turkey, August 1, 1992. Release status: Partial. NAID 428082337.",PDF extent: 4 pages. Digital object: 1992-08-01--Demirel.pdf. Catalog: https://catalog.archives.gov/id/428082337.,https://catalog.archives.gov/id/428082337,https://s3.us-east-1.amazonaws.com/NARAprodstorage/lz/presidential-libraries/bush/gb-nsc/321498139/1992-08-01--Demirel.pdf
,,,Turkey,Citation/data-quality issue,fix before citation,Scout 037,1991-02-05,"President's Daily Diary Entry, February 5, 1991",NARA Scout,Name/title spelling variant: Found Turgat Ozal in scopeAndContentNote; review against preferred form Turgut Ozal.,Verify diary text against the PDF before using this wording in notes or names.,,https://catalog.archives.gov/id/186342,https://s3.amazonaws.com/NARAprodstorage/opastorage/live/42/1863/186342/content/arcmedia/media/images/40/21/40-2053a.gif
,,,Turkey,Citation/data-quality issue,fix before citation,Scout 037,1991-02-05,"President's Daily Diary Entry, February 5, 1991",NARA Scout,Name/title spelling variant: Found Mitterand in scopeAndContentNote; review against preferred form Mitterrand.,Verify diary text against the PDF before using this wording in notes or names.,,https://catalog.archives.gov/id/186342,https://s3.amazonaws.com/NARAprodstorage/opastorage/live/42/1863/186342/content/arcmedia/media/images/40/21/40-2053a.gif
,,,Turkey,Citation/data-quality issue,fix before citation,Scout 039,1991-02-22,"President's Daily Diary Entry, February 22, 1991",NARA Scout,Name/title spelling variant: Found Mitterand in scopeAndContentNote; review against preferred form Mitterrand.,Verify diary text against the PDF before using this wording in notes or names.,,https://catalog.archives.gov/id/186359,https://s3.amazonaws.com/NARAprodstorage/opastorage/live/59/1863/186359/content/arcmedia/media/images/40/23/40-2225a.gif
,,,Turkey,Citation/data-quality issue,fix before citation,Doc 3.002 / Schedule NAID 415889856,1989-05-29,[Presidential Daily Diary] 5/29/1989 [EMPTY],Schedule corroboration,"Filename/date mismatch: Item date is 1989-05-29, but digital object filename suggests 1998-05-29: 41-bpr-apts_sch-dd-05_29_98-12798-009_415889856.pdf.",Open the Catalog/PDF and verify the correct date before citation or selection.,,https://catalog.archives.gov/id/415889856,https://s3.amazonaws.com/NARAprodstorage/lz/presidential-libraries/bush/gb-whasf/Presidential_Daily_Diary_186322/1989/41-bpr-apts_sch-dd-05_29_98-12798-009_415889856.pdf
,,,Turkey,Citation/data-quality issue,fix before citation,Doc 3.002 / Schedule NAID 415889857,1989-05-29,[Presidential Daily Backup] 5/29/1989,Schedule corroboration,"Filename/date mismatch: Item date is 1989-05-29, but digital object filename suggests 1998-05-29: 41-bpr-apts_sch-dd-05_29_98-12798-010_415889857.pdf.",Open the Catalog/PDF and verify the correct date before citation or selection.,,https://catalog.archives.gov/id/415889857,https://s3.amazonaws.com/NARAprodstorage/lz/presidential-libraries/bush/gb-whasf/Presidential_Daily_Diary_186322/1989/41-bpr-apts_sch-dd-05_29_98-12798-010_415889857.pdf
,,,Turkey,Citation/data-quality issue,fix before citation,Doc 3.033 / Schedule NAID 186336,1991-01-30,"President's Daily Diary Entry, January 30, 1991",Schedule corroboration,Name/title spelling variant: Found Turgat Ozal in scopeAndContentNote; review against preferred form Turgut Ozal.,Verify diary text against the PDF before using this wording in notes or names.,,https://catalog.archives.gov/id/186336,https://s3.amazonaws.com/NARAprodstorage/opastorage/live/36/1863/186336/content/arcmedia/media/images/40/20/40-1983a.gif
,,,Turkey,Citation/data-quality issue,fix before citation,Doc 3.033 / Schedule NAID 415891080,1991-01-30,[Presidential Daily Diary] 1/30/1991,Schedule corroboration,Name/title spelling variant: Found Turgat Ozal in scopeAndContentNote; review against preferred form Turgut Ozal.,Verify diary text against the PDF before using this wording in notes or names.,,https://catalog.archives.gov/id/415891080,https://s3.amazonaws.com/NARAprodstorage/opastorage/live/36/1863/186336/content/arcmedia/media/images/40/20/40-1983a.gif
,,,Turkey,Citation/data-quality issue,fix before citation,Doc 3.034 / Schedule NAID 186342,1991-02-05,"President's Daily Diary Entry, February 5, 1991",Schedule corroboration,Name/title spelling variant: Found Turgat Ozal in scopeAndContentNote; review against preferred form Turgut Ozal.,Verify diary text against the PDF before using this wording in notes or names.,,https://catalog.archives.gov/id/186342,https://s3.amazonaws.com/NARAprodstorage/opastorage/live/42/1863/186342/content/arcmedia/media/images/40/21/40-2053a.gif
,,,Turkey,Citation/data-quality issue,fix before citation,Doc 3.034 / Schedule NAID 186342,1991-02-05,"President's Daily Diary Entry, February 5, 1991",Schedule corroboration,Name/title spelling variant: Found Mitterand in scopeAndContentNote; review against preferred form Mitterrand.,Verify diary text against the PDF before using this wording in notes or names.,,https://catalog.archives.gov/id/186342,https://s3.amazonaws.com/NARAprodstorage/opastorage/live/42/1863/186342/content/arcmedia/media/images/40/21/40-2053a.gif
,,,Turkey,Citation/data-quality issue,fix before citation,Doc 3.034 / Schedule NAID 415891092,1991-02-05,[Presidential Daily Diary] 2/5/1991,Schedule corroboration,Name/title spelling variant: Found Turgat Ozal in scopeAndContentNote; review against preferred form Turgut Ozal.,Verify diary text against the PDF before using this wording in notes or names.,,https://catalog.archives.gov/id/415891092,https://s3.amazonaws.com/NARAprodstorage/opastorage/live/42/1863/186342/content/arcmedia/media/images/40/21/40-2053a.gif
,,,Turkey,Citation/data-quality issue,fix before citation,Doc 3.034 / Schedule NAID 415891092,1991-02-05,[Presidential Daily Diary] 2/5/1991,Schedule corroboration,Name/title spelling variant: Found Mitterand in scopeAndContentNote; review against preferred form Mitterrand.,Verify diary text against the PDF before using this wording in notes or names.,,https://catalog.archives.gov/id/415891092,https://s3.amazonaws.com/NARAprodstorage/opastorage/live/42/1863/186342/content/arcmedia/media/images/40/21/40-2053a.gif
,,,Turkey,Citation/data-quality issue,fix before citation,Doc 3.036 / Schedule NAID 415891120,1991-02-19,[Presidential Daily Diary] 2/19/1991,Schedule corroboration,Name/title spelling variant: Found Mitterand in scopeAndContentNote; review against preferred form Mitterrand.,Verify diary text against the PDF before using this wording in notes or names.,,https://catalog.archives.gov/id/415891120,https://s3.amazonaws.com/NARAprodstorage/opastorage/live/56/1863/186356/content/arcmedia/media/images/40/22/40-2184a.gif
,,,Turkey,Citation/data-quality issue,fix before citation,Doc 3.057,1992-01-12,"Telcon with President Turgut Ozal of Turkey, January 12, 1991",Selected chronology,"Filename/date mismatch: Item date is 1992-01-12, but digital object filename suggests 1991-01-12: 1991-01-12--Ozal.pdf.",Open the Catalog/PDF and verify the correct date before citation or selection.,,https://catalog.archives.gov/id/428082117,https://s3.us-east-1.amazonaws.com/NARAprodstorage/lz/presidential-libraries/bush/gb-nsc/321498139/1991-01-12--Ozal.pdf
,,,Turkey,Citation/data-quality issue,review,Scout 048,1989-01-01,Turkey 7/19/20 [OA 8325],NARA Scout,"Suspect date token in title: Title contains 7/19/20, which may be a truncated or miscoded Bush-era date.",Verify the title/date against the PDF and Catalog record before relying on this lead.,,https://catalog.archives.gov/id/323153443,https://s3.amazonaws.com/NARAprodstorage/lz/presidential-libraries/bush/gb-spe/speechwriting_backup_chron_579003/41-bpr-speech-backup-chron-13764-009_323153443.pdf
,,,Turkey,Citation/data-quality issue,caveat,Doc 3.001 / Schedule NAID 415889668,1989-02-24,[Presidential Daily Diary] 2/24/1989 [EMPTY],Schedule corroboration,Schedule title caveat: Schedule title includes [EMPTY]: [Presidential Daily Diary] 2/24/1989 [EMPTY].,Use as schedule corroboration only after reviewing the PDF content.,,https://catalog.archives.gov/id/415889668,https://s3.amazonaws.com/NARAprodstorage/lz/presidential-libraries/bush/gb-whasf/Presidential_Daily_Diary_186322/1989/41-bpr-apts_sch-dd-02_24_89-12791-015_415889668.pdf
,,,Turkey,Citation/data-quality issue,caveat,Doc 3.002 / Schedule NAID 415889856,1989-05-29,[Presidential Daily Diary] 5/29/1989 [EMPTY],Schedule corroboration,Schedule title caveat: Schedule title includes [EMPTY]: [Presidential Daily Diary] 5/29/1989 [EMPTY].,Use as schedule corroboration only after reviewing the PDF content.,,https://catalog.archives.gov/id/415889856,https://s3.amazonaws.com/NARAprodstorage/lz/presidential-libraries/bush/gb-whasf/Presidential_Daily_Diary_186322/1989/41-bpr-apts_sch-dd-05_29_98-12798-009_415889856.pdf
,,,Turkey,Citation/data-quality issue,caveat,Doc 3.003 / Schedule NAID 415889926,1989-07-03,[Presidential Daily Diary] 7/3/1989 [EMPTY],Schedule corroboration,Schedule title caveat: Schedule title includes [EMPTY]: [Presidential Daily Diary] 7/3/1989 [EMPTY].,Use as schedule corroboration only after reviewing the PDF content.,,https://catalog.archives.gov/id/415889926,https://s3.amazonaws.com/NARAprodstorage/lz/presidential-libraries/bush/gb-whasf/Presidential_Daily_Diary_186322/1989/41-bpr-apts_sch-dd-07_03_89-12801-007_415889926.pdf
,,,Turkey,Citation/data-quality issue,caveat,Doc 3.007 / Schedule NAID 415890220,1989-11-27,[Presidential Daily Diary] 11/27/1989 [EMPTY],Schedule corroboration,Schedule title caveat: Schedule title includes [EMPTY]: [Presidential Daily Diary] 11/27/1989 [EMPTY].,Use as schedule corroboration only after reviewing the PDF content.,,https://catalog.archives.gov/id/415890220,https://s3.amazonaws.com/NARAprodstorage/lz/presidential-libraries/bush/gb-whasf/Presidential_Daily_Diary_186322/1989/41-bpr-apts_sch-dd-11_27_89-12812-011_415890220.pdf
,,,Turkey,Citation/data-quality issue,caveat,Doc 3.008 / Schedule NAID 415890324,1990-01-18,[Presidential Daily Diary] 1/18/1990 [EMPTY],Schedule corroboration,Schedule title caveat: Schedule title includes [EMPTY]: [Presidential Daily Diary] 1/18/1990 [EMPTY].,Use as schedule corroboration only after reviewing the PDF content.,,https://catalog.archives.gov/id/415890324,https://s3.amazonaws.com/NARAprodstorage/lz/presidential-libraries/bush/gb-whasf/Presidential_Daily_Diary_186322/1990/41-bpr-apts_sch-dd-01_18_90-12815-015_415890324.pdf
,,,Turkey,Citation/data-quality issue,caveat,Doc 3.009 / Schedule NAID 415890324,1990-01-18,[Presidential Daily Diary] 1/18/1990 [EMPTY],Schedule corroboration,Schedule title caveat: Schedule title includes [EMPTY]: [Presidential Daily Diary] 1/18/1990 [EMPTY].,Use as schedule corroboration only after reviewing the PDF content.,,https://catalog.archives.gov/id/415890324,https://s3.amazonaws.com/NARAprodstorage/lz/presidential-libraries/bush/gb-whasf/Presidential_Daily_Diary_186322/1990/41-bpr-apts_sch-dd-01_18_90-12815-015_415890324.pdf
,,,Turkey,Citation/data-quality issue,caveat,Doc 3.014 / Schedule NAID 415890728,1990-08-08,[Presidential Daily Diary] 8/8/1990 [EMPTY],Schedule corroboration,Schedule title caveat: Schedule title includes [EMPTY]: [Presidential Daily Diary] 8/8/1990 [EMPTY].,Use as schedule corroboration only after reviewing the PDF content.,,https://catalog.archives.gov/id/415890728,https://s3.amazonaws.com/NARAprodstorage/lz/presidential-libraries/bush/gb-whasf/Presidential_Daily_Diary_186322/1990/41-bpr-apts_sch-dd-08_08_90-12834-003_415890728.pdf
,,,Turkey,Citation/data-quality issue,caveat,Doc 3.016 / Schedule NAID 415890744,1990-08-16,[Presidential Daily Diary] 8/16/1990 [EMPTY],Schedule corroboration,Schedule title caveat: Schedule title includes [EMPTY]: [Presidential Daily Diary] 8/16/1990 [EMPTY].,Use as schedule corroboration only after reviewing the PDF content.,,https://catalog.archives.gov/id/415890744,https://s3.amazonaws.com/NARAprodstorage/lz/presidential-libraries/bush/gb-whasf/Presidential_Daily_Diary_186322/1990/41-bpr-apts_sch-dd-08_16_90-12834-019_415890744.pdf
,,,Turkey,Citation/data-quality issue,caveat,Doc 3.017 / Schedule NAID 415890752,1990-08-20,[Presidential Daily Diary] 8/20/1990 [EMPTY],Schedule corroboration,Schedule title caveat: Schedule title includes [EMPTY]: [Presidential Daily Diary] 8/20/1990 [EMPTY].,Use as schedule corroboration only after reviewing the PDF content.,,https://catalog.archives.gov/id/415890752,https://s3.amazonaws.com/NARAprodstorage/lz/presidential-libraries/bush/gb-whasf/Presidential_Daily_Diary_186322/1990/41-bpr-apts_sch-dd-08_20_90-12834-027_415890752.pdf
,,,Turkey,Citation/data-quality issue,caveat,Doc 3.018 / Schedule NAID 415890772,1990-08-30,[Presidential Daily Diary] 8/30/1990 [EMPTY],Schedule corroboration,Schedule title caveat: Schedule title includes [EMPTY]: [Presidential Daily Diary] 8/30/1990 [EMPTY].,Use as schedule corroboration only after reviewing the PDF content.,,https://catalog.archives.gov/id/415890772,https://s3.amazonaws.com/NARAprodstorage/lz/presidential-libraries/bush/gb-whasf/Presidential_Daily_Diary_186322/1990/41-bpr-apts_sch-dd-08_30_90-12835-005_415890772.pdf
,,,Turkey,Citation/data-quality issue,caveat,Doc 3.019 / Schedule NAID 415890786,1990-09-06,[Presidential Daily Diary] 9/6/1990 [EMPTY],Schedule corroboration,Schedule title caveat: Schedule title includes [EMPTY]: [Presidential Daily Diary] 9/6/1990 [EMPTY].,Use as schedule corroboration only after reviewing the PDF content.,,https://catalog.archives.gov/id/415890786,https://s3.amazonaws.com/NARAprodstorage/lz/presidential-libraries/bush/gb-whasf/Presidential_Daily_Diary_186322/1990/41-bpr-apts_sch-dd-09_06_90-12835-019_415890786.pdf
,,,Turkey,Citation/data-quality issue,caveat,Doc 3.024 / Schedule NAID 415890938,1990-11-20,[Presidential Daily Diary] 11/20/1990 [EMPTY],Schedule corroboration,Schedule title caveat: Schedule title includes [EMPTY]: [Presidential Daily Diary] 11/20/1990 [EMPTY].,Use as schedule corroboration only after reviewing the PDF content.,,https://catalog.archives.gov/id/415890938,https://s3.amazonaws.com/NARAprodstorage/lz/presidential-libraries/bush/gb-whasf/Presidential_Daily_Diary_186322/1990/41-bpr-apts_sch-dd-11_20_90-12842-027_415890938.pdf
,,,Turkey,Citation/data-quality issue,caveat,Doc 3.062 / Schedule NAID 415892114,1992-06-26,[Presidential Daily Diary] 6/26/1992 [EMPTY],Schedule corroboration,Schedule title caveat: Schedule title includes [EMPTY]: [Presidential Daily Diary] 6/26/1992 [EMPTY].,Use as schedule corroboration only after reviewing the PDF content.,,https://catalog.archives.gov/id/415892114,https://s3.dualstack.us-east-1.amazonaws.com/NARAprodstorage/lz/presidential-libraries/bush/gb-whasf/Presidential_Daily_Diary_186322/1992/41-bpr-apts_sch-dd-06_26_92-12894-003_415892114.pdf
,,,Turkey,Citation/data-quality issue,caveat,Doc 3.063 / Schedule NAID 415892141,1992-07-09,[Presidential Daily Diary] 7/9/1992 [EMPTY],Schedule corroboration,Schedule title caveat: Schedule title includes [EMPTY]: [Presidential Daily Diary] 7/9/1992 [EMPTY].,Use as schedule corroboration only after reviewing the PDF content.,,https://catalog.archives.gov/id/415892141,https://s3.dualstack.us-east-1.amazonaws.com/NARAprodstorage/lz/presidential-libraries/bush/gb-whasf/Presidential_Daily_Diary_186322/1992/41-bpr-apts_sch-dd-07_09_92-12895-013_415892141.pdf
,,,Regional,Selected chronology,Selected,Doc 4.001,1989-09-25,"President's Lunch for Allied Representatives, September 25, 1989",Memcon,George H. W. Bush; Manfred Woerner; George Papoulias; Mesut Yilmaz; NATO allied representatives,"Source: George H.W. Bush Library, Bush Presidential Records, National Security Council, Presidential Memcon Files, President's Lunch for Allied Representatives, September 25, 1989. Release status: Full. NAID 428080191.",PDF extent: 4 pages. Digital object: 1989-09-25--Allied-Representatives.pdf. Catalog: https://catalog.archives.gov/id/428080191.,https://catalog.archives.gov/id/428080191,https://s3.us-east-1.amazonaws.com/NARAprodstorage/lz/presidential-libraries/bush/gb-nsc/321498039/1989-09-25--Allied-Representatives.pdf
,,,Regional,Source lead,642 / High-value source pool,RS 001-001,,Presidential Meetings--Memorandum of Conversations 7/11/91-7/22/91,Requested source pool: Scowcroft Papers,Greece | Greek | Papandreou | Mitsotakis | Cyprus | Cypriot | Vassiliou | Denktash | Turkey | Turkish,"Source: George H.W. Bush Library, Bush Presidential Records, Brent Scowcroft Collection, Presidential Correspondence Files, Presidential Meetings--Memorandum of Conversations 7/11/91-7/22/91. Access restriction: Restricted - Possibly. NAID 366551676.","Query hit(s): Greece, Greek, Papandreou, Mitsotakis, Cyprus, Cypriot, Vassiliou, Denktash, Turkey, Turkish, Ozal, Yilmaz, PKK, Aegean, Eastern Mediterranean, Greece / Turkey / Cyprus, memcon, memorandum of conversation. Digital object: 41-bpr-scow-pcor-memcon-91109-001.pdf. Catalog: https://catalog.archives.gov/id/366551676.",https://catalog.archives.gov/id/366551676,https://s3.amazonaws.com/NARAprodstorage/lz/presidential-libraries/bush/gb-gbs/4545941/41-bpr-scow-pcor-memcon-91109-001.pdf
,,,Regional,Source lead,587 / High-value source pool,RS 001-002,,Presidential Meetings--Memorandum of Conversations 7/9/92-12/22/92,Requested source pool: Scowcroft Papers,Greece | Greek | Papandreou | Mitsotakis | Cyprus | Cypriot | Vassiliou | Denktash | Clerides | Demirel,"Source: George H.W. Bush Library, Bush Presidential Records, Brent Scowcroft Collection, Presidential Correspondence Files, Presidential Meetings--Memorandum of Conversations 7/9/92-12/22/92. Access restriction: Restricted - Possibly. NAID 366551685.","Query hit(s): Greece, Greek, Papandreou, Mitsotakis, Cyprus, Cypriot, Vassiliou, Denktash, Clerides, Demirel, PKK, Greece / Turkey / Cyprus, memcon, memorandum of conversation. Digital object: 41-bpr-scow-pcor-memcon-91110-002.pdf. Catalog: https://catalog.archives.gov/id/366551685.",https://catalog.archives.gov/id/366551685,https://s3.amazonaws.com/NARAprodstorage/lz/presidential-libraries/bush/gb-gbs/4545941/41-bpr-scow-pcor-memcon-91110-002.pdf
,,,Regional,Source lead,579 / High-value source pool,BC 005,1989-07-01,July 1989 [1],Blackwill Chronological Files,Greece | Greek | Cyprus | Cypriot | Vassiliou | Vassiliou + Cyprus | Denktash | Turkey,"Source: George H.W. Bush Library, Bush Presidential Records, National Security Council, Robert D. Blackwill Chronological Files, July 1989 [1]. Access restriction: Restricted - Possibly. NAID 453248090.","Query hit(s): Greece, Greek, Cyprus, Cypriot, Vassiliou, Vassiliou + Cyprus, Denktash, Turkey, Turkish, Ozal, Ozal + Turkey, Greece / Turkey / Cyprus, memorandum of conversation, telephone conversation. OCR status: First four pages OCR reviewed. PDF extent: 135 pages. Digital object: 41-bpr-nsc-blackwill_chron-30546-001.pdf. Catalog: https://catalog.archives.gov/id/453248090.",https://catalog.archives.gov/id/453248090,https://s3.dualstack.us-east-1.amazonaws.com/NARAprodstorage/lz/presidential-libraries/bush/gb-nsc/blackwill/chron_2554659/41-bpr-nsc-blackwill_chron-30546-001.pdf
,,,Regional,Source lead,567 / High-value source pool,RS 001-003,,Presidential Meetings--Memorandum of Conversations 3/3/92-4/28/92,Requested source pool: Scowcroft Papers,Greece | Greek | Mitsotakis | Cyprus | Cypriot | Vassiliou | Denktash | Turkish | Demirel | Eastern Mediterranean,"Source: George H.W. Bush Library, Bush Presidential Records, Brent Scowcroft Collection, Presidential Correspondence Files, Presidential Meetings--Memorandum of Conversations 3/3/92-4/28/92. Access restriction: Restricted - Possibly. NAID 366551682.","Query hit(s): Greece, Greek, Mitsotakis, Cyprus, Cypriot, Vassiliou, Denktash, Turkish, Demirel, Eastern Mediterranean, Greece / Turkey / Cyprus, memcon, memorandum of conversation. Digital object: 41-bpr-scow-pcor-memcon-91109-007.pdf. Catalog: https://catalog.archives.gov/id/366551682.",https://catalog.archives.gov/id/366551682,https://s3.amazonaws.com/NARAprodstorage/lz/presidential-libraries/bush/gb-gbs/4545941/41-bpr-scow-pcor-memcon-91109-007.pdf
,,,Regional,Source lead,564 / High-value source pool,RS 001-004,,Presidential Meetings--Memorandum of Conversations 2/1/92-2/27/92,Requested source pool: Scowcroft Papers,Greece | Greek | Mitsotakis | Cyprus | Denktash | Turkey | Turkish | Demirel | PKK | Aegean,"Source: George H.W. Bush Library, Bush Presidential Records, Brent Scowcroft Collection, Presidential Correspondence Files, Presidential Meetings--Memorandum of Conversations 2/1/92-2/27/92. Access restriction: Restricted - Possibly. NAID 366551681.","Query hit(s): Greece, Greek, Mitsotakis, Cyprus, Denktash, Turkey, Turkish, Demirel, PKK, Aegean, Greece / Turkey / Cyprus, memcon, memorandum of conversation. Digital object: 41-bpr-scow-pcor-memcon-91109-006.pdf. Catalog: https://catalog.archives.gov/id/366551681.",https://catalog.archives.gov/id/366551681,https://s3.amazonaws.com/NARAprodstorage/lz/presidential-libraries/bush/gb-gbs/4545941/41-bpr-scow-pcor-memcon-91109-006.pdf
,,,Regional,Source lead,562 / High-value source pool,RS 001-005,,Presidential Telephone Calls--Memorandum of Conversations 8/22/90-10/5/90,Requested source pool: Scowcroft Papers,Greece | Greek | Mitsotakis | Cyprus | Vassiliou | Turkey | Turkish | Ozal | Eastern Mediterranean | Greece / Turkey / Cyprus,"Source: George H.W. Bush Library, Bush Presidential Records, Brent Scowcroft Collection, Presidential Correspondence Files, Presidential Telephone Calls--Memorandum of Conversations 8/22/90-10/5/90. Access restriction: Restricted - Possibly. NAID 366551694.","Query hit(s): Greece, Greek, Mitsotakis, Cyprus, Vassiliou, Turkey, Turkish, Ozal, Eastern Mediterranean, Greece / Turkey / Cyprus, telcon, memorandum of conversation, telephone conversation. Digital object: 41-bpr-scow-pcor-telcon-91112-002.pdf. Catalog: https://catalog.archives.gov/id/366551694.",https://catalog.archives.gov/id/366551694,https://s3.amazonaws.com/NARAprodstorage/lz/presidential-libraries/bush/gb-gbs/4545941/41-bpr-scow-pcor-telcon-91112-002.pdf
,,,Regional,Source lead,557 / High-value source pool,BC 006,1989-04-01,April 1989 [2],Blackwill Chronological Files,Greece | Greek | Papandreou | Cyprus | Cypriot | Turkey | Turkish | Ozal,"Source: George H.W. Bush Library, Bush Presidential Records, National Security Council, Robert D. Blackwill Chronological Files, April 1989 [2]. Access restriction: Restricted - Possibly. NAID 453248066.","Query hit(s): Greece, Greek, Papandreou, Cyprus, Cypriot, Turkey, Turkish, Ozal, Ozal + Turkey, Aegean, Eastern Mediterranean, Greece / Turkey / Cyprus. OCR status: First four pages OCR reviewed. PDF extent: 139 pages. Digital object: 41-bpr-nsc-blackwill_chron-30542-002.pdf. Catalog: https://catalog.archives.gov/id/453248066.",https://catalog.archives.gov/id/453248066,https://s3.dualstack.us-east-1.amazonaws.com/NARAprodstorage/lz/presidential-libraries/bush/gb-nsc/blackwill/chron_2554659/41-bpr-nsc-blackwill_chron-30542-002.pdf
,,,Regional,Source lead,555 / High-value source pool,RS 001-006,,Presidential Listing of 1989-1992 Meetings/Telephone Calls,Requested source pool: Scowcroft Papers,Greece | Papandreou | Mitsotakis | Zolotas | Cyprus | Vassiliou | Turkey | Ozal | Demirel | Yilmaz,"Source: George H.W. Bush Library, Bush Presidential Records, Brent Scowcroft Collection, Brent Scowcroft Administrative Files, Presidential Listing of 1989-1992 Meetings/Telephone Calls. Access restriction: Restricted - Possibly. NAID 366552177.","Query hit(s): Greece, Papandreou, Mitsotakis, Zolotas, Cyprus, Vassiliou, Turkey, Ozal, Demirel, Yilmaz, Greece / Turkey / Cyprus. Digital object: 41-bpr-scow-admin-85038-002.pdf. Catalog: https://catalog.archives.gov/id/366552177.",https://catalog.archives.gov/id/366552177,https://s3.dualstack.us-east-1.amazonaws.com/NARAprodstorage/lz/presidential-libraries/bush/gb-gbs/74785770/41-bpr-scow-admin-85038-002.pdf
,,,Regional,Source lead,550 / High-value source pool,RS 001-007,,Presidential Meetings--Memorandum of Conversations 1/11/90-2/21/90,Requested source pool: Scowcroft Papers,Greece | Greek | Cyprus | Vassiliou | Denktash | Turkey | Turkish | Ozal | Eastern Mediterranean | Greece / Turkey / Cyprus,"Source: George H.W. Bush Library, Bush Presidential Records, Brent Scowcroft Collection, Presidential Correspondence Files, Presidential Meetings--Memorandum of Conversations 1/11/90-2/21/90. Access restriction: Restricted - Possibly. NAID 366551666.","Query hit(s): Greece, Greek, Cyprus, Vassiliou, Denktash, Turkey, Turkish, Ozal, Eastern Mediterranean, Greece / Turkey / Cyprus, memcon, memorandum of conversation. Digital object: 41-bpr-scow-pcor-memcon-91107-007.pdf. Catalog: https://catalog.archives.gov/id/366551666.",https://catalog.archives.gov/id/366551666,https://s3.amazonaws.com/NARAprodstorage/lz/presidential-libraries/bush/gb-gbs/4545941/41-bpr-scow-pcor-memcon-91107-007.pdf
,,,Regional,Source lead,546 / High-value source pool,RS 001-008,,Presidential Meetings--Memorandum of Conversations 11/13/90-12/21/90,Requested source pool: Scowcroft Papers,Greece | Greek | Mitsotakis | Cyprus | Denktash | Turkey | Turkish | Ozal | Incirlik | Greece / Turkey / Cyprus,"Source: George H.W. Bush Library, Bush Presidential Records, Brent Scowcroft Collection, Presidential Correspondence Files, Presidential Meetings--Memorandum of Conversations 11/13/90-12/21/90. Access restriction: Restricted - Possibly. NAID 366551672.","Query hit(s): Greece, Greek, Mitsotakis, Cyprus, Denktash, Turkey, Turkish, Ozal, Incirlik, Greece / Turkey / Cyprus, memcon, memorandum of conversation. Digital object: 41-bpr-scow-pcor-memcon-91108-003.pdf. Catalog: https://catalog.archives.gov/id/366551672.",https://catalog.archives.gov/id/366551672,https://s3.amazonaws.com/NARAprodstorage/lz/presidential-libraries/bush/gb-gbs/4545941/41-bpr-scow-pcor-memcon-91108-003.pdf
,,,Regional,Source lead,541 / High-value source pool,RS 001-009,,Desert Shield/Desert Storm (September 1990) Part I [2],Requested source pool: Scowcroft Papers,Greece | Greek | Papandreou | Mitsotakis | Cyprus | Turkey | Turkish | Ozal | Yilmaz | Aegean,"Source: George H.W. Bush Library, Bush Presidential Records, Brent Scowcroft Collection, Desert Shield and Desert Storm Files, Desert Shield/Desert Storm (September 1990) Part I [2]. Access restriction: Restricted - Possibly. NAID 366551957.","Query hit(s): Greece, Greek, Papandreou, Mitsotakis, Cyprus, Turkey, Turkish, Ozal, Yilmaz, Aegean, Greece / Turkey / Cyprus. Digital object: 41-bpr-scow-dsds-chr-91144-002.pdf. Catalog: https://catalog.archives.gov/id/366551957.",https://catalog.archives.gov/id/366551957,https://s3.amazonaws.com/NARAprodstorage/lz/presidential-libraries/bush/gb-gbs/4708319/41-bpr-scow-dsds-chr-91144-002.pdf
,,,Regional,Source lead,537 / High-value source pool,RS 002-001,1993-01-05 to 1993-01-05,"Tuesday, January 5, 1993 [2]",Requested source pool: Presidential Daily File,Greece | Greek | Mitsotakis | Cyprus | Cypriot | Vassiliou | Denktash | Turkey | Turkish | Demirel,"Source: George H.W. Bush Library, George H. W. Bush Papers, Presidential Daily Files, Tuesday, January 5, 1993 [2]. Access restriction: Restricted - Possibly. NAID 470418284.","Query hit(s): Greece, Greek, Mitsotakis, Cyprus, Cypriot, Vassiliou, Denktash, Turkey, Turkish, Demirel, Greece / Turkey / Cyprus. Digital object: 41-bpr-ootp-daily_files-90746-009.pdf. Catalog: https://catalog.archives.gov/id/470418284.",https://catalog.archives.gov/id/470418284,https://s3.amazonaws.com/NARAprodstorage/lz/presidential-libraries/bush/gb-gbpp/Pres_Daily_Files_595141/1993/41-bpr-ootp-daily_files-90746-009.pdf
,,,Regional,Source lead,536 / High-value source pool,RS 002-002,1991-11-22 to 1991-11-22,"Friday, November 22, 1991 [2]",Requested source pool: Presidential Daily File,Greece | Greek | Mitsotakis | Cyprus | Cypriot | Vassiliou | Turkey | Turkish | Yilmaz | Eastern Mediterranean,"Source: George H.W. Bush Library, George H. W. Bush Papers, Presidential Daily Files, Friday, November 22, 1991 [2]. Access restriction: Restricted - Possibly. NAID 470417464.","Query hit(s): Greece, Greek, Mitsotakis, Cyprus, Cypriot, Vassiliou, Turkey, Turkish, Yilmaz, Eastern Mediterranean, Greece / Turkey / Cyprus. Digital object: 41-bpr-ootp-daily_files-90635-006.pdf. Catalog: https://catalog.archives.gov/id/470417464.",https://catalog.archives.gov/id/470417464,https://s3.amazonaws.com/NARAprodstorage/lz/presidential-libraries/bush/gb-gbpp/Pres_Daily_Files_595141/1991/41-bpr-ootp-daily_files-90635-006.pdf
,,,Regional,Source lead,535 / High-value source pool,RS 001-010,,Presidential Meetings--Memorandum of Conversations 7/1/92-7/9/92,Requested source pool: Scowcroft Papers,Greece | Mitsotakis | Cyprus | Vassiliou | Denktash | Demirel | Yilmaz | Greece / Turkey / Cyprus | memcon | memorandum of conversation,"Source: George H.W. Bush Library, Bush Presidential Records, Brent Scowcroft Collection, Presidential Correspondence Files, Presidential Meetings--Memorandum of Conversations 7/1/92-7/9/92. Access restriction: Restricted - Possibly. NAID 366551684.","Query hit(s): Greece, Mitsotakis, Cyprus, Vassiliou, Denktash, Demirel, Yilmaz, Greece / Turkey / Cyprus, memcon, memorandum of conversation. Digital object: 41-bpr-scow-pcor-memcon-91110-001.pdf. Catalog: https://catalog.archives.gov/id/366551684.",https://catalog.archives.gov/id/366551684,https://s3.amazonaws.com/NARAprodstorage/lz/presidential-libraries/bush/gb-gbs/4545941/41-bpr-scow-pcor-memcon-91110-001.pdf
,,,Regional,Source lead,531 / High-value source pool,RS 001-011,,Desert Shield/Desert Storm (March 1991) [2],Requested source pool: Scowcroft Papers,Greek | Mitsotakis | Cyprus | Vassiliou | Turkey | Turkish | Ozal | Incirlik | Aegean | Greece / Turkey / Cyprus,"Source: George H.W. Bush Library, Bush Presidential Records, Brent Scowcroft Collection, Desert Shield and Desert Storm Files, Desert Shield/Desert Storm (March 1991) [2]. Access restriction: Restricted - Possibly. NAID 366551985.","Query hit(s): Greek, Mitsotakis, Cyprus, Vassiliou, Turkey, Turkish, Ozal, Incirlik, Aegean, Greece / Turkey / Cyprus. Digital object: 41-bpr-scow-dsds-chr-91147-005.pdf. Catalog: https://catalog.archives.gov/id/366551985.",https://catalog.archives.gov/id/366551985,https://s3.amazonaws.com/NARAprodstorage/lz/presidential-libraries/bush/gb-gbs/4708319/41-bpr-scow-dsds-chr-91147-005.pdf
,,,Regional,Source lead,531 / High-value source pool,RS 001-013,,Presidential Telephone Calls--Memorandum of Conversations 8/5/91-9/25/91,Requested source pool: Scowcroft Papers,Mitsotakis | Cyprus | Denktash | Turkey | Ozal | Yilmaz | Greece / Turkey / Cyprus | telcon | memorandum of conversation | telephone conversation,"Source: George H.W. Bush Library, Bush Presidential Records, Brent Scowcroft Collection, Presidential Correspondence Files, Presidential Telephone Calls--Memorandum of Conversations 8/5/91-9/25/91. Access restriction: Restricted - Possibly. NAID 366551701.","Query hit(s): Mitsotakis, Cyprus, Denktash, Turkey, Ozal, Yilmaz, Greece / Turkey / Cyprus, telcon, memorandum of conversation, telephone conversation. Digital object: 41-bpr-scow-pcor-telcon-91113-001.pdf. Catalog: https://catalog.archives.gov/id/366551701.",https://catalog.archives.gov/id/366551701,https://s3.amazonaws.com/NARAprodstorage/lz/presidential-libraries/bush/gb-gbs/4545941/41-bpr-scow-pcor-telcon-91113-001.pdf
,,,Regional,Source lead,528 / High-value source pool,RS 001-014,,Presidential Meetings--Memorandum of Conversations 10/16/91-12/17/91,Requested source pool: Scowcroft Papers,Greece | Greek | Mitsotakis | Cyprus | Vassiliou | Demirel | Yilmaz | Greece / Turkey / Cyprus | memcon | memorandum of conversation,"Source: George H.W. Bush Library, Bush Presidential Records, Brent Scowcroft Collection, Presidential Correspondence Files, Presidential Meetings--Memorandum of Conversations 10/16/91-12/17/91. Access restriction: Restricted - Possibly. NAID 366551679.","Query hit(s): Greece, Greek, Mitsotakis, Cyprus, Vassiliou, Demirel, Yilmaz, Greece / Turkey / Cyprus, memcon, memorandum of conversation. Digital object: 41-bpr-scow-pcor-memcon-91109-004.pdf. Catalog: https://catalog.archives.gov/id/366551679.",https://catalog.archives.gov/id/366551679,https://s3.amazonaws.com/NARAprodstorage/lz/presidential-libraries/bush/gb-gbs/4545941/41-bpr-scow-pcor-memcon-91109-004.pdf
,,,Regional,Source lead,527 / High-value source pool,RS 001-015,,Presidential Meetings--Memorandum of Conversations 5/17/90-6/26/90,Requested source pool: Scowcroft Papers,Greece | Greek | Papandreou | Mitsotakis | Cyprus | Vassiliou | Demirel | Greece / Turkey / Cyprus | memcon | memorandum of conversation,"Source: George H.W. Bush Library, Bush Presidential Records, Brent Scowcroft Collection, Presidential Correspondence Files, Presidential Meetings--Memorandum of Conversations 5/17/90-6/26/90. Access restriction: Restricted - Possibly. NAID 366551669.","Query hit(s): Greece, Greek, Papandreou, Mitsotakis, Cyprus, Vassiliou, Demirel, Greece / Turkey / Cyprus, memcon, memorandum of conversation. Digital object: 41-bpr-scow-pcor-memcon-91107-010.pdf. Catalog: https://catalog.archives.gov/id/366551669.",https://catalog.archives.gov/id/366551669,https://s3.amazonaws.com/NARAprodstorage/lz/presidential-libraries/bush/gb-gbs/4545941/41-bpr-scow-pcor-memcon-91107-010.pdf
,,,Regional,Source lead,524 / High-value source pool,RS 001-016,,Presidential Meetings--Memorandum of Conversations 10/3/89-12/16/89,Requested source pool: Scowcroft Papers,Greek | Cyprus | Cypriot | Vassiliou | Denktash | Turkish | Eastern Mediterranean | Greece / Turkey / Cyprus | memcon | memorandum of conversation,"Source: George H.W. Bush Library, Bush Presidential Records, Brent Scowcroft Collection, Presidential Correspondence Files, Presidential Meetings--Memorandum of Conversations 10/3/89-12/16/89. Access restriction: Restricted - Possibly. NAID 366551665.","Query hit(s): Greek, Cyprus, Cypriot, Vassiliou, Denktash, Turkish, Eastern Mediterranean, Greece / Turkey / Cyprus, memcon, memorandum of conversation. Digital object: 41-bpr-scow-pcor-memcon-91107-006.pdf. Catalog: https://catalog.archives.gov/id/366551665.",https://catalog.archives.gov/id/366551665,https://s3.amazonaws.com/NARAprodstorage/lz/presidential-libraries/bush/gb-gbs/4545941/41-bpr-scow-pcor-memcon-91107-006.pdf
,,,Regional,Source lead,515 / High-value source pool,RS 001-017,,Presidential Telephone Calls--Memorandum of Conversations 4/10/92-6/30/92,Requested source pool: Scowcroft Papers,Mitsotakis | Cyprus | Denktash | Turkey | Demirel | Greece / Turkey / Cyprus | telcon | memorandum of conversation | telephone conversation,"Source: George H.W. Bush Library, Bush Presidential Records, Brent Scowcroft Collection, Presidential Correspondence Files, Presidential Telephone Calls--Memorandum of Conversations 4/10/92-6/30/92. Access restriction: Restricted - Possibly. NAID 366551704.","Query hit(s): Mitsotakis, Cyprus, Denktash, Turkey, Demirel, Greece / Turkey / Cyprus, telcon, memorandum of conversation, telephone conversation. Digital object: 41-bpr-scow-pcor-telcon-91113-004.pdf. Catalog: https://catalog.archives.gov/id/366551704.",https://catalog.archives.gov/id/366551704,https://s3.amazonaws.com/NARAprodstorage/lz/presidential-libraries/bush/gb-gbs/4545941/41-bpr-scow-pcor-telcon-91113-004.pdf
,,,Regional,Source lead,514 / High-value source pool,RS 001-018,,Presidential Telephone Calls--Memorandum of Conversations 7/10/92-11/5/92,Requested source pool: Scowcroft Papers,Greece | Mitsotakis | Turkey | Ozal | Demirel | Greece / Turkey / Cyprus | telcon | memorandum of conversation | telephone conversation,"Source: George H.W. Bush Library, Bush Presidential Records, Brent Scowcroft Collection, Presidential Correspondence Files, Presidential Telephone Calls--Memorandum of Conversations 7/10/92-11/5/92. Access restriction: Restricted - Possibly. NAID 366551705.","Query hit(s): Greece, Mitsotakis, Turkey, Ozal, Demirel, Greece / Turkey / Cyprus, telcon, memorandum of conversation, telephone conversation. Digital object: 41-bpr-scow-pcor-telcon-91113-005.pdf. Catalog: https://catalog.archives.gov/id/366551705.",https://catalog.archives.gov/id/366551705,https://s3.amazonaws.com/NARAprodstorage/lz/presidential-libraries/bush/gb-gbs/4545941/41-bpr-scow-pcor-telcon-91113-005.pdf
,,,Regional,Source lead,511 / High-value source pool,RS 001-019,,Presidential Meetings--Memorandum of Conversations 4/19/89-5/31/89,Requested source pool: Scowcroft Papers,Greece | Greek | Papandreou | Cypriot | Vassiliou | Denktash | Greece / Turkey / Cyprus | memcon | memorandum of conversation,"Source: George H.W. Bush Library, Bush Presidential Records, Brent Scowcroft Collection, Presidential Correspondence Files, Presidential Meetings--Memorandum of Conversations 4/19/89-5/31/89. Access restriction: Restricted - Possibly. NAID 366551662.","Query hit(s): Greece, Greek, Papandreou, Cypriot, Vassiliou, Denktash, Greece / Turkey / Cyprus, memcon, memorandum of conversation. Digital object: 41-bpr-scow-pcor-memcon-91107-003.pdf. Catalog: https://catalog.archives.gov/id/366551662.",https://catalog.archives.gov/id/366551662,https://s3.amazonaws.com/NARAprodstorage/lz/presidential-libraries/bush/gb-gbs/4545941/41-bpr-scow-pcor-memcon-91107-003.pdf
,,,Regional,Source lead,505 / High-value source pool,RS 002-004,1992-11-17 to 1992-11-17,"Tuesday, November 17, 1992 [1]",Requested source pool: Presidential Daily File,Greece | Greek | Mitsotakis | Cyprus | Vassiliou | Denktash | Demirel | Greece / Turkey / Cyprus,"Source: George H.W. Bush Library, George H. W. Bush Papers, Presidential Daily Files, Tuesday, November 17, 1992 [1]. Access restriction: Restricted - Possibly. NAID 470418188.","Query hit(s): Greece, Greek, Mitsotakis, Cyprus, Vassiliou, Denktash, Demirel, Greece / Turkey / Cyprus. Digital object: 41-bpr-ootp-daily_files-90735-004.pdf. Catalog: https://catalog.archives.gov/id/470418188.",https://catalog.archives.gov/id/470418188,https://s3.amazonaws.com/NARAprodstorage/lz/presidential-libraries/bush/gb-gbpp/Pres_Daily_Files_595141/1992/41-bpr-ootp-daily_files-90735-004.pdf
,,,Regional,Source lead,502 / High-value source pool,RS 001-020,,Presidential Meetings--Memorandum of Conversations 5/1/92-6/17/92,Requested source pool: Scowcroft Papers,Greek | Cyprus | Vassiliou | Denktash | Demirel | Eastern Mediterranean | memcon | memorandum of conversation,"Source: George H.W. Bush Library, Bush Presidential Records, Brent Scowcroft Collection, Presidential Correspondence Files, Presidential Meetings--Memorandum of Conversations 5/1/92-6/17/92. Access restriction: Restricted - Possibly. NAID 366551683.","Query hit(s): Greek, Cyprus, Vassiliou, Denktash, Demirel, Eastern Mediterranean, memcon, memorandum of conversation. Digital object: 41-bpr-scow-pcor-memcon-91109-008.pdf. Catalog: https://catalog.archives.gov/id/366551683.",https://catalog.archives.gov/id/366551683,https://s3.amazonaws.com/NARAprodstorage/lz/presidential-libraries/bush/gb-gbs/4545941/41-bpr-scow-pcor-memcon-91109-008.pdf
,,,Regional,Source lead,502 / High-value source pool,RS 009-001,,[Transition Planning: Significant Anniversary Dates and The First 100 Days of Previous Administrations] [1],Requested source pool: IF Transition,Greece | Greek | Cyprus | Turkey | Turkish | Ozal | Demirel | Greece / Turkey / Cyprus | NSC/DC,"Source: George H.W. Bush Library, Bush Presidential Records, National Security Council, National Security Council (NSC) Institutional Files (IF) Transition Files, [Transition Planning: Significant Anniversary Dates and The First 100 Days of Previous Administrations] [1]. Access restriction: Restricted - Possibly. NAID 470760873.","Query hit(s): Greece, Greek, Cyprus, Turkey, Turkish, Ozal, Demirel, Greece / Turkey / Cyprus, NSC/DC. Digital object: 41-bpr-nsc-hfiles-if_trans-99016-010.pdf. Catalog: https://catalog.archives.gov/id/470760873.",https://catalog.archives.gov/id/470760873,https://s3.amazonaws.com/NARAprodstorage/lz/presidential-libraries/bush/gb-nsc/H-Files/IF_Transition_348937136/41-bpr-nsc-hfiles-if_trans-99016-010.pdf
,,,Regional,Citation/data-quality issue,fix before citation,Scout 080,1991-01-30,"President's Daily Diary Entry, January 30, 1991",NARA Scout,Name/title spelling variant: Found Turgat Ozal in scopeAndContentNote; review against preferred form Turgut Ozal.,Verify diary text against the PDF before using this wording in notes or names.,,https://catalog.archives.gov/id/186336,https://s3.amazonaws.com/NARAprodstorage/opastorage/live/36/1863/186336/content/arcmedia/media/images/40/20/40-1983a.gif
,,,Regional,Citation/data-quality issue,review,RS 001,1989-01-01 to 1993-12-31,Brent Scowcroft Papers,Requested source pool,Catalog child-harvest caveat: Catalog returned HTML for q=*&ancestorNaId=4522156&limit=200,Use the Search Within URL or direct Catalog page to continue source-pool review.,,https://catalog.archives.gov/id/4522156,
,,,Regional,Citation/data-quality issue,review,RS 004,1989-01-20 to 1993-01-20,H-Files - National Security Council (NSC) Meeting Files,Requested source pool,Catalog child-harvest caveat: Catalog returned HTML for q=*&ancestorNaId=312293887&limit=200,Use the Search Within URL or direct Catalog page to continue source-pool review.,,https://catalog.archives.gov/id/312293887,
,,,Regional,Citation/data-quality issue,review,RS 005,1989-01-20 to 1993-01-20,H-Files - National Security Council (NSC)/Deputies Committee (DC) Meetings Files,Requested source pool,Catalog child-harvest caveat: Catalog returned HTML for q=*&ancestorNaId=312294079&limit=200,Use the Search Within URL or direct Catalog page to continue source-pool review.,,https://catalog.archives.gov/id/312294079,
,,,Regional,Citation/data-quality issue,review,RS 006,1989-01-20 to 1993-01-20,H-Files - National Security Council (NSC)/Deputies Committee (DC) Meetings Follow-up Files,Requested source pool,Catalog child-harvest caveat: Catalog returned HTML for q=*&ancestorNaId=312294094&limit=200,Use the Search Within URL or direct Catalog page to continue source-pool review.,,https://catalog.archives.gov/id/312294094,
,,,Regional,Citation/data-quality issue,review,RS 007,1989-01-20 to 1993-01-20,H-Files - National Security Review (NSR) Files,Requested source pool,Catalog child-harvest caveat: Catalog returned HTML for q=*&ancestorNaId=313189297&limit=200,Use the Search Within URL or direct Catalog page to continue source-pool review.,,https://catalog.archives.gov/id/313189297,
,,,Regional,Citation/data-quality issue,review,RS 008,1989-01-20 to 1993-01-20,National Security Directives (NSD) Files,Requested source pool,Catalog child-harvest caveat: Catalog returned HTML for q=*&ancestorNaId=313189290&limit=200,Use the Search Within URL or direct Catalog page to continue source-pool review.,,https://catalog.archives.gov/id/313189290,
,,,Regional,Citation/data-quality issue,review,RS 009,1989-01-20 to 1993-01-20,National Security Council (NSC) Institutional Files (IF) Transition Files,Requested source pool,Catalog child-harvest caveat: Catalog returned HTML for q=*&ancestorNaId=348937136&limit=200,Use the Search Within URL or direct Catalog page to continue source-pool review.,,https://catalog.archives.gov/id/348937136,
